date,title,url
2025-02-11,"“Phone is company” — How the authorities routinely and forcibly remove the phones of people on the…",https://areyousyrious.medium.com/phone-is-company-how-the-authorities-routinely-and-forcibly-remove-the-phones-of-people-on-the-37d25ea7c5ee
2024-01-08,"AYS Special: Talking Palestine in Croatia",https://medium.com/are-you-syrious/ays-special-talking-palestine-in-croatia-951f56502503
2023-12-29,"AYS Special: “You forced me to claim asylum”. Baltic Pushbacks, a Personal Story",https://medium.com/are-you-syrious/ays-special-you-forced-me-to-claim-asylum-baltic-pushbacks-a-personal-story-0caeabf8df55
2023-12-26,"AYS Special: A new Search and Rescue NGO’s First Season in the Central Mediterranean",https://medium.com/are-you-syrious/ays-special-a-new-search-and-rescue-ngos-first-season-in-the-central-mediterranean-926fd9e0cbf6
2023-12-23,"AYS Special: Missing Asylum-Seeking Children, UK Home Office at fault",https://medium.com/are-you-syrious/ays-special-missing-asylum-seeking-children-uk-home-office-at-fault-a44b376b6845
2023-12-12,"AYS News Digest 11/12/23: Frontex share coordinates of refugee boats with militia group",https://medium.com/are-you-syrious/ays-news-digest-11-12-23-frontex-share-coordinates-of-refugee-boats-with-militia-group-8b70203fd274
2023-12-02,"AYS News Digest 1.12.2023: El Hiblu 3 to face terrorism charges",https://medium.com/are-you-syrious/ays-news-digest-1-12-2023-el-hiblu-3-to-face-terrorism-charges-94d2dae1a37a
2023-11-30,"AYS News Digest 29/11/23: International Day of Solidarity with the Palestinian People",https://medium.com/are-you-syrious/ays-news-digest-29-11-23-international-day-of-solidarity-with-the-palestinian-people-57ffc55bf0c4
2023-11-29,"AYS News Digest 27.11.23: Hungary ‘Office for the Defence of Sovereignty’ threatens human rights",https://medium.com/are-you-syrious/ays-news-digest-27-11-23-hungary-office-for-the-defence-of-sovereignty-threatens-human-rights-7f949d89c9c9
2023-11-23,"AYS News Digest 22/11/23: The Central Mediterranean — Deadliest year since 2017",https://medium.com/are-you-syrious/ays-news-digest-22-11-23-the-central-mediterranean-deadliest-year-since-2017-3ed98ecfd4fa
2023-11-21,"AYS News Digest 20/11/23: The continued criminalisation of sea rescue organisations",https://medium.com/are-you-syrious/ays-news-digest-20-11-23-the-continued-criminalisation-of-sea-rescue-organisations-2af314d359f0
2023-11-16,"AYS News Digest 15/11/23: Supreme Court — Rwanda is NOT a safe third country for asylum seekers",https://medium.com/are-you-syrious/ays-news-digest-15-11-23-supreme-court-rwanda-is-not-a-safe-third-country-for-asylum-seekers-da653bc21fee
2023-11-14,"AYS News Digest 13/11/23: The French Senate about to vote on an immigration bill reform",https://medium.com/are-you-syrious/ays-news-digest-1-11-23-the-french-senate-about-to-vote-on-an-immigration-bill-reform-50b05d60ea5a
2023-11-11,"AYS News Digest 10/11/23: Sleeping rough in the heart of Europe",https://medium.com/are-you-syrious/ays-news-digest-10-11-23-sleeping-rough-in-the-heart-of-europe-9d799e5c54e3
2023-11-10,"AYS News Digest 8/11/23: Asylum seekers undergo invasive body searches at EU borders",https://areyousyrious.medium.com/ays-news-digest-8-11-23-asylum-seekers-undergo-invasive-body-searches-at-eu-borders-dcb42d14f89b
2023-11-07,"AYS News Digest 6.11.23: Albania to host PoM who cross to Italy",https://medium.com/are-you-syrious/ays-news-digest-6-11-23-albania-to-host-pom-who-cross-to-italy-c3f2894dd746
2023-11-01,"AYS News Digest 30/10/23: EU to provide more boats for criminal coast guard, while people die…",https://medium.com/are-you-syrious/ays-news-digest-30-10-23-eu-to-provide-more-boats-for-criminal-coast-guard-while-people-die-f4bddd8cf7dc
2023-10-26,"AYS News Digest 25/10/23: UK government to finally charter flights for Afghan refugees in Pakistan",https://medium.com/are-you-syrious/ays-news-digest-25-10-23-uk-government-to-finally-charter-flights-for-afghan-refugees-in-pakistan-7dba66dda5fa
2023-10-24,"AYS News Digest 23/10/23: Hunger strike at Medved’ov detention center in Slovakia",https://medium.com/are-you-syrious/ays-news-digest-23-10-23-hunger-strike-at-medvedov-detention-center-in-slovakia-cd603c73b067
2023-10-19,"AYS News Digest 18/10/23: European Commission releases an EU Action Plan for the Eastern…",https://medium.com/are-you-syrious/ays-news-digest-18-10-23-european-commission-releases-an-eu-action-plan-for-the-eastern-bc569f4d059a
2023-10-17,"AYS News Digest 17/10/23: Endless news of pushbacks and death in the Aegean",https://medium.com/are-you-syrious/ays-news-digest-17-10-2023-endless-news-of-pushbacks-and-death-in-the-aegean-dc7d0b2461f9
2023-10-12,"AYS News Digest 11/10/23: How will the EU Pact impact people’s lives",https://medium.com/are-you-syrious/ays-news-digest-11-10-23-how-will-the-eu-pact-impact-the-lives-of-people-5b450c3b3cbb
2023-10-10,"AYS News Digest 09/10/23: Freedom for Palestine",https://areyousyrious.medium.com/ays-news-digest-09-10-23-freedom-for-palestine-f0aa99f0e845
2023-10-05,"AYS News Digest 5/10/2023: Two sobering anniversaries of lives lost at sea",https://medium.com/are-you-syrious/ays-news-digest-5-10-2023-two-sobering-anniversaries-of-lives-lost-at-sea-d126ed0a7045
2023-10-04,"AYS News Digest 2.10.2023: Life rafts in the Aegean indicate pushbacks",https://medium.com/are-you-syrious/ays-news-digest-2-10-2023-lift-rafts-in-the-aegean-indicate-pushbacks-daf3a232c2c0
2023-10-01,"AYS Special - Hello, I need food: What the media isn’t telling you about Greece.",https://medium.com/are-you-syrious/ays-special-hello-i-need-food-what-the-media-isnt-telling-you-about-greece-7d227c378d6e
2023-09-30,"AYS News Digest 29.09.23: Libyan Coast Guard Endanger Lives (Again)",https://medium.com/are-you-syrious/ays-news-digest-29-09-23-libyan-coast-guard-endanger-lives-again-b389cbe98f8e
2023-09-28,"AYS News Digest 27.9.2023: EU Law revision — border guards decide asylum claimants",https://medium.com/are-you-syrious/ays-news-digest-27-9-2023-eu-law-revision-border-guards-decide-asylum-claimants-4a9d38e92fc8
2023-09-26,"AYS News Digest 25/09/23: Rejected asylum applicants must pay 4938 euro to avoid detention in Italy",https://medium.com/are-you-syrious/ays-news-digest-26-09-23-rejected-asylum-applicants-must-pay-4938-euro-to-avoid-detention-in-italy-31561cdabf8
2023-09-23,"AYS News Digest 22/09/23: Violence at Sea: Libyan Coast Guard",https://medium.com/are-you-syrious/ays-news-digest-22-09-23-violence-at-sea-libyan-coast-guard-6b8d4609ef2c
2023-09-19,"AYS News Digest 19/09/23: Scandal and smoke screens ahead of Polish elections",https://areyousyrious.medium.com/ays-news-digest-19-09-23-scandal-and-smoke-screens-ahead-of-polish-elections-3588edab0102
2023-09-16,"AYS News Digest 15/9/23: Majority of EU states have yet to resettle a single refugee this year",https://medium.com/are-you-syrious/ays-news-digest-15-9-23-majority-of-eu-states-have-yet-to-resettle-a-single-refugee-this-year-3bd41c0cb6e5
2023-09-14,"AYS News Digest 13/9/23: Italian authorities risk lives of 44 people",https://medium.com/are-you-syrious/ays-news-digest-13-9-23-italian-authorities-risk-lives-of-44-people-ca3f8b479bd7
2023-09-13,"AYS News Digest 11/9/23:Misinformation and lack of transparency spark empower righ-wing…",https://medium.com/are-you-syrious/ays-news-digest-11-9-23-misinformation-and-lack-of-transparency-spark-empower-righ-wing-942638d775dd
2023-09-09,"AYS News Digest 8/9/23: Footage of Tunisian National Guard helicopter terrorising refugees",https://medium.com/are-you-syrious/ays-news-digest-8-9-23-footage-of-tunisian-national-guard-helicopter-terrorising-refugees-ca2502388239
2023-09-07,"AYS News Digest 6/09/23: Frontex acquitted by the European Court regarding the pushback of a Syrian…",https://medium.com/are-you-syrious/ays-news-digest-6-09-23-frontex-acquitted-by-the-european-court-regarding-the-pushback-of-a-syrian-5389a92a225f
2023-09-05,"AYS News Digest 4/9/23: Sustained Racist Violence in Cyprus",https://medium.com/are-you-syrious/ays-news-digest-4-9-2023-sustained-racist-violence-in-cyprus-ad915b814eeb
2023-09-03,"AYS News Digest 1/9/23: Supported by the EU, Croatia building a new police centre close to the…",https://medium.com/are-you-syrious/ays-news-digest-1-9-23-supported-by-the-eu-croatia-building-a-new-police-centre-close-to-the-4dcd2ec5f36c
2023-08-31,"AYS Digest 30/8/23: Horrific video footage of a deceased woman on the floor inside a detention…",https://medium.com/are-you-syrious/ays-digest-30-8-23-horrific-video-footage-of-a-deceased-woman-on-the-floor-inside-detention-centre-30bb27e8bb27
2023-08-29,"AYS News Digest 28.08.23: Militias, Racism and a Climate of Fear in Greece",https://medium.com/are-you-syrious/ays-news-digest-28-8-23-militias-racism-and-a-climate-of-fear-in-greece-5692741854a5
2023-08-26,"AYS News Digest 25/8/23: Violence Rises at French/Italian Border",https://medium.com/are-you-syrious/ays-news-digest-25-8-23-violence-rises-at-french-italian-border-47deea52f97
2023-08-24,"AYS News Digest 23.8.23: Greece — Right-wing extremists detaining people-on-the-move",https://areyousyrious.medium.com/ays-news-digest-23-8-23-greece-right-wing-extremists-detaining-people-on-the-move-c31f95afd4e6
2023-08-22,"AYS News Digest 22/08/23: Systematic murders by Saudi Arabian guards on the border with Yemen",https://areyousyrious.medium.com/ays-news-digest-22-08-23-systematic-murders-by-saudi-arabia-guards-on-the-border-with-yemen-d84f342e63b
2023-08-17,"AYS News Digest 16/8/23: Increased deportation from Italy to Tunisia after EU deal",https://areyousyrious.medium.com/ays-news-digest-16-8-23-increased-deportation-from-italy-to-tunisia-after-eu-deal-1c3a810952cd
2023-08-12,"AYS Digest 11/8/23: Bibby Stockholm: Another Example of the UK Government’s Incompetence and…",https://medium.com/are-you-syrious/ays-digest-11-8-23-bibby-stockholm-another-example-of-the-uk-governments-incompetence-and-7bbb3716bb5e
2023-08-09,"AYS News Digest 7/8/23: Life stories of people on board the SAR vessels",https://medium.com/are-you-syrious/ays-news-digest-7-8-23-life-stories-of-people-on-board-the-sar-vessels-c54e955c94a5
2023-08-05,"AYS Digest 04/08/23: Refugees in Tunisia left stranded in the desert, dehydrated, exhausted, and in…",https://medium.com/are-you-syrious/ays-digest-04-08-23-refugees-in-tunisia-left-stranded-in-the-desert-dehydrated-exhausted-and-in-f4cac5e6b31f
2023-08-03,"AYS News Digest 02/08/2023: Twelve years after ECHR ruled Greece violates human rights — no…",https://medium.com/are-you-syrious/ays-news-digest-02-08-2023-811cb0fdfbbd
2023-08-01,"AYS News Digest 31/09/23: ECtHR Refuses to Protect Children and Vulnerable Adults in Detention",https://medium.com/are-you-syrious/ays-news-digest-31-09-23-ecthr-refuses-to-protect-children-and-vulnerable-adults-in-detention-92351276d153
2023-07-29,"AYS News Digest 28/07/23: 901 Bodies Recovered off Tunisia",https://medium.com/are-you-syrious/ays-news-digest-28-07-23-901-bodies-recovered-off-tunisia-7f51da5ed865
2023-07-27,"AYS News Digest 27/07/23: Shipwrecks off Senegal and Malta claim 23 lives",https://areyousyrious.medium.com/ays-news-digest-27-07-23-shipwrecks-off-senegal-and-malta-claim-23-lives-c7a99743756c
2023-07-25,"AYS News Digest 24/07/23: More Deaths at the Tunisian Border as Meloni Courts Saied",https://medium.com/are-you-syrious/ays-news-digest-24-07-23-another-deaths-at-the-tunisian-as-meloni-courts-saied-e4467f91dd25
2023-07-22,"AYS News Digest 21/07/23: The UK’s recycled detention barge with its roots in slavery",https://medium.com/are-you-syrious/ays-news-digest-21-07-23-the-uks-recycled-detention-barge-with-its-roots-in-slavery-6a573ed0b065
2023-07-19,"AYS News Digest 17/7/23: EU in (another) deal with an authoritarian regime to prevent movement of…",https://medium.com/are-you-syrious/ays-news-digest-17-7-23-eu-in-another-deal-with-an-authoritarian-regime-to-prevent-movement-of-6ccb6a9cf826
2023-07-15,"AYS News Digest 14/07/23: A month after the Pylos shipwreck",https://medium.com/are-you-syrious/ays-news-digest-14-07-23-a-month-after-the-pylos-shipwreck-d32d041a6bca
2023-07-13,"AYS News Digest 12/07/23: Pylos Tragedy — where will Greece go from here?",https://areyousyrious.medium.com/ays-news-digest-12-07-23-pylos-tragedy-where-will-greece-go-from-here-7e833066672b
2023-07-11,"AYS News Digest 10.7.23: Leaked Letter: EU Commission pledges more funds for external borders",https://medium.com/are-you-syrious/ays-news-digest-10-7-23-leaked-letter-eu-commission-pledges-more-funds-for-external-borders-bdd7d6592e9d
2023-07-08,"AYS News Digest 7/07/2023: Mass expulsions of sub-Saharan people from Tunisia to Libya",https://medium.com/are-you-syrious/ays-news-digest-7-07-2023-mass-expulsions-of-sub-saharan-people-from-tunisia-to-libya-54d000e01074
2023-07-07,"AYS News Digest 5/7/23: Appeal against instrumentalisation of people on the move",https://medium.com/are-you-syrious/ays-news-digest-5-7-23-appeal-against-instrumentalisation-of-people-on-the-move-a8ac71f8800
2023-07-04,"AYS News Digest 3.7.23: Lighthouse Reports — evidence of Greek involvement in shipwreck",https://medium.com/are-you-syrious/ays-news-digest-3-7-23-lighthouse-reports-evidence-of-greek-involvement-in-shipwreck-44adc3dd6a38
2023-06-29,"AYS News Digest 29/06/23: Rwanda Deportation Plan ruled unlawful in UK Court",https://areyousyrious.medium.com/ays-news-digest-29-06-23-rwanda-deportation-plan-ruled-unlawful-in-uk-court-4eecdbb0d6dc
2023-06-27,"AYS News Digest 26/6/23: Hellenic Coast Guard beat up, shoot at, handcuff, and blindfold…",https://medium.com/are-you-syrious/ays-news-digest-26-6-23-hellenic-coast-guard-beating-up-shooting-at-handcuffing-and-ce171b2b8762
2023-06-22,"AYS News digest 21/06/23: Use of relocation procedures by EU to hinder people’s right to claim…",https://medium.com/are-you-syrious/ays-news-digest-21-06-23-use-of-relocation-procedures-by-eu-to-hinder-peoples-right-to-claim-b846f9ff95a1
2023-06-20,"AYS News Digest 20/06/2023: World Refugee Day — what do refugees think?",https://areyousyrious.medium.com/ays-news-digest-20-06-2023-world-refugee-day-what-do-refugees-think-5480a8f201ba
2023-06-15,"AYS News Digest 14/6/23: Foul play as hundreds dead after Greek shipwreck tragedy",https://medium.com/are-you-syrious/ays-news-digest-14-6-23-foul-play-as-hundreds-dead-after-greek-shipwreck-tragedy-ed5fdf891640
2023-06-13,"AYS News Digest 12/06/23: New EU agreement on migration",https://medium.com/are-you-syrious/ays-news-digest-12-06-23-new-eu-agreement-on-migration-6295f8903f84
2023-06-09,"AYS News Digest 7/06/23: A young man was shot by Turkish authorities at the border with Greece",https://medium.com/are-you-syrious/ays-news-digest-7-06-23-a-young-man-was-shot-by-turkish-authorities-at-the-border-with-greece-b66084cb0c54
2023-06-06,"AYS News Digest 5/6/2023: Yet another rescue ship detained in Italy",https://medium.com/are-you-syrious/ays-news-digest-5-6-2023-yet-another-rescue-ship-detained-in-italy-954dc15e740e
2023-06-03,"AYS News Digest 2/6/23: IRC Report on Afghanistan 2 years on — case studies, shocking statistics…",https://medium.com/are-you-syrious/ays-news-digest-2-6-23-irc-report-on-afghanistan-2-years-on-case-studies-shocking-statistics-fa54994fbe30
2023-06-01,"AYS News Digest 31/05/23: Systematic Pushbacks at Austrian-German Border",https://medium.com/are-you-syrious/ays-news-digest-31-05-23-systematic-pushbacks-at-austrian-german-border-c141e8387ad6
2023-05-30,"AYS News Digest 29/05/23: More than 20 people stranded for days at Polish-Belarusian border",https://medium.com/are-you-syrious/ays-news-digest-29-05-23-more-than-20-people-stranded-for-days-at-polish-belarus-border-bef91963e1b1
2023-05-27,"AYS News Digest 26.5.2023: Pushed back by commercial vessel",https://medium.com/are-you-syrious/ays-news-digest-26-5-2023-pushed-back-by-commercial-vessel-a4452aec0cbc
2023-05-25,"AYS News Digest 24/05/23: Marginalisation and criminalisation of asylum seekers must end; protests…",https://medium.com/are-you-syrious/ays-news-digest-24-05-23-marginalisation-and-criminalisation-of-asylum-seekers-must-end-protests-16e3aede90c2
2023-05-23,"AYS News Digest 23/05/23: Pushbacks in the Aegean, verified by video investigation",https://medium.com/are-you-syrious/ays-news-digest-23-05-23-pushbacks-in-the-aegean-verified-by-video-investigation-e0359816d56e
2023-05-18,"AYS News Digest 17/5/23: Appeal for help for 500 unaccompanied minors",https://medium.com/are-you-syrious/ays-news-digest-17-5-23-appeal-for-help-for-the-500-unaccompanied-minors-3d0e8c9efdde
2023-05-16,"AYS News Digest 16/05/23: What’s going on with Frontex? Prioritising PR over people",https://areyousyrious.medium.com/ays-news-digest-16-05-23-whats-going-on-with-frontex-prioritising-pr-over-people-b320829bf84c
2023-05-13,"AYS News Digest 13/05/2023: AI surveillance banned in Europe — except for tracking people on the…",https://areyousyrious.medium.com/ays-news-digest-13-05-2023-ai-surveillance-banned-in-europe-except-for-tracking-people-on-the-d103e7a586b0
2023-05-11,"AYS News Digest 11/05/23: Syrian refugees face mounting threats in Turkey and Lebanon",https://areyousyrious.medium.com/ays-news-digest-11-05-23-syrian-refugees-face-mounting-threats-in-turkey-and-lebanon-6900bc4669b2
2023-05-09,"AYS News Digest 8/05/23: The consequences of European involvement in border control in Sudan, Niger…",https://medium.com/are-you-syrious/ays-news-digest-8-05-23-the-consequences-of-european-involvement-in-border-control-in-sudan-niger-200097d326d3
2023-05-06,"AYS News Digest 5/5/23: Greek police shoot an unarmed man in the head, no one reports anything",https://medium.com/are-you-syrious/ays-news-digest-06-05-2023-greek-police-shoot-an-unarmed-man-in-the-head-no-one-reports-anything-1b3b90839376
2023-05-05,"AYS News Digest 3/5/23: even more deportations from Lebanon to Syria",https://medium.com/are-you-syrious/ays-news-digest-3-5-23-even-more-deportations-from-lebanon-to-syria-d91c810f445d
2023-04-29,"AYS News Digest 28/04/23: Nearly 300 deaths in the Mediterranean in the last 10 days",https://medium.com/are-you-syrious/ays-news-digest-28-04-23-nearly-300-deaths-in-the-mediterranean-in-the-last-10-days-2a7e4b09bc87
2023-04-27,"AYS News Digest 26/04/2023: Fatmata family ask for justice",https://medium.com/are-you-syrious/ays-news-digest-26-04-2023-fatmata-family-ask-for-justice-223f6f3b95ba
2023-04-25,"AYS News Digest 24.04.23: Lithuania: EC Council say Human rights must be upheld",https://medium.com/are-you-syrious/ays-news-digest-24-4-23-lithuania-ec-council-say-human-rights-must-be-upheld-66d57789b601
2023-04-22,"AYS News Digest 22/04/23: Eid al-Fitr — Celebration and joy among violence and displacement for…",https://medium.com/are-you-syrious/ays-news-digest-22-04-23-eid-al-fitr-celebration-and-joy-among-violence-and-displacement-for-c7791c931229
2023-04-20,"AYS News Digest 20/04/23: Legalisation of Pushbacks in Lithuania",https://areyousyrious.medium.com/ays-news-digest-20-04-23-legalisation-of-pushbacks-in-lithuania-70e4b31ee1a
2023-04-18,"AYS News Digest 17/04/23: The problems of the immigration and asylum system in the UK",https://medium.com/are-you-syrious/ays-news-digest-17-04-23-the-problems-of-the-immigration-and-asylum-system-in-the-uk-3be824f4b362
2023-04-13,"AYS News Digest 13/04/23: Violence against Sub-Saharans in Tunisia",https://areyousyrious.medium.com/ays-news-digest-13-04-23-violence-against-sub-saharans-in-tunisia-bb50e32b0a57
2023-04-11,"AYS News Digest 10/04/2023: 400 people waiting for rescue for days in the Mediterranean",https://medium.com/are-you-syrious/ays-news-digest-10-04-2023-400-people-waiting-for-rescue-for-days-in-the-mediterranean-e814e4dc6997
2023-04-08,"AYS News Digest 6–7/4/2023: No evidence to support UK “economic migrant” claims",https://medium.com/are-you-syrious/ays-news-digest-6-7-4-2023-no-evidence-to-support-uk-economic-migrant-claims-7ef47dfec0a5
2023-04-06,"AYS News Digest: Secret unofficial police WhatsApp group for pushbacks included Croatia’s top…",https://medium.com/are-you-syrious/ays-news-digest-secret-unofficial-police-whatsapp-group-for-pushbacks-included-croatias-top-80e0ca4b555
2023-04-05,"AYS News Digest 04/04/23: Geo Barents rescues 440 people off Malta",https://medium.com/are-you-syrious/ays-news-digest-04-04-23-geo-barents-rescues-440-people-off-malta-ee5089a9e72e
2023-04-01,"AYS News Digest 31/03/23: Worsening situation for migrant people in North Africa",https://medium.com/are-you-syrious/ays-news-digest-31-03-23-worsening-situation-for-migrant-people-in-north-africa-f4858ba159bd
2023-03-31,"AYS News Digest 29/03/23: Croatia returning people to Bosnia, everyone confused",https://medium.com/are-you-syrious/ays-news-digest-29-3-23-croatia-returning-people-to-bosnia-everyone-confused-dc012cdfc123
2023-03-28,"AYS News Digest 27/03/2023: Shots fired by Libyan coastguard during a rescue of people in distress",https://medium.com/are-you-syrious/ays-news-digest-27-03-2023-shots-fired-by-libyan-coastguards-during-a-rescue-of-people-in-distress-26c9284b32e2
2023-03-25,"AYS News Digest 24/3/23: Discrimination in Turkey-Syria Earthquake Response",https://medium.com/are-you-syrious/ays-news-digest-24-3-23-discrimination-in-turkey-syria-earthquake-response-d538012ce17b
2023-03-23,"AYS News Digest 22/3/23: 11 people on hunger strike",https://medium.com/are-you-syrious/ays-news-digest-22-3-23-11-people-on-hunger-strike-4851371b1efc
2023-03-21,"AYS News Digest 20/03/23: 20 Year Anniversary of Iraq War",https://medium.com/are-you-syrious/ays-news-digest-20-03-23-20-year-anniversary-of-iraq-war-533c3fa348a7
2023-03-18,"AYS News Digest 17/03/23: Largest scale eviction so far this year on Serbia-Hungary Border",https://medium.com/are-you-syrious/ays-news-digest-17-03-23-largest-scale-eviction-so-far-this-year-on-serbia-hungary-border-5310739d5e33
2023-03-16,"AYS News Digest 15/3/23: New deaths in the sea, old issues",https://medium.com/are-you-syrious/ays-news-digest-15-3-23-new-deaths-in-the-sea-old-issues-3398465909e7
2023-03-14,"AYS Digest 13/03/23: EU Migration Policy at Work — 2 Weeks, Three Shipwrecks, 109 dead, 37 Missing",https://medium.com/are-you-syrious/ays-digest-13-03-23-eu-migration-policy-at-work-2-weeks-three-shipwrecks-109-dead-37-missing-1f38993c00b
2023-03-11,"AYS News Digest 10/03/23: #StoptheBill",https://medium.com/are-you-syrious/ays-news-digest-10-03-23-stopthebill-f72af2d4fdc7
2023-03-09,"AYS News Digest 8.3.2023: International Women’s Day",https://medium.com/are-you-syrious/ays-news-digest-8-3-2023-international-womens-day-d78c449951d6
2023-03-05,"AYS Special: Rising Abductions of Baloch Women and Human Rights Abuses in Pakistan",https://medium.com/are-you-syrious/ays-special-rising-abductions-of-baloch-women-and-human-rights-abuses-in-pakistan-e1607e36744d
2023-03-04,"AYS News Digest 04/03/23: Strangling the Civil fleet SAR operations — how far will European…",https://medium.com/are-you-syrious/ays-news-digest-04-03-23-strangling-the-civil-fleet-sar-operations-how-far-will-european-582fd011d89f
2023-02-28,"AYS News Digest 27/02/23: The Death Toll Continues to Rise in the Med",https://medium.com/are-you-syrious/asy-news-digest-27-02-23-the-death-toll-continues-to-rise-in-the-med-a1c1b8f2fc24
2023-02-25,"AYS Digest 24/02/23 — “I couldn’t walk for 10 days”: Violence and Abuse in Greek Detention",https://medium.com/are-you-syrious/ays-digest-24-02-23-i-couldnt-walk-for-10-days-violence-and-abuse-in-greek-detention-ccb8a96bde60
2023-02-23,"AYS News Digest 22/2/23: What causes serious asylum backlog in the UK?",https://medium.com/are-you-syrious/ays-news-digest-22-2-23-what-causes-serious-asylum-backlog-in-the-uk-48ff4db7385a
2023-02-21,"AYS News Digest 20/02/23: People seeking protection died in a truck in Bulgaria",https://medium.com/are-you-syrious/ays-news-digest-20-02-23-people-seeking-protection-died-in-a-truck-in-bulgaria-d1989a38d254
2023-02-18,"AYS News Digest 17/02/23: A growing refugee crisis in Somaliland as 60,000 people flee conflict in…",https://areyousyrious.medium.com/ays-news-digest-17-02-23-a-growing-refugee-crisis-in-somaliland-as-60-000-people-flee-conflict-in-fbd4b1c17ca2
2023-02-16,"AYS News Digest 15/2/2023: Italy SAR decree becomes law",https://medium.com/are-you-syrious/ays-news-digest-15-3-2023-italy-sar-decree-becomes-law-18e6a0e3928
2023-02-14,"AYS News Digest 13/02/2023: More deaths at Europe’s borders",https://medium.com/are-you-syrious/ays-news-digest-13-02-2023-more-deaths-at-europeans-borders-7130710629af
2023-02-11,"AYS News Digest 10/02/23: EU Commission Summit — Will the EU commit to funding border fences?",https://medium.com/are-you-syrious/ays-news-digest-10-02-23-eu-commission-summit-will-the-eu-commit-to-funding-border-fences-7d1f5f2ee0a4
2023-02-09,"AYS News Digest 8/2/23: Clock ticks for rescue operations in northwest Syria and in Turkey",https://medium.com/are-you-syrious/ays-news-digest-8-2-23-clock-ticks-for-rescue-operations-in-north-west-syria-and-turkey-3ab5132bbcbb
2023-02-07,"AYS News Digest 6/2/23: Death toll in Syria and Turkey continues to rise following devastating…",https://medium.com/are-you-syrious/ays-news-digest-7-2-23-death-toll-in-syria-and-turkey-continue-to-rise-following-devastating-e36972b155e8
2023-02-05,"AYS News Digest 3/2/23: Civil Fleet ships diverted from SAR zones by Italian authorities",https://areyousyrious.medium.com/ays-news-digest-3-2-23-civil-fleet-ships-diverted-from-sar-zones-by-italian-authorities-5b15b69c0ec6
2023-02-02,"AYS News Digest 1/2/23: Decree is “contrary to Italy’s obligations under human rights and…",https://medium.com/are-you-syrious/ays-news-digest-1-2-23-decree-is-contrary-to-italys-obligations-under-human-rights-and-1e67b7210322
2023-01-31,"AYS News Digest 30/01/23: Italian government seeks stronger co-operation with Libya",https://medium.com/are-you-syrious/ays-news-digest-30-01-23-italian-government-seeks-stronger-cooperation-with-libya-b846c56515a8
2023-01-30,"AYS News Digest 27.1.23: Rwanda deportation notices served to vulnerable people",https://medium.com/are-you-syrious/ays-news-digest-27-1-23-rwanda-deportation-notices-served-to-vulnerable-people-b05af024a2e0
2023-01-26,"AYS News Digest 25/1/23: Greek Interior Minister accused of intimidation",https://medium.com/are-you-syrious/ays-news-digest-25-1-23-greek-interior-minister-accused-of-intimidation-a169d098b733
2023-01-24,"AYS Digest 24/1/23: Unaccompanied minors ‘under Home Office protection’ go missing in the UK",https://areyousyrious.medium.com/ays-digest-24-1-23-unaccompanied-minors-under-home-office-protection-go-missing-in-the-uk-d64c9b35b495
2023-01-21,"AYS News Digest 20.01.23: Refugees ignored and abandoned by the UK",https://medium.com/are-you-syrious/ays-news-digest-20-01-23-refugees-ignored-and-abandoned-by-the-uk-a5f09a79c043
2023-01-19,"AYS News Digest 18/1/23: Croatia in violation of Convention, and has to pay fire survivor, ECHR…",https://medium.com/are-you-syrious/ays-news-digest-18-1-23-croatia-in-violation-of-convention-and-has-to-pay-fire-survivor-echr-90527898ee66
2023-01-17,"AYS News Digest 16.01.2022: Evros Border Wall — with or without EU funding",https://medium.com/are-you-syrious/ays-news-digest-16-01-2022-evros-border-wall-with-or-without-eu-funding-c6909e8fb09e
2023-01-14,"AYS News Digest 13/1/23: Active rescuers vs. the inert officials — a permanent battle",https://medium.com/are-you-syrious/ays-news-digest-13-1-23-active-rescuers-vs-the-inert-officials-a-permanent-battle-2b0cfdc0faf9
2023-01-11,"AYS Digest 12/01/23: #Free Them All — A year since the attack on peaceful protesters outside UNHCR…",https://medium.com/are-you-syrious/ays-digest-12-01-23-free-them-all-a-year-since-the-attack-on-peaceful-protesters-outside-unhcr-fda6e28f4bd4
2023-01-10,"AYS News Digest 09/01/23: Trial of Human Rights Defenders in Lesvos Begins",https://medium.com/are-you-syrious/ays-news-digest-9-01-23-trial-of-human-rights-defenders-in-lesvos-begins-e986700cc7e0
2023-01-05,"AYS Special: The Black Book of Pushbacks",https://medium.com/are-you-syrious/ays-special-the-black-book-of-pushbacks-cf665ccdbb79
2023-01-02,"AYS UK Special: Another year of Home Office negligence, incompetence, and chaos",https://medium.com/are-you-syrious/ays-uk-special-another-year-of-home-office-negligence-incompetence-and-chaos-1b998fe55279
2022-12-31,"AYS Special: Climate change and migration",https://medium.com/are-you-syrious/ays-special-climate-change-and-migration-213826522f86
2022-12-29,"AYS Special from Greece: The Eye —An asylum-seeker’s account on pushbacks and life in Samos Refugee…",https://medium.com/are-you-syrious/ays-special-from-greece-the-eye-an-asylum-seekers-account-on-pushbacks-and-life-in-samos-refugee-111792b7cd1b
2022-12-27,"AYS Special: Happy Christmas and welcome to the streets",https://medium.com/are-you-syrious/ays-special-happy-christmas-and-welcome-to-the-streets-d7d40c56e42
2022-12-24,"AYS Special: Dunkirk, France — Roots reflection on the year",https://medium.com/are-you-syrious/ays-special-dunkirk-france-roots-reflection-on-the-year-9e4c17406471
2022-12-23,"AYS News Digest 22/12/22: EU Member State’s attempt to cover up their crime",https://medium.com/are-you-syrious/ays-news-digest-22-12-22-eu-member-states-attempt-to-cover-up-their-crime-510739fad7ed
2022-12-20,"AYS News Digest 20.12.2022: UK Rwanda plan “not unlawful” judges rule",https://medium.com/are-you-syrious/ays-news-digest-20-12-2022-uk-rwanda-plan-not-unlawful-judges-rule-a727a23de9de
2022-12-17,"AYS News Digest 15–16/12/22: 15 people pushed back to Turkey",https://medium.com/are-you-syrious/ays-news-digest-15-16-12-22-15-people-pushed-back-to-turkey-ab93205eb11f
2022-12-15,"AYS News Digest 14/12/22: Illegal pushbacks resume at the Italian-Slovenian border",https://medium.com/are-you-syrious/ays-news-digest-14-12-22-illegal-pushbacks-resume-at-the-italian-slovenian-border-ad94504958f3
2022-12-13,"AYS News Digest 12.12.2022: Spotlight on Bulgaria — 70 facing criminal charges",https://medium.com/are-you-syrious/ays-news-digest-12-12-2022-spotlight-on-bulgaria-70-facing-criminal-charges-7a9e79a5a071
2022-12-10,"AYS News Digest 8–9/12/2022: Akif Rasouli and Amir Zahiri Released!",https://medium.com/are-you-syrious/ays-news-digest-8-9-12-2022-akif-rasouli-and-amir-zahiri-released-c8e54c864014
2022-12-08,"AYS News Digest 7/12/22: New evictions in northern Serbia",https://medium.com/are-you-syrious/ays-news-digest-7-12-22-new-evictions-in-northern-serbia-682953c0757e
2022-12-06,"AYS News Digest 5/12/22: “No one is in touch with us. We’re hopeless.” UK fails to resettle Afghans",https://medium.com/are-you-syrious/ays-news-digest-5-12-22-no-one-is-in-touch-with-us-a0e058f356aa
2022-12-03,"AYS News Digest 2/12/22: The seizure of the rescue ship IUVENTA was a tragedy",https://medium.com/are-you-syrious/ays-news-digest-2-12-22-the-seizure-of-the-rescue-ship-iuventa-was-a-tragedy-223ce2325458
2022-12-01,"AYS News Digest 30/11/22: UK Home Office plan to rollout ‘smartwatches’ to monitor the movement of…",https://medium.com/are-you-syrious/ays-news-digest-30-11-22-uk-home-office-plan-to-rollout-smartwatches-to-monitor-the-movement-of-92277fd19c12
2022-11-29,"AYS News Digest 28/11/22: Tougher asylum rules in Austria, while EU approves plan to coordinate new…",https://medium.com/are-you-syrious/ays-news-digest-28-11-22-tougher-asylum-rules-in-austria-while-eu-approves-new-plan-to-coordinate-9b4eb48bc2da
2022-11-26,"AYS News Digest 24–25/11/22: Vigils held for people who died in the Channel",https://medium.com/are-you-syrious/ays-news-digest-24-25-11-22-vigils-held-for-people-who-died-in-the-channel-b22d118d5503
2022-11-24,"AYS News Digest 23/11/22: People on the Move in Austria, Serbia, and Croatia left freezing due to…",https://medium.com/are-you-syrious/ays-news-digest-23-11-22-people-on-the-move-in-austria-serbia-and-croatia-left-freezing-due-to-84d6fd8b8e42
2022-11-23,"AYS News Digest 21/11/22 : Fifth anniversary of litlle Madina’s death, who died after an illegal…",https://medium.com/are-you-syrious/ays-news-digest-21-11-22-fifth-anniversary-of-litlle-madinas-death-who-died-after-an-illegal-57b6ee88e207
2022-11-19,"AYS News Digest 18/11/22: Turkey restricts Afghan males from registering for residency permits",https://medium.com/are-you-syrious/ays-news-digest-18-11-22-turkey-restricts-afghan-males-from-registering-for-residency-permits-bac135838a39
2022-11-17,"AYS News Digest 16/11/22: Selectively “inclusive European cities” or the real deal?",https://medium.com/are-you-syrious/ays-news-digest-16-11-22-selectively-inclusive-european-cities-or-the-real-deal-64f0cafd6f36
2022-11-15,"AYS News Digest 14/11/2022: British and French coastguards “passed the buck” instead of saving…",https://medium.com/are-you-syrious/ays-news-digest-14-11-2022-british-and-french-coastguards-passed-the-buck-instead-of-saving-f3334ff4f105
2022-11-12,"AYS News Digest 10–11.11.22",https://medium.com/are-you-syrious/ays-new-digest-10-11-11-22-93fc5d42c3dc
2022-11-10,"AYS News Digest 9/11/2022: Rescue ships finally permitted to disembark passengers",https://medium.com/are-you-syrious/ays-news-digest-9-11-2022-rescue-ships-finally-permitted-to-disembark-passengers-be88e1825115
2022-11-09,"AYS 7/11/22: ‘Selective disembarkation’ in Italy forces some rescued people back on board",https://medium.com/are-you-syrious/ays-7-11-22-selective-disembarkation-in-italy-forces-some-rescued-people-back-on-board-5c38c740f6ff
2022-11-06,"AYS News Digest 04.11.2022:",https://medium.com/are-you-syrious/ays-news-digest-04-11-2022-b32344c02306
2022-11-03,"AYS News Digest 2/11/22: Suspicions lie behind the management of immigration in the UK",https://medium.com/are-you-syrious/ays-news-digest-2-11-22-suspicions-lie-behind-the-management-of-immigration-in-the-uk-e728e92a9e88
2022-11-02,"AYS News Digest 01/11/2022: Limbo at Sea as safe ports refused by Italy and Malta Unacceptable…",https://medium.com/are-you-syrious/ays-news-digest-01-11-2022-limbo-at-sea-as-safe-ports-refused-by-italy-and-malta-unacceptable-9b06c8812614
2022-10-29,"AYS News Digest 28/10/22: People handcuffed and injured in Lesvos",https://medium.com/are-you-syrious/ays-news-digest-28-10-22-people-handcuffed-and-injured-in-lesvos-53016c7274af
2022-10-27,"AYS Digest 26/10/22: Call for Italy to revoke the 2017 Memorandum between the Libyan and Italian…",https://medium.com/are-you-syrious/ays-digest-26-10-22-call-for-italy-to-revoke-the-2017-memorandum-between-the-libyan-and-italian-c84b456a4a36
2022-10-25,"AYS News Digest 25/10/22: Two infants found dead in the Mediterranean",https://medium.com/are-you-syrious/ays-news-digest-25-10-22-two-infants-found-dead-in-the-mediterranean-b7db883274ed
2022-10-22,"AYS Digest 21/10/22: Privilege Style Finally Comes to its Senses",https://medium.com/are-you-syrious/ays-digest-21-10-22-privilege-style-finally-comes-to-its-senses-6abda95fa69
2022-10-21,"AYS News Digest 20/10/22 : Minors left on the street: child protection is violated in France",https://medium.com/are-you-syrious/ays-news-digest-20-10-22-minors-left-on-the-street-child-protection-is-violated-in-france-e21b99010021
2022-10-18,"AYS News Digest 18/10/22: Ninety-two men found stripped naked on the Evros border",https://medium.com/are-you-syrious/ays-news-digest-18-10-22-ninety-two-men-found-stripped-naked-on-the-evros-border-68537dea2b69
2022-10-15,"AYS News Digest 14/10/22: Frontex covered up human rights violations and illegal refoulements, OLAF…",https://medium.com/are-you-syrious/ays-news-digest-15-10-22-frontex-covered-up-human-rights-violations-and-illegal-refoulements-7d5891322b25
2022-10-15,"AYS News Digest 12/10/22: Concerns tied to poor quality of asylum procedures and to breaches of…",https://areyousyrious.medium.com/ays-news-digest-12-10-22-concerns-tied-to-poor-quality-of-asylum-procedures-and-to-breaches-of-f5f9f01f3ee7
2022-10-13,"AYS News Digest 10/10/22: Serbian Interior Minister calls migrants ‘scum’ after makeshift camp…",https://medium.com/are-you-syrious/ays-news-digest-10-10-22-serbian-interior-minister-calls-migrants-scums-after-makeshift-camp-dac920e92701
2022-10-08,"AYS News Digest 7/10/22: Greece fails to provide IDs to Dublin deportees",https://medium.com/are-you-syrious/ays-news-digest-7-10-22-greece-fails-to-provide-ids-to-dublin-returnees-45f80b9b7975
2022-10-06,"AYS News Digest 5/10/22: Escaping the arbitrary detention",https://medium.com/are-you-syrious/ays-news-digest-5-10-22-escaping-the-arbitrary-detention-8eb43628fd0b
2022-10-04,"AYS News Digest 03/10/2022: Pushback from Polish hospital to Belarus",https://medium.com/are-you-syrious/ays-news-digest-03-10-2022-pushback-from-polish-hospital-to-belarus-7e4531abb4f
2022-10-02,"AYS Special from Greece: Protests on Samos CCAC shed light on procedural violations",https://medium.com/are-you-syrious/ays-special-from-greece-protests-on-samos-ccac-shed-light-on-procedural-violations-d5e7bf509c40
2022-10-01,"AYS News Digest 01/10/22: How do we talk about people on the move?",https://medium.com/are-you-syrious/ays-news-digest-01-10-22-how-do-we-talk-about-people-on-the-move-4aebc977ddfd
2022-09-29,"AYS News Digest 29/09/22: Belgium forcibly deported a young Iranian woman",https://medium.com/are-you-syrious/ays-new-digest-29-09-22-belgium-forcibly-deported-a-young-iranian-woman-27a404b32ff7
2022-09-27,"AYS News Digest 26/9/22: What will happen after the far-right win in Italy?",https://medium.com/are-you-syrious/ays-news-digest-26-9-22-what-will-happen-after-the-far-right-win-in-italy-77f88a33b848
2022-09-26,"AYS News Digest 23/09/22: Shipwreck off Syria",https://areyousyrious.medium.com/ays-news-digest-23-09-22-shipwreck-off-syria-4ed90a64de8f
2022-09-22,"AYS News Digest 21/09/2022: EU proposes suspending the right to asylum due to ‘instrumentalisation’.",https://medium.com/are-you-syrious/ays-news-digest-21-09-2022-5845eb1e3f7d
2022-09-19,"AYS News Digest 19/9/22: Climate displacement becoming ever more critical",https://medium.com/are-you-syrious/ays-news-digest-19-9-22-climate-displacement-becoming-ever-more-critical-4758ccf8a545
2022-09-18,"AYS News Digest 17/09/22: Murder in the Aegean",https://medium.com/are-you-syrious/ays-digest-17-09-22-murder-in-the-aegean-b74caf71c797
2022-09-15,"AYS New Digest 15/09/22: A young sub-Saharan woman killed by Moroccan police",https://medium.com/are-you-syrious/ays-new-digest-15-09-22-a-young-sub-saharan-woman-killed-by-moroccan-police-cdce8ad06e91
2022-09-13,"AYS News Digest 12/9/22: 6 Syrian refugees found dead on a boat that arrived at the port of…",https://medium.com/are-you-syrious/ays-news-digest-12-9-22-6-syrians-found-dead-on-a-boat-that-arrived-at-the-port-of-pozzallo-b59d309b915
2022-09-12,"AYS News Digest 10/09/22: Joint Statement from NGOs to EU Member States in opposition to the…",https://medium.com/are-you-syrious/ays-news-digest-10-09-22-joint-statement-from-ngos-to-eu-member-states-in-opposition-to-the-96946c11fc8a
2022-09-08,"AYS News Digest 07/09/2022 Germany Deportation to Pakistan",https://medium.com/are-you-syrious/ays-news-digest-07-09-2022-germany-deportation-to-pakistan-6f22d2ee8cbb
2022-09-06,"AYS New Digest 6/09/2022: A shaved cross on the heads of people on the move, border humiliations do…",https://medium.com/are-you-syrious/ays-new-digest-6-09-2022-a-shaved-cross-on-the-heads-of-people-on-the-move-border-humiliations-do-b45e72a16933
2022-09-03,"AYS News Digest 02/09/22: Seven years since the death of two-year-old Alan Kurdi",https://medium.com/are-you-syrious/ays-news-digest-02-09-22-seven-years-since-the-death-of-two-year-old-alan-kurdi-dea0eff8b5e3
2022-09-01,"AYS News Digest 31/8/22: Malta refuses sea rescues — Frontex report shows",https://medium.com/are-you-syrious/ays-news-digest-31-8-22-malta-refuses-sea-rescues-frontex-report-shows-80af1e588ab8
2022-08-31,"AYS News Digest 29/8/22: European Court of Human Rights (again) rules against officials in Hungary",https://medium.com/are-you-syrious/ays-news-digest-29-8-22-european-court-of-human-rights-again-rules-against-official-hungary-70857d33ab5
2022-08-27,"AYS News Digest 27/08/2022: Worsening conditions for refugees in Ter Apel reception centre led to…",https://medium.com/are-you-syrious/ays-news-digest-27-08-2022-worsening-conditions-for-refugees-in-ter-apel-reception-center-led-to-1675f6014bbb
2022-08-25,"AYS News Digest 24.8.2022 Border Fence and Frontex in Serbia",https://medium.com/are-you-syrious/ays-news-digest-24-8-2022-border-fence-and-frontex-in-serbia-309b1d389777
2022-08-23,"AYS News Digest 22/8/22: Pushback after pushback after pushback…",https://medium.com/are-you-syrious/ays-new-digest-22-8-22-pushback-after-pushback-after-pushback-afea0082ac2e
2022-08-21,"AYS News Digest 20/8/22: Violent of eviction of Eleonas camp begins in Athens",https://medium.com/are-you-syrious/ays-news-digest-20-8-22-violent-of-eviction-of-eleonas-camp-begins-in-athens-9db56d106a4a
2022-08-18,"AYS News Digest 18/08/22: 1500 asylum seekers and refugees forcibly displaced by the closure of…",https://medium.com/are-you-syrious/ays-news-digest-18-08-22-1500-asylum-seekers-and-refugees-forcibly-displaced-by-the-closure-of-de95c32c81c0
2022-08-16,"AYS News Digest 15/08/22: One year since the Taliban regained control of Afghanistan",https://medium.com/are-you-syrious/ays-news-digest-15-08-22-one-year-since-the-taliban-regained-control-of-afghanistan-a30ba559a5a
2022-08-14,"AYS News Digest 13/8/22: Systematic violence on the border between Hungary and Serbia",https://medium.com/are-you-syrious/ays-news-digest-13-8-22-systematic-violence-against-exiles-on-the-border-between-hungary-and-5ab6526f1082
2022-08-11,"AYS News Digest 10/8/22: A five-year-old girl died on Evros, her family still remains there…",https://medium.com/are-you-syrious/ays-news-digest-10-8-22-a-5-year-old-girl-died-on-evros-her-family-still-remains-there-helpless-869b6d619c2d
2022-08-09,"AYS News Digest 8/8/22: 35 people in danger in the middle of the sea between Italy and Malta",https://medium.com/are-you-syrious/ays-digest-06-09-08-22-35-people-in-danger-in-the-middle-of-the-sea-between-italy-and-malta-e32b6ad16216
2022-08-07,"AYS News Digest 04-06/08/22: After 9 days at sea, 659 people disembark the Geo Barents",https://medium.com/are-you-syrious/ays-news-digest-04-06-08-2022-after-9-days-at-sea-659-disembark-the-geo-barents-ab3b1f8370be
2022-08-02,"AYS News Digest 02/08/2022: Frontex drones continue to search but not to rescue",https://areyousyrious.medium.com/ays-news-digest-02-08-2022-frontex-drones-continue-to-search-but-not-to-rescue-f86c271d1457
2022-07-31,"AYS News Digest 29/07/22: Investigation reveals Frontex not only covered up but financed Greek…",https://medium.com/are-you-syrious/ays-news-digest-29-07-22-investigation-reveals-frontex-not-only-covered-up-but-financed-greek-32c0039ce61e
2022-07-26,"AYS News Digest 25.07.2022: How voluntary is IOM’s ‘voluntary return’?",https://medium.com/are-you-syrious/ays-news-digest-25-07-2022-how-voluntary-is-ioms-voluntary-return-728527797966
2022-07-23,"AYS News Digest 22/7/22: Brutal beatings, two deaths and 50 people stuck on the Evros islet",https://medium.com/are-you-syrious/ays-news-digest-22-7-22-brutal-beatings-two-deaths-and-50-people-stuck-in-the-evros-islet-f3ad3a811bdb
2022-07-20,"AYS Special from Greece: What is happening in the Mavrovouni camp on Lesvos?",https://medium.com/are-you-syrious/ays-special-from-greece-what-is-happening-in-the-mavrovouni-camp-on-lesvos-b31e6afcadb6
2022-07-19,"AYS News Digest Monday 18/7/2022–300 asylum seekers sleep outside: Netherlands",https://medium.com/are-you-syrious/ays-news-digest-monday-18-7-2022-300-asylum-seekers-sleep-outside-netherlands-cf8c834c1806
2022-07-17,"AYS Special from Croatia — Hrvatska: A Refugee must be Healthy!",https://medium.com/are-you-syrious/ays-special-from-croatia-hrvatska-a-refugee-must-be-healthy-1312bac91041
2022-07-16,"AYS Digest 15/7/2022: 5.8 million Ukrainians displaced in 4 months",https://medium.com/are-you-syrious/ays-digest-15-7-2022-5-8-million-ukrainians-displaced-in-4-months-26500d6ee63b
2022-07-15,"AYS Special from Croatia— Hrvatska: Izbjeglica mora biti zdrava!",https://medium.com/are-you-syrious/ays-special-from-croatia-hrvatska-izbjeglica-mora-biti-zdrava-edc68708be82
2022-07-15,"AYS Daily Digest 13/07/22: The EU strikes a new anti-trafficking deal with Morocco",https://medium.com/are-you-syrious/ays-daily-digest-13-07-22-the-eu-strikes-a-new-anti-trafficking-deal-with-morocco-551b94d3fe7e
2022-07-12,"AYS Special from Dunkirk and Calais — The British dream is still present",https://medium.com/are-you-syrious/ays-special-from-dunkirk-and-calais-the-british-dream-is-still-present-85d1fe6b8989
2022-07-12,"AYS Daily Digest 12/07/22: People seeking asylum in Greece murdered by governmental neglect",https://medium.com/are-you-syrious/ays-daily-digest-12-07-22-people-seeking-asylum-in-greece-murdered-by-governmental-neglect-73e4ceb5b556
2022-07-11,"AYS Special from Greece: Immediate Search and Rescue of Civilians Needed Now",https://medium.com/are-you-syrious/ays-special-from-greece-immediate-search-and-rescue-of-civilians-needed-now-84cab804c0a2
2022-07-09,"AYS News Digest 8/7/22: “Historic” ECHR ruling slams Greece over refugee treatment",https://medium.com/are-you-syrious/ays-news-digest-8-7-22-historic-echr-ruling-slams-greece-over-refugee-treatment-46b61b217bc0
2022-07-07,"AYS News Digest 6/7/22: Rohingya child challenges Croatia and Slovenia over violent pushbacks",https://medium.com/are-you-syrious/ays-news-digest-6-7-22-rohingya-child-challenges-croatia-and-slovenia-over-violent-pushbacks-a12dcf649db8
2022-07-04,"AYS News Digest 4/7/2022: 306 asylum seekers are waiting to disembark from the SOS Med Ocean Viking",https://medium.com/are-you-syrious/ays-news-digest-4-7-2022-306-asylum-seekers-are-waiting-to-disembark-from-the-sos-med-ocean-viking-1ff5f03eae9
2022-07-03,"AYS Special from Greece: Human rights defenders targets of defamation and media smear campaigns",https://medium.com/are-you-syrious/ays-special-from-greece-human-rights-defenders-targets-of-defamation-and-media-smear-campaigns-2db92bc6c791
2022-07-02,"AYS News Digest 1/7/22: European court decided- no right to detain people just because they…",https://medium.com/are-you-syrious/ays-news-digest-7-7-22-european-court-decided-no-right-to-detain-people-just-because-they-entered-393daca19934
2022-06-30,"AYS News Digest 29.06.2022: Greek Police are using migrants as ‘slaves’ to conduct pushbacks",https://medium.com/are-you-syrious/ays-news-digest-29-06-2022-greek-police-are-using-migrants-as-slaves-to-conduct-pushbacks-67dba3dcd6d
2022-06-28,"AYS News Digest 27/6/2022: UK Government hides exact numbers of asylum seeker deaths in Home Office…",https://medium.com/are-you-syrious/ays-news-digest-27-6-2022-uk-government-hides-exact-numbers-of-asylum-seeker-deaths-in-home-office-7044fd222609
2022-06-25,"AYS News Digest 24/6/22: Deaths at the border with Spain",https://medium.com/are-you-syrious/ays-news-digest-24-6-22-deaths-at-the-border-with-spain-44683109e846
2022-06-23,"AYS New Digest 22/6/2022: #DroptheCharges — the trial of M.M. has been further postponed",https://medium.com/are-you-syrious/ays-new-digest-22-6-2022-dropthecharges-the-trial-of-m-m-has-been-further-postponed-91c959d5f69d
2022-06-19,"AYS News Digest 17/6/22: ‘The Life of Others’ scenario continues — the Greek story",https://medium.com/are-you-syrious/ays-news-digest-17-6-22-the-life-of-others-scenario-continues-the-greek-story-3399dbcb45dc
2022-06-16,"AYS News Digest 15/06/2022: UK Rwanda flight cancelled by ECHR",https://areyousyrious.medium.com/ays-news-digest-15-06-2022-uk-rwanda-flight-cancelled-by-echr-5edf6c22bed
2022-06-11,"AYS News Digest 10/6/22: Immediate evacuation from the Evros islet is a matter of urgency",https://medium.com/are-you-syrious/ays-news-digest-10-6-22-immediate-evacuation-from-the-evros-islet-is-a-matter-of-urgency-d8cafc5c05a7
2022-06-09,"AYS News Digest 8/6/22: Austrian Supreme Court confirms — police carried out an illegal pushback",https://medium.com/are-you-syrious/ays-news-digest-8-6-22-austrian-supreme-court-confirms-police-carried-out-an-illegal-pushback-6a9392f541a1
2022-06-07,"AYS News Digest: 6.06.2022 Tensions rise between Greece and Turkey",https://areyousyrious.medium.com/ays-news-digest-6-06-2022-tensions-rise-between-greece-and-turkey-a825f58a2ce3
2022-06-05,"AYS News Digest 3/6/22: UK insists on the Rwanda plans, in spite of clear data and hunger strikes",https://medium.com/are-you-syrious/ays-news-digest-3-6-22-uk-insists-on-the-rwanda-plans-in-spite-of-clear-data-and-hunger-strikes-750f1ebf638c
2022-06-02,"AYS News Digest 1/6/2022: Schengen Borders Code challenged by joint report",https://areyousyrious.medium.com/ays-news-digest-1-6-2022-schengen-borders-code-challenged-by-joint-report-4b80ffed37aa
2022-05-31,"AYS News Digest 30/5/22: Is drone regulation really the priority in Libya?",https://medium.com/are-you-syrious/ays-news-digest-30-5-22-is-drone-regulation-really-the-priority-in-libya-beaec69ac6fd
2022-05-28,"AYS News Digest 27/5/22: Greek police shot with rubber bullets at two people — report",https://medium.com/are-you-syrious/ays-news-digest-27-5-22-greek-police-shot-with-rubber-bullets-at-two-people-report-edd1ca7eaf5d
2022-05-26,"AYS News Digest 25/5/22: Demanding equal treatment for all refugees from Ukraine",https://medium.com/are-you-syrious/ays-news-digest-25-5-22-demanding-equal-treatment-for-all-refugees-from-ukraine-1f4a2c44accb
2022-05-24,"AYS News Digest 23/5/22: International civil society calls out the Slovenian government",https://medium.com/are-you-syrious/ays-news-digest-23-5-22-international-civil-society-calls-out-the-slovenian-government-98637a4ce056
2022-05-23,"AYS News Digest 20/5/22: Greece: Dysfunctional democracy and asylum system",https://medium.com/are-you-syrious/ays-news-digest-20-5-22-greece-dysfunctional-democracy-and-asylum-system-b5a59a90cfed
2022-05-19,"AYS News Digest 18/5/22: NGOs at the UN, highlighting the mass proliferation of violence and…",https://medium.com/are-you-syrious/ays-news-digest-18-5-22-ngos-at-the-un-highlighting-the-mass-proliferation-of-violence-and-a6c922b2f1fb
2022-05-19,"AYS Special from Greece: 43 Million Euros for no water",https://medium.com/are-you-syrious/ays-special-from-greece-43-million-euros-for-no-water-9a27b897ae38
2022-05-17,"AYS News Digest 16/05/2022: Switzerland vote to increased Frontex funding",https://areyousyrious.medium.com/ays-news-digest-16-05-2022-switzerland-vote-to-increased-frontex-funding-65c6be4c193
2022-05-14,"AYS News Digest 13/5/22: Frontex and Switzerland — After many reports and denouncing, it’s the…",https://medium.com/are-you-syrious/ays-news-digest-13-5-22-frontex-and-switzerland-after-many-reports-and-denouncing-its-the-cc9e05083cab
2022-05-14,"AYS News Digest 13/5/22: Frontex and Switzerland — After many reports and denouncing, it’s the…",https://medium.com/are-you-syrious/ays-news-digest-13-5-22-frontex-and-switzerland-after-many-reports-and-denouncing-its-the-66a987eb8990
2022-05-12,"AYS Digest 11/5/22: 2,500 asylum seekers and refugees being held in prolonged, inhumane detention…",https://medium.com/are-you-syrious/ays-digest-11-5-22-2-500-asylum-seekers-and-refugees-being-held-in-prolonged-inhumane-detention-a882087ec876
2022-05-11,"AYS News Digest 9/5/22: EU threatens Switzerland on Frontex, as the regular citizens plant…",https://medium.com/are-you-syrious/ays-news-digest-9-5-22-eu-threatens-switzerland-on-frontex-as-the-regular-citizens-plant-6545404ee256
2022-05-10,"AYS News Digest 9/5/22: EU threatens Switzerland on Frontex, as the regular citizens plant…",https://medium.com/are-you-syrious/ays-news-digest-9-5-22-eu-threatends-switzerland-on-frontex-as-the-regular-citizents-plant-ee04967c13ac
2022-05-08,"AYS News Digest 6/5/22: Survivors of a shipwreck in Greece facing 439 years in prison",https://medium.com/are-you-syrious/ays-news-digest-6-5-22-survivors-of-a-shipwreck-in-greece-facing-439-years-in-prison-30cca1556e27
2022-05-05,"AYS News Digest 4/5/2022: How much of an impact will Leggeri’s resignation have on the approach…",https://medium.com/are-you-syrious/ays-news-digest-4-5-2022-how-much-of-an-impact-will-leggeris-resignation-have-on-the-approach-ed9a5942b541
2022-05-03,"AYS News Digest 03/05/2022: Police Operation against PoM in Thessaloniki",https://areyousyrious.medium.com/ays-news-digest-03-05-2022-police-operation-against-pom-in-thessaloniki-45acdc0d3da1
2022-04-28,"AYS News Digest 27/04/2022: Proof of Frontex Pushbacks",https://areyousyrious.medium.com/ays-news-digest-27-04-2022-proof-of-frontex-pushbacks-5bf96303f605
2022-04-27,"AYS News Digest 25/4/22: 541 people arrested by the Libyan authorities — back to detention and…",https://medium.com/are-you-syrious/ays-news-digest-25-4-22-541-people-arrested-by-the-libyan-authorities-back-to-detention-and-24eb509fb079
2022-04-25,"AYS News Digest 22/4/22: What lies behind the UK-Rwanda deal",https://medium.com/are-you-syrious/ays-news-digest-22-4-22-what-lies-behind-the-uk-rwanda-deal-60d955054c6b
2022-04-24,"AYS News Digest 22/4/22: What lies behind the UK-Rwanda deal",https://medium.com/are-you-syrious/ays-news-digest-22-4-22-what-lies-behind-the-uk-rwanda-deal-ef8f8b604bed
2022-04-21,"AYS Digest 20/4/2022: Outsourcing responsibility of refugees and asylum seekers — a deeply flawed…",https://medium.com/are-you-syrious/ays-digest-20-4-2022-outsourcing-responsibility-of-refugees-and-asylum-seekers-a-deeply-flawed-1334d964017b
2022-04-19,"AYS News Digest 18/4/22: Detained children in the ‘heart of Europe’",https://medium.com/are-you-syrious/ays-news-digest-18-4-22-detained-children-in-the-heart-of-europe-1771fe18d637
2022-04-17,"AYS News Digest 15/4/22: Minors in the border area with Belarus need urgent support",https://medium.com/are-you-syrious/ays-news-digest-15-4-22-minors-in-the-border-area-with-belarus-need-urgent-support-a001ad8dc91d
2022-04-16,"AYS News Digest 15/4/22: Minors in the border area with Belarus need urgent support",https://medium.com/are-you-syrious/ays-news-digest-15-4-22-minors-in-the-border-area-with-belarus-need-urgent-support-c06cb1a6591b
2022-04-14,"AYS News Digest 13/04/2022: Unconscious youth at Polish border",https://medium.com/are-you-syrious/ays-news-digest-13-04-2022-unconscious-youth-at-polish-border-43bb843947e3
2022-04-12,"AYS News Digest 11/4/22: The Council of Europe to member states’ governments: Stop pushbacks at EU…",https://medium.com/are-you-syrious/ays-news-digest-11-4-22-the-council-of-europe-to-member-states-governments-stop-pushbacks-at-eu-b4dd01037cf9
2022-04-07,"AYS News Digest 6/4/22: A rise in violence against Ukrainian refugees in Germany",https://medium.com/are-you-syrious/ays-news-digest-6-4-22-increased-violence-against-ukrainian-refugees-in-germany-d09142e9bcdf
2022-04-06,"AYS News Digest 4/4/22: As the war rages, so does the racism and violent discrimination",https://medium.com/are-you-syrious/ays-news-digest-4-4-22-as-the-war-rages-so-does-the-racism-and-violent-discrimination-5f1e5d4c32f3
2022-04-02,"AYS News Digest 1/4/22: Approved interim measures for people stuck between Turkey and Greece, but…",https://medium.com/are-you-syrious/ays-news-digest-1-4-22-approved-interim-measures-for-people-stuck-between-turkey-and-greece-but-24a89862f75a
2022-04-02,"AYS News Digest 1/4/22: Approved interim measures for people stuck between Turkey and Greece, but…",https://medium.com/are-you-syrious/ays-news-digest-1-4-22-approved-interim-measures-for-people-stuck-between-turkey-and-greece-but-182bf88cf5c9
2022-03-31,"AYS News Digest 30/3/2022: The UK Home Office seized 2000 asylum seekers’ phones under an unlawful…",https://medium.com/are-you-syrious/ays-news-digest-30-3-2022-the-uk-home-office-seized-2000-asylum-seekers-phones-under-an-unlawful-371149ff7ac5
2022-03-30,"AYS News Digest 28/3/22: New testimonies of abuses by Polish Border Guards",https://medium.com/are-you-syrious/ays-news-digest-28-3-22-new-testimonies-of-abuses-by-polish-border-guards-62fdd28c224c
2022-03-29,"AYS News Digest 28/3/22: New testimonies of abuses by Polish Border Guards",https://medium.com/are-you-syrious/ays-news-digest-28-3-22-new-testimonies-of-abuses-by-polish-border-guards-dd67cd5da73b
2022-03-26,"AYS News Digest 25/3/22: Poland activists detained for helping at Belarus border",https://medium.com/are-you-syrious/ays-news-digest-25-3-22-poland-activists-detained-for-helping-at-belarus-border-ca2805ae2053
2022-03-26,"AYS News Digest 25/3/22: Poland activists detained for helping at Belarus border",https://medium.com/are-you-syrious/ays-news-digest-25-3-22-poland-activists-detained-for-helping-at-belarus-border-310ccf34e7fd
2022-03-24,"AYS News Digest 23/3/22: Mother and 13-year-old daughter deported after 10 years in Germany",https://medium.com/are-you-syrious/ays-news-digest-23-3-22-mother-and-13-year-old-daughter-deported-after-10-years-in-germany-8eebd8cb89a2
2022-03-22,"AYS News Digest: 21/03/2022 Emergency conditions ignored at Poland-Belarus Border",https://medium.com/are-you-syrious/ays-news-digest-21-03-2022-emergency-conditions-ignored-at-poland-belarus-border-c152c6a8c55b
2022-03-20,"AYS Special from Greece: 6 problems with the EU-Turkey Deal",https://medium.com/are-you-syrious/ays-special-from-greece-6-problems-with-the-eu-turkey-deal-ff1ef0b14509
2022-03-20,"AYS Special from Greece: 6 problems with the EU-Turkey Deal",https://medium.com/are-you-syrious/ays-special-from-greece-6-problems-with-the-eu-turkey-deal-c7b06703df8a
2022-03-19,"AYS News Digest 18/03/2022: A final blow for Frontex boss Leggeri?",https://medium.com/are-you-syrious/ays-news-digest-18-03-2022-a-final-blow-for-frontex-boss-leggeri-7c9e4717dce2
2022-03-19,"AYS News Digest 18/03/2022: A final blow for Frontex boss Leggeri?",https://medium.com/are-you-syrious/ays-news-digest-18-03-2022-a-final-blow-for-frontex-boss-leggeri-4d6a7f9f2a06
2022-03-17,"AYS News Digest 16/03/22: There is no such a thing as a “bad” refugee",https://medium.com/are-you-syrious/ays-news-digest-16-03-2022-there-is-no-bad-refugee-47c9cf9d7221
2022-03-15,"AYS News Digest 14/3/22: Discrimination of the stateless people fleeing Ukraine indicative of the…",https://medium.com/are-you-syrious/ays-news-digest-14-3-22-discrimination-of-the-stateless-people-fleeing-ukraine-indicative-of-the-afca05582e69
2022-03-12,"AYS News Digest 11/03/2022: Frontex expansion continues unchecked while fraud investigation…",https://medium.com/are-you-syrious/ays-news-digest-11-03-2022-frontex-expansion-continues-unchecked-while-fraud-investigation-46bed6c37fea
2022-03-12,"AYS News Digest 11/03/2022: Frontex fraud investigation findings are censored",https://medium.com/are-you-syrious/ays-news-digest-11-03-2022-frontex-fraud-investigation-findings-are-censored-6bab0f12c672
2022-03-10,"AYS News Digest 9/3/22: An unborn child died because of illegal detention for the purpose of a…",https://medium.com/are-you-syrious/ays-news-digest-9-3-22-an-unborn-child-died-because-of-illegal-detention-for-the-purpose-of-a-9f56e9b580d0
2022-03-08,"AYS News Digest 07/03/2022: Whose wars count?",https://medium.com/are-you-syrious/ays-news-digest-07-03-2022-whose-wars-count-28d924c325e1
2022-03-06,"AYS Special from Austria: “It’s the beginning of a new crisis”",https://medium.com/are-you-syrious/ays-special-from-austria-its-the-beginning-of-a-new-crisis-c8c1269a8695
2022-03-06,"AYS Special from Austria: “It’s the beginning of a new crisis”",https://medium.com/are-you-syrious/ays-special-from-austria-its-the-beginning-of-a-new-crisis-9b8d30e98e0a
2022-03-05,"AYS News Digest 04/03/2022: Temporary Protection Directive reveals double-standard refugee law",https://medium.com/are-you-syrious/ays-news-digest-04-03-2022-temporary-protection-directive-reveals-double-standard-refugee-law-55c4be103ac2
2022-03-05,"AYS News Digest 04/03/2022: Temporary Protection Directive reveals double-standard refugee law",https://medium.com/are-you-syrious/ays-news-digest-04-03-2022-temporary-protection-directive-reveals-double-standard-refugee-law-6eb92d0432eb
2022-03-03,"AYS News Digest 2/3/22: The EU’s Emergency Plan to Support Ukrainian Refugees",https://medium.com/are-you-syrious/ays-digest-2-3-22-the-eus-emergency-plan-to-support-ukrainian-refugees-2bf2d7bfd972
2022-03-01,"AYS News Digest 28/2/22: Structural forms of violence in the management of migration and asylum in…",https://medium.com/are-you-syrious/ays-news-digest-28-2-22-structural-forms-of-violence-in-the-management-of-migration-and-asylum-in-1078502b4ff
2022-03-01,"AYS News Digest 28/2/22: Structural forms of violence in the management of migration and asylum in…",https://medium.com/are-you-syrious/ays-news-digest-28-2-22-structural-forms-of-violence-in-the-management-of-migration-and-asylum-in-e042764da7a6
2022-02-27,"AYS Special from Lithuania: “They treat you like criminals”",https://medium.com/are-you-syrious/ays-special-from-lithuania-they-treat-you-like-criminals-5f67a4e80b5f
2022-02-27,"AYS Special from Lithuania: “They treat you like criminals”",https://medium.com/are-you-syrious/ays-special-from-lithuania-they-treat-you-like-criminals-2c0f9a63b395
2022-02-26,"AYS News Digest 25/2/22: Afghans and other people who had found refuge in Ukraine are now among…",https://medium.com/are-you-syrious/ays-news-digest-25-2-22-afghans-and-other-people-who-had-found-refuge-in-ukraine-are-now-among-bcd1ab7b5a06
2022-02-26,"AYS News Digest 23/2/22: After the Taliban-takover more Afghans arrive in Europe",https://medium.com/are-you-syrious/ays-news-digest-23-2-22-after-the-taliban-takover-more-afghans-arrive-in-europe-8e7222c1ab1d
2022-02-24,"AYS News Digest 23/2/22: After the Taliban-takover more Afghans arrive in Europe",https://medium.com/are-you-syrious/ays-news-digest-23-2-22-after-the-taliban-takover-more-afghans-arrive-in-europe-3fadf20e4a10
2022-02-23,"AYS News Digest 21/2/22: A minor who had been pushed back wins appeal in Austrian Court",https://medium.com/are-you-syrious/ays-news-digest-21-2-22-a-minor-who-had-been-pushed-back-wins-appeal-in-austrian-court-53c52618c3d6
2022-02-22,"AYS News Digest 21/2/22: A minor who had been pushed back wins appeal in Austrian Court",https://medium.com/are-you-syrious/ays-news-digest-21-2-22-a-minor-who-had-been-pushed-back-wins-appeal-in-austrian-court-704743af4ff9
2022-02-19,"AYS News Digest 18/02/22: Two men thrown overboard by Hellenic coastguard and drowned highlight a…",https://medium.com/are-you-syrious/ays-news-digest-18-02-22-2-deaths-thrown-overboard-by-hellenic-coastguard-shine-a-light-on-new-228ca567c017
2022-02-17,"AYS News Digest: Forcible Returns from Turkey to Syria",https://medium.com/are-you-syrious/ays-news-digest-forcible-returns-from-turkey-to-syria-fcab089a6fe1
2022-02-15,"AYS News Digest 12–14/02/22: Demonstration in Poland outside POM detention facility sees arrests…",https://medium.com/are-you-syrious/ays-news-digest-12-14-02-22-demonstration-in-poland-outside-pom-detention-facility-sees-arrests-9450e1d20fdc
2022-02-15,"AYS News Digest 12–14/02/22: Demonstration in Poland outside POM detention facility sees arrests…",https://medium.com/are-you-syrious/ays-news-digest-12-14-02-22-demonstration-in-poland-outside-pom-detention-facility-sees-arrests-2fc8f869e7b0
2022-02-13,"AYS Special from Turkey: Deportations to Syria",https://medium.com/are-you-syrious/ays-special-from-turkey-deportations-to-syria-e2ea70e20b14
2022-02-12,"AYS News Digest 10–11/2/2022: Eviction in Calais",https://medium.com/are-you-syrious/ays-news-digest-10-11-2-2022-eviction-in-calais-458cb08b0
2022-02-10,"AYS News Digest 9/2/22: Precarious situation at Serbian/Romanian border",https://medium.com/are-you-syrious/ays-news-digest-9-2-22-precarious-situation-at-serbian-romanian-border-bdf11db98d9d
2022-02-09,"AYS Daily Digest 7/2/22: ‘Watch out for the cameras’: an instruction to the border police doing…",https://medium.com/are-you-syrious/ays-daily-digest-7-2-22-watch-out-for-the-cameras-an-instruction-to-the-border-police-doing-25fa34f40bed
2022-02-08,"AYS Daily Digest 7/2/22: ‘Watch out for the cameras’: an instruction to the border police doing…",https://medium.com/are-you-syrious/ays-daily-digest-7-2-22-watch-out-for-the-cameras-an-instruction-to-the-border-police-doing-1102d5eb6c2
2022-02-06,"AYS Special from Greece: “I cannot swim.”",https://medium.com/are-you-syrious/ays-special-from-greece-i-cannot-swim-196079f4e48e
2022-02-06,"AYS Special from Greece: “I cannot swim.”",https://medium.com/are-you-syrious/ays-special-from-greece-i-cannot-swim-bf1b1bd091eb
2022-02-04,"AYS News Digest: 1–2.2.2022 Amnesty International: Withdraw EU connection from Libya",https://medium.com/are-you-syrious/ays-news-digest-1-2-2-2022-amnesty-international-withdraw-eu-connection-from-libya-f124e62d7251
2022-02-03,"AYS News Digest: 1–2.2.2022 Amnesty International: Withdraw EU connection from Libya",https://medium.com/are-you-syrious/ays-news-digest-1-2-2-2022-amnesty-international-withdraw-eu-connection-from-libya-66f6a85a8dba
2022-02-01,"AYS News Digest 31/01/22: Group of Syrians trapped for a second time this month on Evros river…",https://medium.com/are-you-syrious/ays-news-digest-31-01-22-group-of-syrians-trapped-for-a-second-time-this-month-on-evros-river-e4b1f2cc2484
2022-02-01,"AYS News Digest 31/01/22: Group of Syrians trapped for a second time this month on Evros river…",https://medium.com/are-you-syrious/ays-news-digest-31-01-22-group-of-syrians-trapped-for-a-second-time-this-month-on-evros-river-975b32d0be8d
2022-01-30,"AYS Special: Can I claim asylum in Greece?",https://medium.com/are-you-syrious/ays-special-can-i-claim-asylum-in-greece-e0d4ea0b9467
2022-01-29,"AYS News Digest 29/1/22: Court case reveals how tourist boats were turned into “floating prisons”…",https://medium.com/are-you-syrious/ays-news-digest-29-1-22-court-case-reveals-how-tourist-boats-were-turned-to-floating-prisons-in-31da275ab953
2022-01-28,"AYS News Digest 24/1/22: Exposing torture suffered at the Turkish-Iranian border",https://medium.com/are-you-syrious/ays-news-digest-24-1-22-exposing-torture-suffered-at-the-turkish-iranian-border-d22464da9e7b
2022-01-27,"AYS News Digest 26/01/22: EU will continue supporting criminal deal with Libya",https://medium.com/are-you-syrious/ays-news-digest-26-01-22-eu-will-continue-supporting-criminal-deal-with-libya-68e5ef0668d4
2022-01-25,"AYS News Digest 24/1/22: Exposing torture suffered at the Turkish-Iranian border",https://medium.com/are-you-syrious/ays-news-digest-24-1-22-exposing-torture-suffered-at-the-turkish-iranian-border-e6b4f9775885
2022-01-25,"AYS News Digest 24/1/22: Exposing torture suffered at the Turkish-Iranian border",https://medium.com/are-you-syrious/ays-news-digest-24-1-22-exposing-torture-suffered-at-the-turkish-iranian-border-de02406e2083
2022-01-22,"AYS News Digest 21/01/21: Poland’s top court rules media ban at border illegal, but ban will likely…",https://medium.com/are-you-syrious/ays-news-digest-21-01-21-polands-top-court-rules-media-ban-at-border-illegal-but-ban-will-likely-fcd2805a72e9
2022-01-22,"AYS News Digest 21/01/21: Poland’s top court rules media ban at border illegal, but ban will likely…",https://medium.com/are-you-syrious/ays-news-digest-21-01-21-polands-top-court-rules-media-ban-at-border-illegal-but-ban-will-likely-b80db3494938
2022-01-19,"AYS News Digest 17/01/2021: 25,000 people lost in Greek statistics",https://medium.com/are-you-syrious/ays-news-digest-17-01-2021-25-000-people-lost-in-greek-statistics-70f2b678b4c0
2022-01-18,"AYS News Digest 17/01/2021: 25,000 people lost in Greek statistics",https://medium.com/are-you-syrious/ays-news-digest-17-01-2021-25-000-people-lost-in-greek-statistics-f9ba4e7a4a31
2022-01-15,"AYS News Digest 14/01/2021: Former Syrian colonel guilty of crimes against humanity",https://medium.com/are-you-syrious/ays-news-digest-14-01-2021-former-syrian-colonel-guilty-of-crimes-against-humanity-eb01ae6c398
2022-01-15,"AYS News Digest 14/01/2021: Former Syrian colonel guilty of crimes against humanity",https://medium.com/are-you-syrious/ays-news-digest-14-01-2021-former-syrian-colonel-guilty-of-crimes-against-humanity-d6a535a74226
2022-01-13,"AYS News Digest 12/1/22: Syrians flee Denmark in fear of deportation — a dilemma for EU governments",https://medium.com/are-you-syrious/ays-news-digest-10-1-22-syrians-flee-denmark-in-fear-of-deportation-a-dilemma-for-eu-governments-8eb20a3d82b4
2022-01-11,"AYS News Digest 10/1/22: Attacks and detention as the latest fruit of the EU’s deal with Libya",https://medium.com/are-you-syrious/ays-news-digest-10-1-22-attacks-and-detention-as-the-latest-fruit-of-the-eus-deal-with-libya-7d6185afbbd6
2022-01-10,"AYS Special from Montenegro: Bona Fide, Safety in Vukojebina",https://medium.com/are-you-syrious/ays-special-from-montenegro-bona-fide-safety-in-vukojebina-6ef8c2c1c737
2022-01-09,"AYS Special: ‘Salut, camarade’: Solidarity and inequality in the Central Mediterranean",https://medium.com/are-you-syrious/ays-special-salut-camarade-solidarity-and-inequality-in-the-central-mediterranean-a7ae805465f3
2022-01-09,"AYS Special: ‘Salut, camarade’: Solidarity and inequality in the Central Mediterranean",https://medium.com/are-you-syrious/ays-special-salut-camarade-solidarity-and-inequality-in-the-central-mediterranean-7d8524a1737a
2022-01-08,"AYS Special: Choose Love? — but not in France",https://medium.com/are-you-syrious/ays-special-choose-love-but-not-in-france-499d304df742
2022-01-08,"AYS Special: Choose Love?— but not in France",https://medium.com/are-you-syrious/ays-special-choose-love-but-not-in-france-b4a301b1c26e
2022-01-06,"AYS Special from Europe: Top Picks from 2021.",https://medium.com/are-you-syrious/ays-special-from-europe-top-picks-from-2021-69911643f2a4
2022-01-04,"AYS Special from Serbia, Turkey and Greece: Cubans on the move",https://medium.com/are-you-syrious/ays-special-from-serbia-turkey-and-greece-cubans-on-the-move-38e6b174c69c
2022-01-02,"Frontex and Human Rights 2021: A reading list",https://medium.com/are-you-syrious/frontex-and-human-rights-2021-a-reading-list-7c2d5cf132a9
2022-01-02,"Frontex and Human Rights 2021: A reading list",https://medium.com/are-you-syrious/frontex-and-human-rights-2021-a-reading-list-576962d73853
2022-01-01,"AYS Special: Frontex and Human Rights — How did we arrive here? Part 4 (2021)",https://medium.com/are-you-syrious/ays-special-frontex-and-human-rights-how-did-we-arrive-here-part-4-2021-7fb861cce232
2021-12-30,"AYS Special from the United Kingdom: Rhetoric vs Reality.",https://medium.com/are-you-syrious/ays-special-from-the-united-kingdom-rhetoric-vs-reality-20de647a3ad5
2021-12-29,"AYS Special: Frontex and Human Rights — How did we arrive here? Part 4 (2021)",https://medium.com/are-you-syrious/ays-special-frontex-and-human-rights-how-did-we-arrive-here-part-4-2021-9d58c562448f
2021-12-28,"AYS Special: Frontex and Human Rights — How did we arrive here? Part 4 (2021)",https://medium.com/are-you-syrious/ays-special-frontex-and-human-rights-how-did-we-arrive-here-part-4-2021-a357275afc3f
2021-12-26,"AYS Special from Greece: How to live without money? Still no Cash Card.",https://medium.com/are-you-syrious/ays-special-from-greece-how-to-live-without-money-still-no-cash-card-6ff35c7ee017
2021-12-26,"AYS Special from Greece: How to live without money? Still no Cash Card.",https://medium.com/are-you-syrious/ays-special-from-greece-how-to-live-without-money-still-no-cash-card-e3e5261e2d34
2021-12-25,"AYS Special from Poland, Belarus, Lithuania: A Border Crisis Hell",https://medium.com/are-you-syrious/ays-special-from-poland-belarus-lithuania-a-border-crisis-hell-c5a3ab5c257f
2021-12-24,"AYS Special from Poland, Belarus, Lithuania: A Border Crisis Hell",https://medium.com/are-you-syrious/ays-special-from-poland-belarus-lithuania-a-border-crisis-hell-7f7019c3f26e
2021-12-22,"AYS Special from Montenegro: Bona Fide, Safety in Vukojebina",https://medium.com/are-you-syrious/ays-special-from-montenegro-bona-fide-safety-in-vukojebina-cf18bd4a9099
2021-12-21,"AYS News Digest 20.12.2021: Legal Action Against French and British Authorities Launched",https://medium.com/are-you-syrious/ays-news-digest-20-12-2021-legal-action-against-french-and-british-authorities-launched-49cbb04e307e
2021-12-21,"AYS News Digest 20.12.2021: Legal Action Against French and British Authorities Launched",https://medium.com/are-you-syrious/ays-news-digest-20-12-2021-legal-action-against-french-and-british-authorities-launched-34d00878be3e
2021-12-20,"AYS Weekend Digest 18–19/12/21: European Border AI forces people to take more deadly routes",https://medium.com/are-you-syrious/ays-weekend-digest-18-19-12-21-european-border-ai-forces-people-to-take-more-deadly-routes-936e2f17aba0
2021-12-20,"AYS Weekend Digest 18–19/12/21: European Border AI forces people to take more deadly routes",https://medium.com/are-you-syrious/ays-weekend-digest-18-19-12-21-european-border-ai-forces-people-to-more-deadly-routes-c86ea8619674
2021-12-18,"AYS News Digest 16–17/12/21: Opposing deportation to Libya is not a crime, Italian high court says",https://medium.com/are-you-syrious/ays-news-digest-16-17-12-21-opposing-deportation-to-libya-is-not-a-crime-italian-high-court-says-41ec06762085
2021-12-18,"AYS News Digest 16–17/12/21: Opposing deportation to Libya is not a crime, Italian high court says",https://medium.com/are-you-syrious/ays-news-digest-16-17-12-21-opposing-deportation-to-libya-is-not-a-crime-italian-high-court-says-e5836d0308b2
2021-12-16,"AYS News Digest 13/12/21: 4 years after the infamous cake, ex Danish Minister jailed",https://medium.com/are-you-syrious/ays-news-digest-13-12-21-4-years-after-the-infamous-cake-ex-danish-minister-jailed-f1c80210608a
2021-12-16,"AYS News Digest 14–15/12/2021: Volunteer convicted in Croatia for preventing pushback",https://medium.com/are-you-syrious/ays-news-digest-14-15-12-2021-volunteer-convicted-in-croatia-for-preventing-pushback-619c31fd5b11
2021-12-16,"AYS News Digest 14–15/12/2021: Volunteer convicted in Croatia for preventing pushback",https://medium.com/are-you-syrious/ays-news-digest-14-15-12-2021-volunteer-convicted-in-croatia-for-preventing-pushback-ebf12c98ce10
2021-12-14,"AYS News Digest 13/12/21: 4 years after the infamous cake, ex Danish Minister jailed",https://medium.com/are-you-syrious/ays-news-digest-13-12-21-4-years-after-the-infamous-cake-ex-danish-minister-jailed-b6fe414971b1
2021-12-13,"AYS Weekend Digest 11–12/12/21: The only children not looking forward to their 18th birthday",https://medium.com/are-you-syrious/ays-weekend-digest-11-12-12-21-the-only-children-not-looking-forward-to-their-18th-birthday-e31521c141f5
2021-12-13,"AYS Weekend Digest 11–12/12/21: The only children not looking forward to their 18th birthday",https://medium.com/are-you-syrious/ays-weekend-digest-11-12-12-21-the-only-children-not-looking-forward-to-their-18th-birthday-b71fd27ec76f
2021-12-12,"AYS Special from Greece: Still time to prevent another ‘winter emergency’",https://medium.com/are-you-syrious/ays-special-from-greece-still-time-to-prevent-another-winter-emergency-fc16777b7809
2021-12-11,"AYS News Digest 10/12/21: How the pushbacks affect real lives — a child dies in a border river",https://medium.com/are-you-syrious/ays-news-digest-10-12-21-how-the-pushbacks-affect-real-lives-a-child-dies-in-a-border-river-1e91c9d060df
2021-12-11,"AYS News Digest 10/12/21: How the pushbacks affect real lives — a child dies in a border river",https://medium.com/are-you-syrious/ays-news-digest-10-12-21-how-the-pushbacks-affect-real-lives-a-child-dies-in-a-border-river-ec7028264272
2021-12-09,"AYS News Digest 6.12.2021: Lethal fencing threatens lives in Poland",https://medium.com/are-you-syrious/ays-news-digest-6-12-2021-lethal-fencing-threatens-lives-in-poland-d4599630dea6
2021-12-09,"AYS News Digest 7/8/12 2021: What happened? And to the others?",https://medium.com/are-you-syrious/ays-news-digest-7-8-12-2021-what-happened-and-to-the-others-8663f5476fae
2021-12-08,"AYS News Digest 6.12.2021: Lethal fencing threatens lives in Poland",https://medium.com/are-you-syrious/ays-news-digest-6-12-2021-lethal-fencing-threatens-lives-in-poland-a79109db5a53
2021-12-07,"AYS Special from Libya: Protests in Tripoli against a system made “to cause suffering”",https://medium.com/are-you-syrious/ays-special-from-libya-protests-in-tripoli-against-a-system-made-to-cause-suffering-c601d15894dc
2021-12-06,"AYS Weekend Digest 4–5/12/21: EU putting up a bizarre show while suspending their own laws",https://medium.com/are-you-syrious/ays-weekend-digest-4-5-12-21-eu-putting-up-a-bizarre-show-while-suspending-their-own-laws-b8a6ea2ac3b8
2021-12-06,"AYS Weekend Digest 4–5/12/21: EU putting up a bizarre show while suspending their own laws",https://medium.com/are-you-syrious/ays-weekend-digest-4-5-12-21-eu-putting-up-a-bizarre-show-while-suspending-their-own-laws-502bf7eb1d9
2021-12-05,"AYS Special from Libya: Protests in Tripoli against a system made “to cause suffering”",https://medium.com/are-you-syrious/special-from-libya-protests-in-tripoli-against-a-system-made-to-cause-suffering-77a6ce5ffc6
2021-12-04,"AYS News Digest 03/12/21: Croatia slammed by Council of Europe for abuse, maltreatment of people on…",https://medium.com/are-you-syrious/ays-news-digest-03-12-21-croatia-slammed-by-council-of-europe-for-abuse-maltreatment-of-people-on-df127b164fbf
2021-12-04,"AYS News Digest 03/12/21: Croatia slammed by Council of Europe for abuse, maltreatment of people on…",https://medium.com/are-you-syrious/ays-news-digest-03-12-21-croatia-slammed-by-council-of-europe-for-abuse-maltreatment-of-people-on-808d6baa3e25
2021-12-02,"AYS News Digest: 01/12/2021 — EU law change allows Eastern countries to waive asylum seekers rights.",https://medium.com/are-you-syrious/ays-news-digest-01-12-2021-eu-law-change-allows-eastern-countries-to-waive-asylum-seekers-rights-853105e0f6fd
2021-11-30,"AYS News Digest 29/11/21:”Of course I am going to Britain, I have no other option”",https://medium.com/are-you-syrious/ays-news-digest-29-11-21-of-course-i-am-going-to-britain-i-have-no-other-option-985588c8bab
2021-11-29,"AYS Weekend Digest 27–28/11/21: “Repatriation isn’t voluntary, a large majority are forcefully…",https://medium.com/are-you-syrious/ays-weekend-digest-27-28-11-21-repatriation-isnt-voluntary-a-large-majority-are-forcefully-feedeafc2c58
2021-11-29,"AYS Weekend Digest 27–28/11/21: “Repatriation isn’t voluntary, a large majority are forcefully…",https://medium.com/are-you-syrious/ays-weekend-digest-27-28-11-21-repatriation-isnt-voluntary-a-large-majority-are-forcefully-4b95cb7c4a3f
2021-11-27,"AYS Daily Digest 25–26/11/21: Denmark forcibly detains old, sick Syrians in exit detention camps",https://medium.com/are-you-syrious/ays-daily-digest-25-26-11-21-denmark-forcibly-detains-old-sick-syrians-in-exit-detention-camps-729718fa977a
2021-11-27,"AYS News Digest 26/11/21: Denmark forcibly detains old, sick Syrians in exit detention camps",https://medium.com/are-you-syrious/ays-daily-digest-25-26-11-21-denmark-forcibly-detains-old-sick-syrians-in-exit-detention-camps-f7b9ea224cf9
2021-11-25,"AYS News Digest 24/11/21: “Deadliest Day” on British coast.",https://medium.com/are-you-syrious/ays-news-digest-24-11-21-deadliest-day-on-british-coast-81c979fb7482
2021-11-23,"News Digest: 22.11.2021 Lukashenko Interview",https://medium.com/are-you-syrious/news-digest-22-11-2021-lukashenko-interview-bff876be4c75
2021-11-23,"News Digest: 22.11.2021 Lukashenko Interview",https://medium.com/are-you-syrious/news-digest-22-11-2021-lukashenko-interview-c1c56a46ca0c
2021-11-22,"Weekend Digest 20–21/11/2021: Seventy-five lives lost at sea",https://medium.com/are-you-syrious/weekend-digest-20-21-11-2021-75-lives-lost-in-the-sea-89d200b2d2f6
2021-11-20,"AYS News Digest 18–19/11/21: 7 in 10 people on the move subject to detention in Greece, report…",https://medium.com/are-you-syrious/ays-news-digest-18-19-11-21-7-in-10-people-on-the-move-subject-to-detention-in-greece-report-feb668b7d02
2021-11-18,"AYS News Digest 17/11/21: ECHR serves justice for little Madina, Croatia found guilty",https://medium.com/are-you-syrious/ays-news-digest-17-11-21-echr-serves-justice-for-little-madina-croatia-found-guilty-cbf8e70f6e84
2021-11-17,"AYS Note from the Team: Please, let us know what you think!",https://medium.com/are-you-syrious/ays-note-from-the-team-please-let-us-know-what-you-think-8eaef3db6c30
2021-11-16,"AYS News Digest 15/11/21: An appeal to the Polish government",https://medium.com/are-you-syrious/ays-news-digest-15-11-21-an-appeal-to-the-polish-government-199733ba249c
2021-11-15,"AYS Weekend Digest 13–14/11/21: Solidarity gatherings in France and Germany counter the official…",https://medium.com/are-you-syrious/ays-weekend-digest-13-14-11-21-solidarity-gatherings-in-france-and-germany-counter-the-official-184699d98c1d
2021-11-15,"AYS Weekend Digest 13–14/11/21: Solidarity gatherings in France and Germany counter the official…",https://medium.com/are-you-syrious/ays-weekend-digest-13-14-11-21-solidarity-gatherings-in-france-and-germany-counter-the-official-9b7e472db5cb
2021-11-14,"AYS Special from Briançon — Solidarity at the Border",https://medium.com/are-you-syrious/ays-special-from-brian%C3%A7on-solidarity-at-the-border-dbdbd5fa129
2021-11-14,"AYS Special from Briançon—Solidarity at the Border",https://medium.com/are-you-syrious/ays-special-from-brian%C3%A7on-solidarity-at-the-border-557d10e21c07
2021-11-13,"AYS News Digest 11–12/11/21: What’s new on the Belarusian border? A roundup of the latest news",https://medium.com/are-you-syrious/ays-news-digest-11-12-11-21-whats-new-on-the-belarusian-border-a-roundup-of-the-latest-news-371e6ba3464e
2021-11-13,"AYS News Digest 11–12/11/21: What’s new on the Belarusian border? A roundup of the latest news",https://medium.com/are-you-syrious/ays-news-digest-11-12-11-21-whats-new-on-the-belarusian-border-a-roundup-of-the-latest-news-68a2765a3e75
2021-11-11,"AYS Daily Digest 9-10/11/21 State of Emergency in Lithuania",https://medium.com/are-you-syrious/ays-daily-digest-9-10-11-21-state-of-emergency-in-lithuania-6193b48fdc31
2021-11-10,"AYS News Digest 08/11/21: People used as weapons between the EU and Belarus",https://medium.com/are-you-syrious/ays-news-digest-08-11-21-people-used-as-weapons-between-the-eu-and-belarus-6f6515e33376
2021-11-08,"AYS Weekend Digest 6–7/11/21: Activists and local church step in so that people would not die in…",https://medium.com/are-you-syrious/ays-weekend-digest-6-7-11-21-activists-and-local-church-step-in-so-that-people-would-not-die-in-9355581fd919
2021-11-08,"AYS Weekend Digest 6–7/11/21: Activists and local church step in so that people would not die in…",https://medium.com/are-you-syrious/ays-weekend-digest-6-7-11-21-activists-and-local-church-step-in-so-that-people-would-not-die-in-8e0d8a7104c
2021-11-06,"AYS Digest 5/11/21 — Protest Continues in Tripoli",https://medium.com/are-you-syrious/ays-digest-5-11-21-protest-continues-in-tripoli-76b203487cda
2021-11-06,"AYS Digest 5/11/21 — Protest Continues in Tripoli",https://medium.com/are-you-syrious/ays-digest-5-11-21-protest-continues-in-tripoli-fd5a26cf2354
2021-11-04,"AYS News Digest: 4/11/2021 EU drones to monitor the Mediterranean",https://medium.com/are-you-syrious/ays-news-digest-4-11-2021-eu-drones-to-monitor-med-96f9870433c6
2021-11-02,"AYS News Digest 01/11/2021: One month of protests in Tripoli",https://medium.com/are-you-syrious/ays-news-digest-01-11-2021-one-month-of-protests-in-tripoli-eb1fb25a16e9
2021-11-01,"AYS Weekend Digest 30–31/10/21: Nothing to eat or drink.",https://medium.com/are-you-syrious/ays-weekend-digest-30-31-10-21-nothing-to-eat-or-drink-c3c2cb6351fa
2021-11-01,"AYS Weekend Digest 30–31/10/21: Nothing to eat or drink.",https://medium.com/are-you-syrious/ays-weekend-digest-30-31-10-21-nothing-to-eat-or-drink-cd92809f57e7
2021-10-31,"AYS Special from Turkey. KIDS RAINBOW IN GAZIANTEP: EDUCATION INSTEAD OF CHILD LABOUR",https://medium.com/are-you-syrious/ays-special-from-turkey-kids-rainbow-in-gaziantep-education-instead-of-child-labour-da4eef2772e6
2021-10-30,"AYS News Digest 29/10/21: Boat Carrying 400 Off Crete Has ‘Unclear Fate’",https://medium.com/are-you-syrious/ays-news-digest-29-10-21-boat-carrying-400-off-crete-has-unclear-fate-d58bdbfdf7e1
2021-10-30,"AYS News Digest 29/10/21: Boat Carrying 400 Off Crete Has ‘Unclear Fate’",https://medium.com/are-you-syrious/ays-news-digest-29-10-21-boat-carrying-400-off-crete-has-unclear-fate-e04d32a0022d
2021-10-28,"AYS News Digest: 27/10/2021 Four people die in waters near Chios",https://medium.com/are-you-syrious/asy-news-digest-27-10-2021-four-people-die-in-waters-near-chios-5c0abb723261
2021-10-27,"AYS Daily Digest 25/10/2021: Cyprus — Psychological violence behind “voluntary” returns",https://medium.com/are-you-syrious/ays-daily-digest-25-10-2021-cyprus-psychological-violence-behind-voluntary-returns-1ab046e50226
2021-10-26,"AYS Daily Digest 25/10/2021: Cyprus — Psychological violence behind “voluntary” returns",https://medium.com/are-you-syrious/ays-daily-digest-25-10-2021-cyprus-psychological-violence-behind-voluntary-returns-859db5ad7a46
2021-10-26,"Weekend Digest: 23–24.10.2021 — More than 450 rescued in Mediterranean by ship Geo Barents",https://medium.com/are-you-syrious/weekend-digest-23-24-10-2021-more-than-450-rescued-in-mediterranean-by-ship-geo-barents-204d75d1cd80
2021-10-25,"AYS Weekend Digest: 23–24.10.2021 — More than 450 rescued in the Med by Geo Barents",https://medium.com/are-you-syrious/weekend-digest-23-24-10-2021-ac3ba77a3b7e
2021-10-24,"AYS Special from Greece, where saving lives is illegal. An interview with Nassos Karakitsos.",https://medium.com/are-you-syrious/ays-special-from-greece-where-saving-lives-is-illegal-an-interview-with-nassos-karakitsos-c128e34ab75d
2021-10-23,"AYS Daily Digest 22/10/2021: Greece: Fire destroys 15 huts in migrant worker settlement in Manolada",https://medium.com/are-you-syrious/ays-daily-digest-22-10-2021-greece-fire-destroys-15-huts-in-migrant-worker-settlement-in-manolada-bd6a961a113d
2021-10-23,"AYS Daily Digest 22/10/2021: Greece: Fire destroys migrant workers’ settlement in Manolada",https://medium.com/are-you-syrious/ays-daily-digest-22-10-2021-greece-fire-destroys-migrant-workers-settlement-in-manolada-fe232d1975c3
2021-10-21,"AYS News Digest 20/10/21: More heat in the EU - calls for infringement procedures and court cases…",https://medium.com/are-you-syrious/ays-news-digest-20-10-21-more-heat-in-the-eu-calls-for-infringement-procedures-and-court-cases-cc11e2f85a3b
2021-10-19,"AYS News Digest 18/10/2021: Dramatic situation in the Mediterranean",https://medium.com/are-you-syrious/ays-news-digest-18-10-2021-dramatic-situation-in-the-mediterranean-dd586259434
2021-10-19,"AYS News Digest 18/10/2021: Dramatic situation in the Mediterranean",https://medium.com/are-you-syrious/ays-news-digest-18-10-2021-dramatic-situation-in-the-mediterranean-8c073d44eba3
2021-10-18,"AYS Weekend Digest: 16–17.10.2021: Polish lawyer bears witness to human rights violations",https://medium.com/are-you-syrious/ays-weekend-digest-16-17-10-2021-polish-lawyer-bears-witness-to-human-rights-violations-ff9a636fd4a9
2021-10-18,"AYS Weekend Digest: 16–17.10.2021: Polish lawyer bears witness to human rights violations",https://medium.com/are-you-syrious/ays-weekend-digest-16-17-10-2021-polish-lawyer-bears-witness-to-human-rights-violations-799ca5074ca0
2021-10-17,"AYS Special from Greece: Are you eligible to eat?",https://medium.com/are-you-syrious/ays-special-from-greece-are-you-eligible-to-eat-8cc3ac6bed3e
2021-10-17,"AYS News Digest 15/10/21: Poland legalizes pushbacks",https://medium.com/are-you-syrious/ays-news-digest-15-10-21-poland-legalizes-pushbacks-e7140651e8b0
2021-10-16,"AYS News Digest 15/10/21: Poland legalizes pushbacks",https://medium.com/are-you-syrious/ays-news-digest-15-10-21-poland-legalizes-pushbacks-ffd6e8406ab8
2021-10-14,"AYS News Digest 13/10/21: UK — implicit in the abandon to torture, report says",https://medium.com/are-you-syrious/ays-news-digest-13-10-21-uk-implicit-in-the-abandon-to-torture-report-says-76f00f66c82e
2021-10-12,"AYS Daily Digest 11/10/2021: People stuck in Libya still seek protection at UNHCR Center",https://medium.com/are-you-syrious/ays-daily-digest-11-10-2021-people-stuck-in-libya-still-seek-protection-at-unhcr-center-d8c883a329e1
2021-10-11,"AYS Weekend Digest: 9–10.10.2021: The degrading treatment of people in Northern France",https://medium.com/are-you-syrious/ays-weekend-digest-9-10-10-2021-the-degrading-treatment-of-people-in-northern-france-637da9de41f2
2021-10-11,"AYS Weekend Digest: 9–10.10.2021: The degrading treatment of people in Northern France",https://medium.com/are-you-syrious/ays-weekend-digest-9-10-10-2021-the-degrading-treatment-of-people-in-northern-france-d48239e9f2f5
2021-10-09,"AYS Digest 08/10/21: Six shot dead in Tripoli detention centre",https://medium.com/are-you-syrious/ays-digest-08-10-21-six-shot-dead-in-tripoli-detention-centre-80b99c33d57c
2021-10-09,"AYS Digest 08/10/21: Six shot dead in Tripoli detention centre",https://medium.com/are-you-syrious/ays-digest-08-10-21-six-shot-dead-in-tripoli-detention-centre-7154dd1a6d85
2021-10-08,"AYS Digest 06/10/21 — If you can prove it, it happened at least— Journalists’ work on EU borders’…",https://medium.com/are-you-syrious/ays-digest-06-10-21-if-you-can-prove-it-it-happened-at-least-journalists-work-on-eu-borders-6b1a2b930396
2021-10-06,"AYS Daily Digest 4/10/21: What will follow UN’s conclusions on Libya?",https://medium.com/are-you-syrious/ays-daily-digest-4-10-21-what-will-follow-uns-conclusions-on-libya-4801fb8cd550
2021-10-04,"AYS Weekend Digest 02–03.10.21: Horrific Detention Conditions for People Rounded-Up in Libya",https://medium.com/are-you-syrious/ays-weekend-digest-02-03-10-21-horrific-detention-conditions-for-people-rounded-up-in-libya-d3b5a856d753
2021-10-04,"AYS Weekend Digest 02–03.10.21: Horrific Detention Conditions for People Rounded-Up in Libya",https://medium.com/are-you-syrious/ays-weekend-digest-02-03-10-21-horrific-detention-conditions-for-people-rounded-up-in-libya-97d911e6a2e8
2021-10-03,"AYS Special: Frontex and Human Rights–How did we arrive here? Pt. 4, 2021 (August-September update)",https://medium.com/are-you-syrious/ays-special-frontex-and-human-rights-how-did-we-arrive-here-pt-4-2021-august-september-update-5c9935baa7d9
2021-10-02,"AYS Daily Digest 01/10/21: While EU Tussles with Poland over Pushbacks, Commission Makes Deal with…",https://medium.com/are-you-syrious/ays-daily-digest-01-10-21-while-eu-tussles-with-poland-over-pushbacks-commission-makes-deal-with-2ad40f8b6c9a
2021-10-02,"AYS Daily Digest 01/10/21: While EU Tussles with Poland over Pushbacks, Commission Makes Deal with…",https://medium.com/are-you-syrious/ays-daily-digest-01-10-21-while-eu-tussles-with-poland-over-pushbacks-commission-makes-deal-with-598e369c4bb0
2021-10-01,"AYS Daily Digest 29–30/9/2021: Belgium, #Justice4Mawda, Appeal Trial Started",https://medium.com/are-you-syrious/ays-daily-digest-29-30-9-2021-belgium-justice4mawda-appeal-trial-started-947f222be63b
2021-10-01,"AYS Daily Digest 29–30/9/2021: Belgium, #Justice4Mawda, Appeal Trial Started",https://medium.com/are-you-syrious/ays-daily-digest-29-30-9-2021-belgium-justice4mawda-appeal-trial-started-57aca3247346
2021-09-29,"AYS Daily Digest 28/09/2021: Poland ignores interim measures decision by ECtHR",https://medium.com/are-you-syrious/ays-daily-digest-28-09-2021-poland-ignores-interim-measures-decision-by-ecthr-1a7724938911
2021-09-27,"AYS Weekend Digest 25–26/09/2021: More money for Turkey",https://medium.com/are-you-syrious/ays-weekend-digest-25-26-09-2021-more-money-for-turkey-3873d879fecb
2021-09-27,"AYS Weekend Digest 25–26/09/2021: More money for Turkey",https://medium.com/are-you-syrious/ays-weekend-digest-25-26-09-2021-more-money-for-turkey-c0cd109c4be3
2021-09-26,"AYS Special from Denmark: Women Without Rights",https://medium.com/are-you-syrious/ays-special-from-denmark-women-without-rights-d4aa8f782789
2021-09-25,"AYS Digest 24.09.21 — UK: Eleven teenagers dead in last five years",https://medium.com/are-you-syrious/ays-digest-24-09-21-uk-eleven-teenagers-dead-in-last-five-years-e458e75f90f1
2021-09-25,"AYS Digest 24.09.21 — UK: 11 teenagers dead in Last five years",https://medium.com/are-you-syrious/ays-digest-24-09-21-uk-11-teenagers-dead-in-last-five-years-e1bcd1f1aba6
2021-09-25,"AYS Daily Digest 23/9/21: Securitisation in all pores of the border and reception system",https://medium.com/are-you-syrious/ays-daily-digest-23-9-21-securitisation-in-all-pores-of-the-border-and-reception-system-aa2815df6b57
2021-09-24,"AYS Daily Digest 23/9/21: Securitisation in all pores of the border and reception system",https://medium.com/are-you-syrious/ays-daily-digest-23-9-21-securitisation-in-all-pores-of-the-border-and-reception-system-dd815970d56
2021-09-23,"AYS Daily Digest 22/09/21: Testimony on dead people at Belarus border",https://medium.com/are-you-syrious/ays-daily-digest-21-09-21-testimony-on-dead-people-at-belarus-border-c5ad8f920527
2021-09-21,"AYS Daily Digest 20/09/21—New Closed Camp in Samos Open Despite Protests",https://medium.com/are-you-syrious/ays-daily-digest-20-09-21-new-closed-camp-in-samos-open-despite-protests-3f9a3edeb7f3
2021-09-20,"AYS Weekend Digest 18–19/9/21: Will the deaths at the Belarus border provoke action to protect…",https://medium.com/are-you-syrious/ays-weekend-digest-18-19-9-21-will-the-deaths-at-the-belarus-border-provoke-action-to-protect-8e84b4a43686
2021-09-19,"AYS Special from Samos: A New Hotspot to Keep Refugees Out of Sight, Out of Mind",https://medium.com/are-you-syrious/ays-special-from-samos-a-new-hotspot-to-keep-refugees-out-of-sight-out-of-mind-bf2013202840
2021-09-18,"AYS Daily Digest 17/9/21: Old suffering in a new camp, while Frontex steps up their securitization…",https://medium.com/are-you-syrious/ays-daily-digest-17-9-21-old-suffering-in-a-new-camp-while-frontex-steps-up-their-securitization-82f3854136ae
2021-09-18,"AYS Daily Digest 17/9/21: Old suffering in a new camp, while Frontex steps up their securitization…",https://medium.com/are-you-syrious/ays-daily-digest-17-9-21-old-suffering-in-a-new-camp-while-frontex-tops-up-their-securitization-8604b2f205c
2021-09-17,"AYS Digest 16.09.21: Greece’s Hostile Environment",https://medium.com/are-you-syrious/ays-digest-16-09-21-greeces-hostile-environment-c70273f2cb5
2021-09-17,"AYS Digest 16.09.21: Greece’s Hostile Environment",https://medium.com/are-you-syrious/ays-digest-17-09-21-greeces-hostile-environment-a3cc76c97f0c
2021-09-16,"AYS Daily Digest 15/09/2021 — EU Commission wants to tackle ‘hybrid attacks’.",https://areyousyrious.medium.com/ays-daily-digest-15-09-2021-eu-commission-wants-to-tackle-hybrid-attacks-49df33d6af4d
2021-09-15,"AYS Daily Digest 14/09/21 — Will the EU Continue Deporting Afghan People?",https://medium.com/are-you-syrious/ays-daily-digest-14-09-21-will-the-eu-continue-deporting-afghan-people-4ab11aad789d
2021-09-15,"AYS Daily Digest 14/09/21 — Will the EU Continue Deporting Afghan People?",https://medium.com/are-you-syrious/ays-daily-digest-14-09-21-will-the-eu-continue-deporting-afghan-people-f0935aeb3e7d
2021-09-14,"AYS Daily Digest 13/09/2021: British Border Forces train to push back people",https://medium.com/are-you-syrious/ays-daily-digest-13-09-2021-british-border-forces-train-to-push-back-people-12a6a5db8851
2021-09-14,"AYS Daily Digest 13/09/2021: British Border Forces train to push back people",https://medium.com/are-you-syrious/ays-daily-digest-13-09-2021-british-border-forces-train-how-to-push-back-people-c527d6471469
2021-09-13,"AYS Weekend Digest: 11–12/09/2021 NGOs and activists banned from Poland-Belarus border",https://medium.com/are-you-syrious/ays-weekend-digest-11-12-09-2021-ngos-and-activists-banned-from-poland-belarus-border-ae32f5f915e9
2021-09-13,"AYS Weekend Digest: 11–12/09/2021 NGOs and activists banned from Poland-Belarus border",https://areyousyrious.medium.com/ays-weekend-digest-11-12-09-2021-ngos-and-activists-banned-from-poland-belarus-border-6484d2381f1d
2021-09-11,"AYS Daily Digest 10/09/21: A visit to the Austrian border police — “doing what they are told” at…",https://medium.com/are-you-syrious/ays-daily-digest-10-09-21-a-visit-to-the-austrian-border-police-doing-what-they-are-told-at-d61f88d8b2e5
2021-09-10,"AYS Daily Digest 09/09/21 — Home Office Announces Intention To Carry Out Pushbacks",https://medium.com/are-you-syrious/ays-daily-digest-09-09-21-home-office-announces-intention-to-carry-out-pushbacks-ead06aad98a7
2021-09-10,"AYS Daily Digest 09/09/21 — Home Office Announces Intention To Carry Out Pushbacks",https://medium.com/are-you-syrious/ays-daily-digest-09-09-21-home-office-announces-intention-to-carry-out-pushbacks-6e6d28fa3091
2021-09-09,"AYS Daily Digest 08/09/2021: Amid the humanitarian crisis in Afghanistan, Europe makes sure “2015…",https://medium.com/are-you-syrious/ays-daily-digest-08-09-2021-amid-the-humanitarian-crisis-in-afghanistan-europe-makes-sure-2015-a149c7b077d6
2021-09-08,"AYS Daily Digest 7/9/21: Polish activists organize against pushbacks",https://medium.com/are-you-syrious/ays-daily-digest-7-9-21-polish-activists-organize-against-pushbacks-45a48716442a
2021-09-08,"AYS Daily Digest 06/09/21 — Bill Restricting Rescue NGOs Voted into Greek Law",https://medium.com/are-you-syrious/ays-daily-digest-06-09-21-bill-restricting-rescue-ngos-voted-into-greek-law-3062fb1bc368
2021-09-07,"AYS Daily Digest 06/09/21 —  Bill restricting rescue NGOs voted into Greek law",https://areyousyrious.medium.com/ays-daily-digest-06-09-21-bill-restricting-rescue-ngos-voted-into-greek-law-2bdd5b6eba5f
2021-09-06,"AYS Weekend Digest 4–5/9/21: Will the German state intervene to keep its promise to reunite the…",https://medium.com/are-you-syrious/ays-weekend-digest-4-5-9-21-will-the-german-state-intervene-to-keep-its-promise-to-reunite-the-788f95e3d924
2021-09-06,"AYS Weekend Digest 4–5/9/21: Will the German state intervene to keep its promise to reunite the…",https://medium.com/are-you-syrious/ays-weekend-digest-4-5-9-21-will-the-german-state-intervene-to-keep-its-promise-to-reunite-the-b563b8c0d5c3
2021-09-05,"AYS Special from Bihac: “A handshake, a hug, and they are gone.”",https://medium.com/are-you-syrious/ays-special-from-bihac-a-handshake-a-hug-and-they-are-gone-431cfc08a29f
2021-09-04,"AYS Digest 03/09/21 — MEPs challenge Slovenia over chain-pushbacks of people on the move",https://medium.com/are-you-syrious/ays-digest-03-09-21-meps-challenge-slovenia-over-chain-pushbacks-of-people-on-the-move-5cb22228b080
2021-09-02,"AYS Digest 01/09/21 — “European Values” Are Exclusion and Cruelty, Meeting of Ministers on…",https://medium.com/are-you-syrious/ays-digest-01-09-21-european-values-are-exclusion-and-cruelty-meeting-of-ministers-on-d81a4f3da8bc
2021-08-31,"AYS Daily Digest 30/8/21: What does International day of the disappeared mean for those nobody is…",https://medium.com/are-you-syrious/ays-daily-digest-30-8-21-what-does-international-day-of-the-disappeared-mean-for-those-nobody-is-55ca202206d2
2021-08-30,"AYS Weekend Digest 28–29/8/21: Port authorities ‘order’ media to remove a video showing refugees…",https://medium.com/are-you-syrious/ays-weekend-digest-28-29-8-21-port-authorities-order-media-to-remove-a-video-showing-refugees-dfc45f1c0d9
2021-08-30,"AYS Weekend Digest 28-29/8/21: Port authorities ‘order’ media to remove a video showing refugees…",https://medium.com/are-you-syrious/ays-weekend-digest-28-29-8-21-port-authorities-order-media-to-remove-a-video-showing-refugees-3deaa77162ef
2021-08-29,"AYS SPECIAL: The First Frontex Fundamental Rights Report, only 10 years late",https://medium.com/are-you-syrious/ays-special-the-first-frontex-fundamental-rights-report-only-10-years-late-e96ac201c64d
2021-08-28,"AYS Digest 27/8/21 Afghanistan, “Remember this: an oppressed journalist committed to democracy…",https://medium.com/are-you-syrious/ays-digest-27-8-21-afghanistan-remember-this-an-oppressed-journalist-committed-to-democracy-96dd1ba05dd2
2021-08-28,"AYS Digest 27/8/21 Afghanistan, “an oppressed journalist committed to democracy could not be saved”",https://medium.com/are-you-syrious/ays-digest-27-8-21-afghanistan-an-oppressed-journalist-committed-to-democracy-could-not-be-saved-897b084781f4
2021-08-26,"AYS Daily Digest 25/08/2021: Still no support for people stuck at the Polish border",https://medium.com/are-you-syrious/ays-daily-digest-25-08-2021-still-no-support-for-people-stuck-at-the-polish-border-fc4e2f34dd01
2021-08-24,"AYS Daily Digest 23/08/2021 — Military Evacuation Assistance Leaving Afghanistan by End of Month",https://medium.com/are-you-syrious/ays-daily-digest-23-08-2021-military-evacuation-assistance-leaving-afghanistan-by-end-of-month-2875d4f62535
2021-08-23,"AYS Weekend Digest 21–22/8/21: The crisis of solidarity at the Polish-Belarusian border",https://medium.com/are-you-syrious/ays-weekend-digest-21-22-8-21-the-crisis-of-solidarity-at-the-polish-belarusian-border-cb2f9d162a68
2021-08-21,"AYS Daily Digest 20/08/2021: Solidarity and despair all over the world",https://medium.com/are-you-syrious/ays-daily-digest-20-08-2021-solidarity-and-despair-all-over-the-world-74f9028f40e3
2021-08-21,"AYS Daily Digest 20/08/2021: Solidarity and despair all over the world",https://medium.com/are-you-syrious/ays-daily-digest-20-08-2021-solidarity-and-despair-all-over-the-world-530754e13b7e
2021-08-19,"AYS Daily Digest 18/08/2021 — Protests in Europe in Favor of Resettling Afghan People",https://medium.com/are-you-syrious/ays-daily-digest-18-08-2021-protests-in-europe-in-favor-of-resettling-afghan-people-a98677cc1de3
2021-08-17,"AYS Daily Digest 16/8/21: Reactions to Afghanistan in Europe, Country by Country",https://medium.com/are-you-syrious/ays-daily-digest-16-8-21-reactions-to-afghanistan-in-europe-country-by-country-7184c809a4fc
2021-08-12,"AYS Daily Digest 11/08/2021: Afghanistan. Finally deportations from Germany suspended",https://medium.com/are-you-syrious/ays-daily-digest-11-08-2021-afghanistan-finally-deportations-from-germany-suspended-6e7023fcf08c
2021-08-10,"AYS Daily Digest 09/08/21: Afghanis Abandoned To Their Fate By The EU",https://medium.com/are-you-syrious/ays-daily-digest-9-8-21-afghanis-abandoned-to-their-fate-by-eu-e8defd746a5
2021-08-08,"AYS Special from Turkey: Increasing Hate Speech Towards Refugees",https://medium.com/are-you-syrious/ays-special-from-turkey-increasing-hate-speech-towards-refugees-5793753d9c8
2021-08-07,"AYS Daily Digest 06/08/2021: The crisis in the crisis",https://medium.com/are-you-syrious/ays-daily-digest-06-08-2021-the-crisis-in-the-crisis-5fa8184475eb
2021-08-07,"AYS Daily Digest 06/08/2021: The crisis in the crisis",https://medium.com/are-you-syrious/ays-daily-digest-06-08-2021-the-crisis-in-the-crisis-faf1d896a356
2021-08-06,"AYS Daily Digest 05/08/2021 —Malakasa Camp Evacuated Due to Fires",https://medium.com/are-you-syrious/ays-daily-digest-05-08-2021-malakasa-camp-evacuated-due-to-fires-fc5bed3ed226
2021-08-02,"AYS Weekend Digest 31/7–1/8/2021: A 5-year-old child is the 240th victim of the Balkan Route",https://medium.com/are-you-syrious/ays-weekend-digest-31-7-1-8-2021-a-5-year-old-child-is-the-240th-victim-of-the-balkan-route-578a0fcc9ab2
2021-08-01,"AYS Special: Frontex and Human Rights — How did we arrive here? Part 4 (May-July 2021)",https://medium.com/are-you-syrious/ays-special-frontex-and-human-rights-how-did-we-arrive-here-part-4-may-july-2021-54b395ecb96e
2021-07-31,"AYS Daily Digest 30/07/2021 — Fatal Shipwreck Off the Coast of Greece",https://medium.com/are-you-syrious/ays-daily-digest-30-07-2021-fatal-shipwreck-off-the-coast-of-greece-59fdbe987e40
2021-07-29,"AYS Daily Digest 28/07/2021: No happy Anniversary for the Geneva Refugee Convention",https://medium.com/are-you-syrious/ays-daily-digest-28-07-2021-no-happy-anniversary-for-the-geneva-refugee-convention-89977904d3b0
2021-07-27,"AYS Daily Digest 26/7/21: 75 people died crossing the Med, many more beaten, humiliated and pushed…",https://medium.com/are-you-syrious/ays-daily-digest-26-7-21-75-people-died-crossing-the-med-many-more-beaten-humiliated-and-pushed-1f832524b5
2021-07-27,"AYS Daily Digest 26/7/21: 75 people died crossing the Med, many more beaten, humiliated and pushed…",https://medium.com/are-you-syrious/ays-daily-digest-26-7-21-75-people-died-crossing-the-med-many-more-beaten-humiliated-and-pushed-f5bb3ff9e4e8
2021-07-26,"AYS Weekend Digest 24–25/7/21: New walls at EU’s borders.",https://medium.com/are-you-syrious/ays-weekend-digest-24-25-7-21-new-walls-at-eus-borders-1ce8eabf74c8
2021-07-25,"AYS Special from the Canaries: Opening Borders, a Week of Protest.",https://medium.com/are-you-syrious/ays-special-from-the-canaries-opening-borders-a-week-of-protest-c9d8d5d530b7
2021-07-24,"AYS Daily Digest 23/07/2021 — Greek Rationale for Declaring Turkey “Safe Third Country” Finally…",https://medium.com/are-you-syrious/ays-daily-digest-23-07-2021-greek-rationale-for-declaring-turkey-safe-third-country-finally-5d6df3483e2a
2021-07-23,"AYS Daily Digest 22/7/21: Greek government’s pressure on civil society reveals others implicated",https://medium.com/are-you-syrious/ays-daily-digest-22-7-21-greek-governments-pressure-on-the-civil-society-reveals-others-f394fe003749
2021-07-22,"AYS Daily Digest 21/07/2021 — Baby Dies in Kara Tepe, Where Was the Medical Help?",https://medium.com/are-you-syrious/ays-daily-digest-21-07-2021-baby-dies-in-kara-tepe-where-was-the-medical-help-1322158b2f7c
2021-07-21,"AYS Daily Digest 20/7/21: The fight against pushbacks & violence at the EU’s borders continues with…",https://medium.com/are-you-syrious/ays-daily-digest-20-7-21-the-fight-against-pushbacks-violence-at-the-eus-borders-continues-with-f810e8fee0a8
2021-07-20,"AYS Daily Digest 19/07/21: In Blow to Solidarity Efforts, Human Smuggling Case Opened on Lesvos",https://medium.com/are-you-syrious/ays-daily-digest-19-07-21-in-blow-to-solidarity-efforts-human-smuggling-case-opened-on-lesvos-aedfc3a063f9
2021-07-20,"AYS Daily Digest 19/07/21: In Blow to Solidarity Efforts, Human Smuggling Case Opened on Lesvos",https://medium.com/are-you-syrious/ays-daily-digest-19-07-21-in-blow-to-solidarity-efforts-human-smuggling-case-opened-on-lesvos-c0ae54b4deb1
2021-07-19,"AYS Weekend digest 17–18/07/2021: Frontex, the EU’s Fig Leaf",https://medium.com/are-you-syrious/ays-weekend-digest-17-18-07-2021-frontex-the-eus-fig-leaf-a0ac2657bb45
2021-07-17,"AYS Daily Digest 16/7/21 — Sweden to Stop Deportations to Afghanistan",https://medium.com/are-you-syrious/ays-daily-digest-16-7-21-sweden-to-stop-deportations-to-afghanistan-b724e5d60460
2021-07-16,"AYS Daily Newsletter 15/7/21: Italy votes to renew collaboration with the criminal Libyan Coast…",https://medium.com/are-you-syrious/ays-daily-newsletter-15-7-21-italy-votes-to-renew-collaboration-with-the-criminal-libyan-coast-e2ffbe2cbd59
2021-07-16,"AYS Daily Digest 15/7/21: Italy votes to renew collaboration with the criminal Libyan Coast Guard",https://medium.com/are-you-syrious/ays-daily-digest-15-7-21-italy-votes-for-the-renewal-of-collaboration-with-the-criminal-libyan-cbcf6ead4f9e
2021-07-14,"AYS Daily Digest 13/7/21: A humanitarian crisis evolves in Afghanistan",https://medium.com/are-you-syrious/ays-daily-digest-13-7-21-a-humanitarian-crisis-evolves-in-afghanistan-2c53cb880db7
2021-07-14,"AYS Daily Digest 13/7/21: A humanitarian crisis evolves in Afghanistan",https://medium.com/are-you-syrious/ays-daily-digest-13-7-21-a-humanitarian-crisis-evolves-in-afghanistan-6c5f7be3b8da
2021-07-13,"AYS Daily Digest 12/7/21: People in Schistou Camp denied protesting after the recent suicide",https://medium.com/are-you-syrious/ays-daily-digest-12-7-21-people-in-schistou-camp-denied-protesting-after-the-recent-suicide-f0d79e2727ae
2021-07-12,"AYS Weekend Digest 10–11/7/21: Afghanistan has requested Europe to stop deportation to Afghanistan",https://medium.com/are-you-syrious/ays-weekend-digest-10-11-7-21-afghanistan-has-requested-europe-to-stop-deportation-to-afghanistan-7837c7b2cf0d
2021-07-10,"AYS Daily Digest 9/7/21 Denmark: EU Court Rules Against 3 Years of Waiting for Family Reunification",https://medium.com/are-you-syrious/ays-daily-digest-9-7-21-denmark-eu-court-rules-against-3-years-of-waiting-for-family-reunification-6754cd63e230
2021-07-10,"AYS Daily Digest 9/7/21 Denmark: EU Court Rules Against 3 Years of Waiting for Family Reunification",https://medium.com/are-you-syrious/ays-daily-digest-9-7-21-denmark-eu-court-rules-against-3-years-waiting-for-family-reunification-9fd9095c3e43
2021-07-08,"AYS Daily Digest 07/07/21 — Rescues and Arrivals at Sea: The Context Behind the Numbers",https://medium.com/are-you-syrious/ays-daily-digest-07-07-21-rescues-and-arrivals-at-sea-the-context-behind-the-numbers-c6495c53a576
2021-07-06,"AYS Daily Digest 5/7/21: Court confirmed the systemic chain pushbacks",https://medium.com/are-you-syrious/ays-daily-digest-5-7-21-court-confirmed-the-systemic-chain-pushbacks-b8e0749604ad
2021-07-05,"AYS Weekend Digest 3–4/7/21 Ocean Viking rescues 138 people on Sunday",https://medium.com/are-you-syrious/ays-weekend-digest-3-4-7-21-ocean-viking-rescues-138-people-on-sunday-51d598d173a0
2021-07-03,"AYS Daily Digest 02/07/21: Children in Greece struggle to visit schools",https://medium.com/are-you-syrious/ays-daily-digest-02-07-21-children-in-greece-struggle-to-visit-schools-b43fb7f0a7c9
2021-07-03,"AYS Daily Digest 02/07/21: Children in Greece struggle to visit schools",https://medium.com/are-you-syrious/ays-daily-digest-02-07-21-children-in-greece-struggle-to-visit-schools-4670c8dccb34
2021-07-02,"AYS Daily Digest 1/7/21: Video proof: Lybian coast guard shooting at refugees",https://medium.com/are-you-syrious/ays-daily-digest-1-7-21-video-proof-lybian-coast-guard-shooting-at-refugees-508d29b5d961
2021-07-01,"AYS Daily Digest 30/6/2021: EUAA, a new European asylum agency",https://medium.com/are-you-syrious/ays-daily-digest-30-6-2021-euaa-a-new-european-asylum-agency-7558d1be15e1
2021-06-30,"AYS Daily Digest 29/6/21: The real questions after the Vial 15 trial",https://medium.com/are-you-syrious/ays-daily-digest-29-6-21-the-real-questions-after-the-vial-15-trial-a220a9074231
2021-06-30,"AYS Daily Digest 29/6/21: The real questions after the Vial 15 trial",https://medium.com/are-you-syrious/ays-daily-digest-29-6-21-the-real-questions-after-the-vial-15-trial-daff8649236f
2021-06-29,"AYS Daily Digest 28/06/21 — Greek Government Forces Journalists to Delete Footage, Continuing…",https://medium.com/are-you-syrious/ays-daily-digest-28-06-21-greek-government-forces-journalists-to-delete-footage-continuing-e40ced8072cd
2021-06-28,"AYS Weekend Digest 26–28/6/21: “It is not the destination where you arrive that defines migration…",https://medium.com/are-you-syrious/ays-weekend-digest-26-28-6-21-it-is-not-the-destination-where-you-arrive-that-defines-migration-81f2fee1b7fa
2021-06-26,"AYS Daily Digest 25/06/2021 — Days of Action in Samos",https://medium.com/are-you-syrious/ays-daily-digest-25-06-2021-days-of-action-in-samos-c365d95ce88a
2021-06-25,"AYS Daily Digest 24/06/21 People on Samos will be transferred to the new camp < 1 month",https://medium.com/are-you-syrious/ays-daily-digest-24-06-21-people-on-samos-will-be-transferred-to-the-new-camp-1-month-9d4508a66ab7
2021-06-23,"AYS Daily Digest 22/6/21: With too many eyes on Libyan torture, even the EU calls for closure of…",https://medium.com/are-you-syrious/ays-daily-digest-22-6-21-with-too-many-eyes-on-libyan-torture-even-the-eu-calls-for-closure-of-bb0f76008011
2021-06-22,"AYS Daily Digest 21/06/21: 21,000 Syrians in Jordan lose food assistance",https://medium.com/are-you-syrious/ays-daily-digest-21-06-21-21-000-syrians-in-jordan-lose-food-assistance-9a90a9841bd6
2021-06-21,"AYS Weekend Digest 19–20/06/2021: Rape and sexual violence in EU supported detention centres in…",https://medium.com/are-you-syrious/ays-weekend-digest-19-20-06-2021-rape-and-sexual-violence-in-eu-supported-detention-centres-in-68822368fb1f
2021-06-21,"AYS Weekend Digest 19–20/06/2021: Rape and sexual violence in EU supported detention centres in…",https://medium.com/are-you-syrious/ays-weekend-digest-19-20-06-2021-rape-and-sexual-violence-in-eu-supported-detention-centres-in-ae10acb65034
2021-06-19,"AYS Daily Digest 18/6/21: Traumatised children, families torn apart — today’s concrete…",https://medium.com/are-you-syrious/ays-daily-digest-18-6-21-traumatised-children-families-torn-apart-todays-concrete-38cead544c53
2021-06-19,"AYS Daily Digest 18/6/21: Traumatised children, families torn apart — today’s concrete…",https://medium.com/are-you-syrious/ays-daily-digest-18-6-21-traumatised-children-families-torn-apart-todays-concrete-a3710431a6e6
2021-06-18,"AYS Daily Digest 17/06/21: More than 13,000 illegal pullbacks to Libya",https://medium.com/are-you-syrious/ays-daily-digest-17-06-21-more-than-13-000-illegal-pullbacks-to-libya-1cfb9d8866ef
2021-06-18,"AYS Daily Digest 17/06/21: More than 13,000 illegal pullbacks to Libya",https://medium.com/are-you-syrious/ays-daily-digest-17-06-21-more-than-13-000-illegal-pullbacks-to-libya-344ec813d0b7
2021-06-17,"AYS Daily Digest 16/06/21 — Demonstration Thursday For Regularization in Napoli",https://medium.com/are-you-syrious/ays-daily-digest-16-06-21-demonstration-thursday-for-regularization-in-napoli-92c728275d76
2021-06-16,"AYS Daily Digest 15/06/21: ‘Saved’ only to be sent to certain detention and torture",https://medium.com/are-you-syrious/ays-daily-digest-15-6-21-saved-only-to-be-sent-to-certain-detention-and-torture-3c8dc3283c15
2021-06-15,"AYS Daily Digest 14/06/21: Trial against ‘Moria Six’ not up to legal standards",https://medium.com/are-you-syrious/ays-daily-digest-14-06-21-trial-against-moria-six-not-up-to-legal-standards-77b25505b682
2021-06-15,"AYS Daily Digest 14/06/21: Trial against ‘Moria Six’ not up to legal standards",https://medium.com/are-you-syrious/ays-daily-digest-14-06-21-trial-against-moria-six-not-up-to-legal-standards-7c0f4f67b8af
2021-06-14,"AYS Weekend Digest 12–13/6/2021: 2610 people rescued, 1000 people returned, 200 still at sea",https://medium.com/are-you-syrious/ays-weekend-digest-12-13-6-2021-2610-people-rescued-1000-people-returned-200-still-at-sea-11c1a1e38dc6
2021-06-14,"AYS Weekend Digest 12-13/6/2021: 2610 people rescued, 1000 people returned, 200 still at sea",https://medium.com/are-you-syrious/ays-weekend-digest-12-13-6-2021-2610-people-rescued-1000-people-returned-200-still-at-sea-d651d17aeab3
2021-06-11,"AYS Daily Digest 10/6/21: Report confirms — people are being arrested, detained, and tortured by…",https://medium.com/are-you-syrious/ays-daily-digest-10-6-21-report-confirms-people-are-being-arrested-detained-and-tortured-by-4d29b0d155af
2021-06-11,"AYS Daily Digest 10/6/21: Report confirms — people are being arrested, detained, and tortured by…",https://medium.com/are-you-syrious/ays-daily-digest-10-6-21-report-confirms-people-are-being-arrested-detained-and-tortured-by-702dff50ec94
2021-06-09,"AYS Daily Digest 08/06/21: Repressions and other struggles",https://medium.com/are-you-syrious/ays-daily-digest-08-06-21-repressions-and-other-struggles-795e75d7673b
2021-06-09,"AYS Daily Digest 08/06/21: Repressions and other struggles",https://medium.com/are-you-syrious/ays-daily-digest-08-06-21-repressions-and-other-struggles-dcfc2de14e8e
2021-06-08,"AYS Daily Digest 07/06/21 Greece designates Turkey as a “safe third country”",https://medium.com/are-you-syrious/ays-daily-digest-07-06-21-greece-designates-turkey-as-a-safe-third-country-ce51acc91f99
2021-06-08,"AYS Daily Digest 07/06/21 Greece designates Turkey as a “safe third country”",https://medium.com/are-you-syrious/ays-daily-digest-07-06-21-greece-designates-turkey-as-a-safe-third-country-f0aa60016a2f
2021-06-07,"AYS Weekend Digest 05–06.06.2021 — Denmark’s Cruel Policies Expose European-Wide Failure",https://medium.com/are-you-syrious/ays-weekend-digest-05-06-06-2021-denmarks-cruel-policies-expose-european-wide-failure-4eeba02b8c6b
2021-06-07,"AYS Weekend Digest 05–06.06.2021—Denmark’s Cruel Policies Expose European-Wide Failure",https://medium.com/are-you-syrious/ays-weekend-digest-05-06-06-2021-denmarks-cruel-policies-expose-european-wide-failure-4a426a67f48b
2021-06-05,"AYS Daily Digest 04/06/2021: Letters and memos from Greece",https://medium.com/are-you-syrious/ays-daily-digest-04-06-2021-letters-and-memos-from-greece-d5281518e18e
2021-06-05,"AYS Daily Digest 04/06/2021: Letters and memos from Greece",https://medium.com/are-you-syrious/ays-daily-digest-04-06-2021-letters-and-memos-from-greece-9c89d0d33e58
2021-06-04,"AYS Daily Digest 03/06/2021: Napier Barracks “unlawful”, UK’s High Court Rules",https://medium.com/are-you-syrious/ays-daily-digest-03-06-2021-napier-barracks-unlawful-uks-high-court-rules-b08c7f2a5421
2021-06-03,"AYS Daily Digest 2/6/21: More and more unaccompanied boys on the move",https://medium.com/are-you-syrious/ays-daily-digest-2-6-21-more-and-more-unaccompanied-boys-on-the-move-d00180246277
2021-06-03,"AYS Daily Digest 2/6/21: More and more unaccompanied boys on the move",https://medium.com/are-you-syrious/ays-daily-digest-2-6-21-more-and-more-unaccompanied-boys-on-the-move-57a063f293b
2021-06-02,"AYS Daily Digest 01/06/21: Denmark deports to Afghanistan",https://medium.com/are-you-syrious/ays-daily-digest-01-06-21-denmark-deports-to-afghanistan-ad4f82d37959
2021-06-02,"AYS Daily Digest 01/06/21: Denmark deports to Afghanistan",https://medium.com/are-you-syrious/ays-daily-digest-01-06-21-denmark-deports-to-afghanistan-c7d636dbacb9
2021-06-01,"AYS Daily Digest 31/5/2021: Another new bill to further curb rights to asylum in Greece",https://medium.com/are-you-syrious/ays-daily-digest-31-5-2021-another-new-bill-to-further-curb-rights-to-asylum-in-greece-1865887e80ac
2021-06-01,"AYS Daily Digest 31/5/2021: Another new bill to further curb rights to asylum in Greece",https://medium.com/are-you-syrious/ays-daily-digest-31-5-2021-another-new-bill-to-further-curb-rights-to-asylum-in-greece-2b99b5ab04dc
2021-06-01,"AYS Daily Digest 31/5/2021: Another new bill to further curb rights to asylum in Greece",https://medium.com/are-you-syrious/ays-daily-digest-31-5-2021-another-new-bill-to-further-curb-rights-to-asylum-in-greece-7f2f971c1af0
2021-05-31,"AYS Weekend Digest 29–30/5/21: Protesting the new camp on Samos",https://medium.com/are-you-syrious/ays-weekend-digest-29-30-5-21-protesting-the-new-camp-on-samos-972162e287bb
2021-05-31,"AYS Weekend Digest 29–30/5/21: Protesting the new camp on Samos",https://medium.com/are-you-syrious/ays-weekend-digest-29-30-5-21-protesting-the-new-camp-on-samos-772011a4422f
2021-05-29,"AYS Daily Digest 28/5/2021 — Plans for closed camps on the Greek islands to go ahead",https://medium.com/are-you-syrious/ays-daily-digest-28-5-2021-plans-for-closed-camps-on-the-greek-islands-to-go-ahead-76cdcd8fc32b
2021-05-29,"AYS Daily Digest 28/5/2021 — Plans for Closed camps on the Greek islands to go ahead",https://medium.com/are-you-syrious/ays-daily-digest-28-5-2021-plans-for-closed-camps-on-the-greek-islands-to-go-ahead-5c9d29ad5887
2021-05-28,"AYS Daily Digest 27/05/21: Appeal Trial Begins for ‘Briançon 7’, Activists Convicted in the…",https://medium.com/are-you-syrious/ays-daily-digest-27-05-2021-appeal-trial-begins-for-brian%C3%A7on-7-solidarity-activists-convicted-1ff0cd1b9145
2021-05-27,"AYS Daily Digest 26/05/2021—Four Acquitted of Human Trafficking Charges for Showing Solidarity",https://medium.com/are-you-syrious/ays-daily-digest-26-05-2021-four-acquitted-of-human-trafficking-charges-for-showing-solidarity-2da42a2c39d7
2021-05-26,"AYS Daily Digest 25/05/21: Lawsuit against Frontex",https://medium.com/are-you-syrious/ays-daily-digest-25-05-21-lawsuit-against-frontex-c04494da579e
2021-05-26,"AYS Daily Digest 24/01/19: Cyclone producing seven meter waves hits Mediterranean",https://medium.com/are-you-syrious/ays-daily-digest-24-01-19-cyclone-producing-seven-meter-waves-hits-mediterranean-16b60512cf21
2021-05-25,"AYS Daily Digest 24/05/21 — 36 rescued by helicopter south of Gran Canaria",https://medium.com/are-you-syrious/ays-daily-digest-24-05-21-36-rescued-by-helicopter-south-of-gran-canaria-73b66c0edf1e
2021-05-24,"AYS Weekend Digest 22–23.5.2021: Suicides and self-harm in Italy’s CPRs",https://medium.com/are-you-syrious/ays-weekend-digest-22-23-5-2021-suicides-and-self-harm-in-italys-cprs-c90cbf8b8154
2021-05-24,"AYS Weekend Digest 22–23.5.2021: Suicides and self-harm in Italy’s CPRs",https://medium.com/are-you-syrious/ays-weekend-digest-22-23-5-2021-suicides-and-self-harm-in-italys-cprs-871f00b5988b
2021-05-23,"AYS Special from Lesvos: Don’t film me chopping onions",https://medium.com/are-you-syrious/ays-special-from-lesvos-dont-film-me-chopping-onions-d910ef05cc49
2021-05-22,"AYS Daily Digest 21/5/21: “If the EU continues to tilt in this direction, then we can write off the…",https://medium.com/are-you-syrious/ays-daily-digest-21-5-21-if-the-eu-continues-to-tilt-in-this-direction-then-we-can-write-off-the-79d41d64b87a
2021-05-22,"AYS Daily Digest 21/5/21: “If the EU continues to tilt in this direction, then we can write off the…",https://medium.com/are-you-syrious/ays-daily-digest-21-5-21-if-the-eu-continues-to-tilt-in-this-direction-then-we-can-write-off-the-aacf503e4e7d
2021-05-21,"AYS Daily Digest 20/05/2021: Progress Made on Human Rights in EU Migration Deals",https://medium.com/are-you-syrious/ays-daily-digest-20-05-2021-progress-made-on-human-rights-in-eu-migration-deals-8fa59f67bed
2021-05-21,"AYS Daily Digest 20/05/2021: Progress Made on Human Rights in EU Migration Deals",https://medium.com/are-you-syrious/ays-daily-digest-20-05-2021-progress-made-on-human-rights-in-eu-migration-deals-8cd8c504422c
2021-05-20,"AYS Daily Digest 19/05/21–8,000 people used as ping pong balls between Spain and Morocco",https://medium.com/are-you-syrious/ays-daily-digest-19-05-21-8-000-people-used-as-ping-pong-balls-between-spain-and-morocco-eebc26585a56
2021-05-20,"AYS Daily Digest 19/05/21 — 8,000 people used as ping pong balls between Spain and Morocco",https://medium.com/are-you-syrious/ays-daily-digest-19-05-21-8-000-people-used-as-ping-pong-balls-between-spain-and-morocco-2f49a3a23828
2021-05-19,"AYS Daily Digest 18/05/2021: 146 years in prison for rescue action",https://medium.com/are-you-syrious/ays-daily-digest-18-05-2021-146-years-in-prison-for-rescue-action-8db0eadf7625
2021-05-19,"AYS Daily Digest 18/05/2021: 146 years in prison for rescue action",https://medium.com/are-you-syrious/ays-daily-digest-18-05-2021-146-years-in-prison-for-rescue-action-c2b076a44a74
2021-05-18,"AYS Daily Digest 17/05/2021 — Hundreds of People in Distress Across the Mediterranean",https://medium.com/are-you-syrious/ays-daily-digest-17-05-2021-hundreds-of-people-in-distress-across-the-mediterranean-fec2a33e1add
2021-05-18,"AYS Daily Digest 17/05/2021 — Hundreds of People in Distress Across the Mediterranean",https://medium.com/are-you-syrious/ays-daily-digest-17-05-2021-hundreds-of-people-in-distress-across-the-mediterranean-8a19a43007d4
2021-05-17,"AYS Weekend Digest 15–16/05/21: Josoor and Stop the Wall Statement on context of Gaza conflict",https://medium.com/are-you-syrious/ays-weekend-digest-15-16-05-21-josoor-and-stop-the-wall-statement-on-context-of-gaza-conflict-8871b0a489e9
2021-05-16,"AYS Special from Samos: “I ask myself, is it because I am a refugee? …”",https://medium.com/are-you-syrious/ays-special-from-samos-i-ask-myself-is-it-because-i-am-a-refugee-600ee3e9209e
2021-05-15,"AYS Daily Digest 14/5/21: Discrimination during the pandemic, both in policy and in practice",https://medium.com/are-you-syrious/ays-daily-digest-14-5-21-discrimination-during-the-pandemic-both-in-policy-and-in-practice-f86bbeb239e7
2021-05-15,"AYS Daily Digest 14/5/21: Discrimination during the pandemic, both in policy and in practice",https://medium.com/are-you-syrious/ays-daily-digest-14-5-21-discrimination-during-the-pandemic-both-in-policy-and-in-practice-5ebfea1a0e90
2021-05-14,"AYS Daily Digest 13/05/2021: Somali father sentenced to 146 years in prison for trying to save…",https://medium.com/are-you-syrious/ays-daily-digest-13-05-2021-somali-father-sentenced-to-146-years-in-prison-for-trying-to-save-a02013048365
2021-05-13,"AYS Daily Digest 12/05/2021: Spain wants to strengthen child protection",https://medium.com/are-you-syrious/ays-daily-digest-11-05-2021-spain-wants-to-strengthen-child-protection-9a1e8c2d5915
2021-05-12,"AYS Daily Digest 11/05/2021 — Italy, EU Scramble to Make Deals on Migration as New Arrivals Reach…",https://medium.com/are-you-syrious/ays-daily-digest-11-05-2021-italy-eu-scramble-to-make-deals-on-migration-as-new-arrivals-reach-2c562113a0a
2021-05-12,"AYS Daily Digest 11/05/2021 — Italy, EU Scramble to Make Deals on Migration as New Arrivals Reach…",https://medium.com/are-you-syrious/ays-daily-digest-11-05-2021-italy-eu-scramble-to-make-deals-on-migration-as-new-arrivals-reach-2cf3abff0c07
2021-05-11,"AYS Daily Digest 10/05/21–700 people back to Libyan detention",https://medium.com/are-you-syrious/ays-daily-digest-10-05-21-700-people-back-to-libyan-detention-a66182f8fe41
2021-05-10,"AYS Weekend Digest 08–09/05/2021: Frontex’s Europe Day Photo Contest Countered by NGOs",https://medium.com/are-you-syrious/ays-weekend-digest-08-09-05-2021-frontexs-europe-day-photo-contest-countered-by-ngos-f32f67b0c334
2021-05-10,"AYS Weekend Digest 08–09/05/2021: Frontex’s Europe Day Photo Contest Countered by NGOs",https://medium.com/are-you-syrious/ays-weekend-digest-08-09-05-2021-frontexs-europe-day-photo-contest-countered-by-ngos-b02f67e02cba
2021-05-08,"AYS Daily Digest 7/5/21: The Dublin Regulation cannot be circumvented unilaterally or through an…",https://medium.com/are-you-syrious/ays-daily-digest-7-5-21-the-dublin-regulation-cannot-be-circumvented-unilaterally-or-through-an-f2a6e292c2a8
2021-05-07,"AYS Daily Digest 06/05/2021: Paris Gymnasium Occupied to Protest Housing Failures",https://medium.com/are-you-syrious/ays-daily-digest-06-05-2021-paris-gymnasium-occupied-to-protest-housing-failures-78e7e5ded627
2021-05-06,"AYS Daily Digest 05/05/2021: Denmark is negotiating about offshore asylum procedures",https://medium.com/are-you-syrious/ays-daily-digest-05-05-2021-denmark-is-negotiating-about-offshore-asylum-procedures-bb87ef4611a7
2021-05-05,"AYS Daily Digest 04/05/21: 286 testimonies of torture along the Balkans",https://medium.com/are-you-syrious/ays-daily-digest-04-05-21-286-testimonies-of-torture-along-the-balkans-80a341007053
2021-05-05,"AYS Daily Digest 04/05/21: 286 testimonies of torture along the Balkans",https://medium.com/are-you-syrious/ays-daily-digest-04-05-21-286-testimonies-of-torture-along-the-balkans-5f92cd520492
2021-05-04,"AYS Daily Digest 03/05/21 ~ 50 people drown off Libyan coast",https://medium.com/are-you-syrious/ays-daily-digest-03-05-21-50-people-drown-off-libyan-coast-b5fc50d04406
2021-05-04,"AYS Daily Digest 03/05/21 ~ 50 people drown off Libyan coast",https://medium.com/are-you-syrious/ays-daily-digest-03-05-21-50-people-drown-off-libyan-coast-eecf017f8ccd
2021-05-02,"AYS Special: Frontex and Human Rights — How did we arrive here? Part 4 (April Update)",https://medium.com/are-you-syrious/ays-special-frontex-and-human-rights-how-did-we-arrive-here-part-4-april-update-4b11d10c0f0
2021-05-01,"AYS Daily Digest 30/04/21: Italian Navy Rescues People at Sea—Finally",https://medium.com/are-you-syrious/ays-daily-digest-30-04-21-italian-navy-rescues-people-at-sea-finally-b6ed9ea99453
2021-04-30,"AYS Daily Digest 29/4/2021 — Libyan Coast Guard: The EU interception force",https://medium.com/are-you-syrious/ays-daily-digest-29-4-2021-libyan-coast-guard-the-eu-interception-force-31e188333109
2021-04-30,"AYS Daily Digest 29/4/2021 — Libyan Coast Guard: The EU interception force",https://medium.com/are-you-syrious/ays-daily-digest-29-4-2021-libyan-coast-guard-the-eu-interception-force-2bc5affd43ed
2021-04-29,"AYS Daily Digest 28/4/21: Italian Ministry punishing those who wish to rise from invisibility",https://medium.com/are-you-syrious/ays-daily-digest-28-4-21-italian-ministry-punishing-those-who-wish-to-rise-from-invisibility-ed5c53e58b6d
2021-04-28,"AYS Daily Digest 27/04/2021 — More Details on Cruelty of Home Office’s New Plan for Immigration",https://medium.com/are-you-syrious/ays-daily-digest-27-04-2021-more-details-on-cruelty-of-home-offices-new-plan-for-immigration-ec9dde231314
2021-04-28,"AYS Daily Digest 27/04/2021 — More Details on Cruelty of Home Office’s New Plan for Immigration",https://medium.com/are-you-syrious/ays-daily-digest-27-04-2021-more-details-on-cruelty-of-home-offices-new-plan-for-immigration-ac10bf73ee7d
2021-04-27,"AYS Daily Digest 26/04/21 Legal Centre Lesvos files case against Greece for massive pushback",https://medium.com/are-you-syrious/ays-daily-digest-26-04-21-legal-centre-lesvos-files-case-against-greece-for-massive-pushback-92feb7d69851
2021-04-27,"AYS Daily Digest 26/04/21 Legal Centre Lesvos files case against Greece for massive pushback",https://medium.com/are-you-syrious/ays-daily-digest-26-04-21-legal-centre-lesvos-files-case-against-greece-for-massive-pushback-377fe09aece6
2021-04-26,"AYS Weekend Digest 24–25/04/21: A Deadly Weekend in the Mediterranean",https://medium.com/are-you-syrious/ays-weekend-digest-24-25-04-21-a-deadly-weekend-in-the-mediterranean-14c7c50b6a40
2021-04-26,"AYS Weekend Digest 24–25/04/21: A Deadly Weekend in the Mediterranean",https://medium.com/are-you-syrious/ays-weekend-digest-24-25-04-21-a-deadly-weekend-in-the-mediterranean-b24d7e87c294
2021-04-25,"AYS Special from Greece: The situation of LGBTQI+ people on the move",https://medium.com/are-you-syrious/ays-special-from-greece-the-situation-of-lgbtqi-people-on-the-move-68ce9599d876
2021-04-24,"AYS Daily Digest 23/4/2021: More Walls in Greece",https://medium.com/are-you-syrious/ays-daily-digest-23-4-2021-more-walls-in-greece-f08d8cc1b628
2021-04-24,"AYS Daily Digest 23/4/2021: More Walls in Greece",https://medium.com/are-you-syrious/ays-daily-digest-23-4-2021-more-walls-in-greece-854685814820
2021-04-23,"AYS Daily Digest 22/4/21: Croatian court says human rights of people-on-the-move were violated",https://medium.com/are-you-syrious/ays-daily-digest-22-4-21-croatian-court-says-human-rights-of-people-on-the-move-were-violated-975966326cb7
2021-04-22,"AYS Daily Digest 21/4/21: Denmark’s Migration Minister under pressure",https://medium.com/are-you-syrious/ays-daily-digest-21-4-21-denmarks-migration-minister-under-pressure-23b24aa45392
2021-04-21,"AYS Daily Digest 20/4/21: With every step, proof that people are not meant to settle, feel at home…",https://medium.com/are-you-syrious/ays-daily-digest-20-4-21-with-every-step-proof-that-people-are-not-meant-to-settle-feel-at-home-c2e3cb40ddad
2021-04-21,"AYS Daily Digest 20/4/21: With every step, proof that people are not meant to settle, feel at home…",https://medium.com/are-you-syrious/ays-daily-digest-20-4-21-on-every-step-a-proof-people-are-not-meant-to-settle-feel-at-home-or-7dd10c292879
2021-04-20,"AYS Daily Digest 19/04/21 Freedom of the press suffered in Greece during 2020",https://medium.com/are-you-syrious/ays-daily-digest-19-04-21-freedom-of-the-press-suffered-in-greece-during-2020-69895518c62
2021-04-20,"AYS Daily Digest 19/04/21 Freedom of the press suffered in Greece during 2020",https://medium.com/are-you-syrious/ays-daily-digest-19-04-21-freedom-of-the-press-suffered-in-greece-during-2020-778f0f25ea2b
2021-04-19,"AYS Weekend Digest 17–18/4/2021: Gaïa, abandoned building occupied in Lille, France",https://medium.com/are-you-syrious/ays-weekend-digest-17-18-4-2021-gai%CC%88a-abandoned-building-occupied-in-lille-france-dcb71bacc0f0
2021-04-17,"AYS Daily Digest 16/04/2021 — European Officials Made Deals With Libyan Coast Guard Knowing People…",https://medium.com/are-you-syrious/ays-daily-digest-16-04-2021-european-officials-made-deals-with-libyan-coast-guard-knowing-people-3836d81ff250
2021-04-16,"AYS Daily Digest: 15.04.21 — Greece, where has all the money gone?",https://medium.com/are-you-syrious/ays-daily-digest-15-04-21-greece-where-has-all-the-money-gone-9746460bc391
2021-04-15,"AYS Daily Digest 14/4/21: Racist attacks on Rhodes",https://medium.com/are-you-syrious/ays-daily-digest-14-4-21-racist-attacks-on-rhodes-8bb03386aee4
2021-04-14,"AYS Daily Digest 13/04/2021: Frontex Photo Competition and Counter-Measures",https://medium.com/are-you-syrious/ays-daily-digest-13-04-2021-frontex-photo-competition-and-counter-measures-434f9a80511a
2021-04-14,"AYS Daily Digest 13/04/2021: Frontex Photo Competition and Counter-Measures",https://medium.com/are-you-syrious/ays-daily-digest-13-04-2021-frontex-photo-competition-and-counter-measures-6e452a5a0c49
2021-04-13,"AYS Daily Digest 12/04/2021 — Libyan authorities release its most wanted human trafficker",https://medium.com/are-you-syrious/ays-daily-digest-12-04-2021-libyan-authorities-release-its-most-wanted-human-trafficker-538fa3d10cc5
2021-04-13,"AYS Daily Digest 12/04/2021 — Libyan authorities release its most wanted human trafficker",https://medium.com/are-you-syrious/ays-daily-digest-12-04-2021-libyan-authorities-release-its-most-wanted-human-trafficker-4ee97d4fe6fa
2021-04-12,"AYS Weekend Digest 10–11/4/2021 — Bans on Protests and Criminalisation in the Canaries",https://medium.com/are-you-syrious/ays-weekend-digest-10-11-4-2021-bans-on-protests-and-criminalisation-in-the-canaries-df76982e188d
2021-04-12,"AYS Weekend Digest 10-11/4/2021 — Bans on Protests and Criminalisation in the Canaries",https://medium.com/are-you-syrious/ays-weekend-digest-10-11-4-2021-bans-on-protests-and-criminalisation-in-the-canaries-6dc9ca48f0f
2021-04-10,"AYS Daily Digest 09/04/2021 — Young Man Drowned Off the Coast of Melilla",https://medium.com/are-you-syrious/ays-daily-digest-09-04-2021-young-man-drowned-off-the-coast-of-melilla-a58e2bffc984
2021-04-10,"AYS Special from Turkey — The Panorama of Refugee Rights during the pandemic",https://medium.com/are-you-syrious/draft-ays-special-from-turkey-the-panorama-of-refugee-rights-during-the-pandemic-f83509fabbd1
2021-04-10,"AYS Daily Digest 09/04/2021 — Young Man Drowned Off the Coast of Melilla",https://medium.com/are-you-syrious/ays-daily-digest-09-04-2021-young-man-drowned-off-the-coast-of-melilla-99962ea8f51e
2021-04-09,"AYS Daily Digest 8/4/21:The fight against deportations continues",https://medium.com/are-you-syrious/ays-daily-digest-8-4-21-the-fight-against-deportations-continues-3f5b8befbb2e
2021-04-08,"AYS Daily Digest 07/04/2021 — The EU and Italy funnel more money towards Turkey and Libya…",https://medium.com/are-you-syrious/ays-daily-digest-07-04-2021-the-eu-and-italy-funnel-more-money-towards-turkey-and-libya-6852ab245a16
2021-04-07,"AYS Daily Digest 06/04/2021: Spotlight on Tuzla, forgotten city along on the Balkan Route",https://medium.com/are-you-syrious/ays-daily-digest-06-04-2021-spotlight-on-tuzla-forgotten-city-along-on-the-balkan-route-54dc688015e3
2021-04-07,"AYS Daily Digest 06/04/2021: Spotlight on Tuzla, forgotten city along on the Balkan Route",https://medium.com/are-you-syrious/ays-daily-digest-06-04-2021-spotlight-on-tuzla-forgotten-city-along-on-the-balkan-route-1994f57a9f95
2021-04-06,"AYS Daily Digest 05/04/21 “What have I done wrong?”",https://medium.com/are-you-syrious/ays-daily-digest-05-04-21-what-have-i-done-wrong-2b9d1f0ebfca
2021-04-06,"AYS Daily Digest 05/04/21 “What have I done wrong?”",https://medium.com/are-you-syrious/ays-daily-digest-05-04-21-what-have-i-done-wrong-4cd5a637588f
2021-04-05,"AYS Weekend Digest 3-4/4/2021: Another Easter Tragedy Narrowly Avoided",https://medium.com/are-you-syrious/ays-weekend-digest-3-4-4-2021-another-easter-tragedy-narrowly-avoided-7585fa10599b
2021-04-04,"AYS Special: Frontex and Human Rights — How did we arrive here? Part 4 (March update)",https://medium.com/are-you-syrious/ays-special-frontex-and-human-rights-how-did-we-arrive-here-part-4-march-update-4c617fc8e80c
2021-04-03,"AYS Daily Digest 02/04/2021: Europe, don’t let there be another Easter tragedy!",https://medium.com/are-you-syrious/ays-daily-digest-02-04-2021-europe-dont-let-there-be-another-easter-tragedy-c7ee666a26cc
2021-04-03,"AYS Daily Digest 02/04/2021: Europe, don’t let there be another Easter Tragedy!",https://medium.com/are-you-syrious/ays-daily-digest-02-04-2021-europe-dont-let-there-be-another-easter-tragedy-71c269ee30e3
2021-04-01,"AYS Daily Digest 31/3/21: A positive decision at the end of a case that never should have existed",https://medium.com/are-you-syrious/ays-daily-digest-31-3-21-a-positive-decision-at-the-end-of-a-case-that-never-should-have-existed-a7d92727be82
2021-03-31,"AYS Daily Digest 30/03: The Libyan coastguard’s nine telephone numbers",https://medium.com/are-you-syrious/ays-daily-digest-30-03-the-libyan-coastguards-nine-telephone-numbers-b717859c5971
2021-03-30,"AYS Daily Digest 29/03/21 Johansson visited Greek refugee camps like a prison warden",https://medium.com/are-you-syrious/ays-daily-digest-29-03-21-johansson-visited-greek-refugee-camps-like-a-prison-warden-28e45e064603
2021-03-30,"AYS Daily Digest 29/03/21 Johansson visited Greek refugee camps like a prison warden",https://medium.com/are-you-syrious/ays-daily-digest-29-03-21-johansson-visited-greek-refugee-camps-like-a-prison-warden-8bf86d4eec64
2021-03-29,"AYS Weekend Digest 27–28/3/2021 — Italian/French border: Eviction of the Casa Cantoniera",https://medium.com/are-you-syrious/ays-weekend-digest-27-28-3-2021-italian-french-border-eviction-of-the-casa-cantoniera-ed26bf69273c
2021-03-29,"AYS Weekend Digest 27–28/3/2021 —  Italian/French border: Eviction of the Casa Cantoniera",https://medium.com/are-you-syrious/ays-weekend-digest-27-28-3-2021-italian-french-border-eviction-of-the-casa-cantoniera-c80f108b413c
2021-03-28,"AYS Special from Samos: For No Other Reason Than Your Skin Colour",https://medium.com/are-you-syrious/ays-special-from-samos-for-no-other-reason-than-your-skin-colour-596b15d10920
2021-03-27,"AYS Daily Digest 26/3/21: Deported from Denmark to Somalia, where he has been sentenced to death",https://medium.com/are-you-syrious/ays-daily-digest-26-3-21-deported-from-denmark-to-somalia-where-he-has-been-sentenced-to-death-2e63f9bbf9b4
2021-03-27,"AYS Daily Diges 26/3/21: Deported from Denmark to Somalia, where he has been sentenced to death",https://medium.com/are-you-syrious/ays-daily-diges-26-3-21-deported-from-denmark-to-somalia-where-he-has-been-sentenced-to-death-10aeae72092b
2021-03-26,"AYS Daily Digest 25/03/2021 — EU countries to further collaborate with Libya on migration…",https://medium.com/are-you-syrious/ays-daily-digest-25-03-2021-eu-countries-to-further-collaborate-with-libya-on-migration-43e9b7d8100
2021-03-26,"AYS Daily Digest 25/03/2021 — EU countries to further collaborate with Libya on migration…",https://medium.com/are-you-syrious/ays-daily-digest-25-03-2021-eu-countries-to-further-collaborate-with-libya-on-migration-5f5d6a23eb0e
2021-03-25,"AYS Daily Digest 24/03/2021: UK’s new plan on immigration",https://medium.com/are-you-syrious/ays-daily-digest-24-03-2021-uks-new-plan-on-immigration-c97b5635438b
2021-03-24,"AYS Daily Digest 23/03/2021 — Ocean Viking Finally Receives Safe Port",https://medium.com/are-you-syrious/ays-daily-digest-23-03-2021-ocean-viking-finally-receives-safe-port-8c3b72553b5e
2021-03-24,"AYS Daily Digest 23/03/2021—Ocean Viking Finally Receives Safe Port",https://medium.com/are-you-syrious/ays-daily-digest-23-03-2021-ocean-viking-finally-receives-safe-port-b7cd685da86d
2021-03-23,"AYS Daily Digest 22/03/21: Four people die, 19 injured after a lorry tragedy on a highway in…",https://medium.com/are-you-syrious/ays-daily-digest-22-03-21-four-people-die-19-injured-after-a-lorry-tragedy-on-a-highway-in-7431173df34c
2021-03-23,"AYS Daily Digest 22/03/21: 4 people die, 19 injured after a lorry tragedy on a highway in Croatia",https://medium.com/are-you-syrious/ays-daily-digest-22-03-21-4-people-die-19-injured-after-a-lorry-tragedy-on-a-highway-in-croatia-22ff9070a477
2021-03-22,"AYS Weekend Digest 20–21/3/2021: Greece: ‘Illegal pushbacks, Lives at risk, NGOs prosecuted’…",https://medium.com/are-you-syrious/ays-weekend-digest-20-21-3-2021-greece-illegal-pushbacks-lives-at-risk-ngos-prosecuted-5f1f07b92851
2021-03-22,"AYS Weekend Digest 20–21/3/2021: Greece: Illegal pushbacks, Lives at risk, NGOs prosecuted",https://medium.com/are-you-syrious/ays-weekend-digest-20-21-3-2021-greece-illegal-pushbacks-lives-at-risk-ngos-prosecuted-1a22c809a351
2021-03-21,"AYS Special from Greece— The ongoing failure of accommodation programs",https://medium.com/are-you-syrious/ays-special-from-greece-the-ongoing-failure-of-accommodation-programs-3d6677ed415c
2021-03-20,"AYS Daily Digest 19/03/2021: How Many More Deaths at Sea?",https://medium.com/are-you-syrious/ays-daily-digest-19-03-2021-how-many-more-deaths-at-sea-cf36b337525f
2021-03-20,"AYS Daily Digest 19/03/2021: How Many More Deaths at Sea?",https://medium.com/are-you-syrious/ays-daily-digest-19-03-2021-how-many-more-deaths-at-sea-9966da42f48c
2021-03-19,"AYS Daily Digest 18/03/2021: The EU-Turkey deal, 5 years on",https://medium.com/are-you-syrious/ays-daily-digest-18-03-2021-the-eu-turkey-deal-5-years-on-c13a83775a21
2021-03-19,"AYS Daily Digest 18/02/2021: 5 years of EU-Turkey deal",https://medium.com/are-you-syrious/ays-daily-digest-18-02-2021-5-years-of-eu-turkey-deal-275dc22d914e
2021-03-18,"AYS Daily Digest 17/3/21: Serbia — The number of total decisions on asylum lowest in the past four…",https://medium.com/are-you-syrious/ays-daily-digest-17-3-21-serbia-the-number-of-total-decisions-on-asylum-lowest-in-the-past-four-3cc0cf399016
2021-03-17,"AYS Daily Digest 16/03/2021: “Inhumane” camp in UK shut down by Home Office",https://medium.com/are-you-syrious/ays-daily-digest-16-03-2021-inhumane-camp-in-uk-shut-down-by-home-office-16eaf521a38b
2021-03-17,"AYS Daily Digest 16/03/2021: “Inhumane” camp in UK shut down by Home Office",https://medium.com/are-you-syrious/ays-daily-digest-16-03-2021-inhumane-camp-in-uk-shut-down-by-home-office-5e8c17450321
2021-03-16,"AYS Daily Digest 15/03/2021 — A decade later, the war on Syria’s civilians is far from over",https://medium.com/are-you-syrious/ays-daily-digest-15-03-2021-a-decade-later-the-war-on-syrias-civilians-is-far-from-over-9ee02b5803d3
2021-03-16,"AYS Daily Digest 15/03/2021 — A decade later, the war on Syria’s civilians is far from over",https://medium.com/are-you-syrious/ays-daily-digest-15-03-2021-a-decade-later-the-war-on-syrias-civilians-is-far-from-over-c47acfeec5ba
2021-03-15,"AYS Weekend Digest 13–14.03.21: Protests and repression in Canary Islands’ camp",https://medium.com/are-you-syrious/ays-weekend-digest-13-14-03-21-protests-and-repression-in-canary-islands-camp-84f2532513c
2021-03-15,"AYS Weekend Digest 13–14.03.21: Protests and repression in Canary islands’ camp",https://medium.com/are-you-syrious/weekend-digest-draft-13-14-03-21-protests-and-repression-in-canary-island-camp-c039b8dc9449
2021-03-14,"AYS Special from Greece: Recognised refugees sleeping on the street as EU scheme scrapped",https://medium.com/are-you-syrious/ays-special-from-greece-recognised-refugees-sleeping-on-the-street-as-eu-scheme-scrapped-cfd8c54e5c6f
2021-03-13,"AYS Daily Digest 12/03/2021: Alarm Phone warns about suspected pushback in Evros region",https://medium.com/are-you-syrious/ays-daily-digest-12-03-2021-alarm-phone-warns-about-suspected-pushback-in-evros-region-f9613fb2211e
2021-03-13,"AYS Daily Digest 12/03/2021: Alarm Phone warns about suspected pushback in Evros region",https://medium.com/are-you-syrious/ays-daily-digest-12-03-2021-alarm-phone-warns-about-suspected-pushback-in-evros-region-74ece44c51af
2021-03-12,"AYS Daily Digest 11/03/2021—53 People Land on Lesvos, Turn to NGOs For Help",https://medium.com/are-you-syrious/ays-daily-digest-11-03-2021-53-people-land-on-lesvos-turn-to-ngos-for-help-62e3e2624c9a
2021-03-11,"AYS Daily Digest 10/3/21: Evictions, deportations and outsourced securitisation",https://medium.com/are-you-syrious/ays-daily-digest-10-3-21-evictions-deportations-and-outsourced-securitisation-1188ea483b27
2021-03-10,"AYS Daily Digest 09/03/2021: Guilty verdict for two in Moria fire trial",https://medium.com/are-you-syrious/ays-daily-digest-09-03-2021-guilty-verdict-for-two-in-moria-fire-trial-2993f1ae6a7d
2021-03-10,"AYS Daily Digest 09/03/2021: Guilty verdict for two in Moria fire trial",https://medium.com/are-you-syrious/ays-daily-digest-09-03-2021-guilty-verdict-for-2-in-moria-fire-trial-ce1e9a72186b
2021-03-09,"AYS Daily Digest 08/03/21 Women’s Day movements: Feminism must include refugees",https://medium.com/are-you-syrious/ays-daily-digest-08-03-21-womens-day-movements-feminism-must-include-refugees-f22456da4ca4
2021-03-08,"AYS Weekend Digest 6–7/3/2021: Solidarity along the Balkan route",https://medium.com/are-you-syrious/ays-weekend-digest-6-7-3-2021-solidarity-along-the-balkan-route-2b7e54152894
2021-03-08,"AYS Weekend Digest 6–7/3/2021: Solidarity along the Balkan route",https://medium.com/are-you-syrious/ays-weekend-digest-6-7-3-2021-solidarity-along-the-balkan-route-e9d5e90d5935
2021-03-08,"AYS International Women’s Day Special: Who is Louise Michel?",https://medium.com/are-you-syrious/ays-international-womens-day-special-who-is-louise-michel-c156eb428c75
2021-03-06,"AYS Daily Digest 5/3/21: Tragic mine explosion kills young man, leaving others severely injured",https://medium.com/are-you-syrious/ays-daily-digest-5-3-21-tragic-mine-explosion-kills-young-man-leaving-others-severely-injured-ae3a59cd1ffe
2021-03-06,"AYS Daily Digest 5/3/21: Tragic mine explosion killing young man, leaving others severely injured",https://medium.com/are-you-syrious/ays-daily-digest-5-3-21-tragic-mine-explosion-killing-young-man-leaving-others-severely-injured-9945bd2b9513
2021-03-05,"AYS Daily Digest — 04/03/2021: Frontex watchdog draws closer to determine agency implication in…",https://medium.com/are-you-syrious/ays-daily-digest-04-03-2021-frontex-watchdog-draws-closer-to-determine-agency-implication-in-1bd9459a11a6
2021-03-04,"AYS Daily Digest 03/03/2021: Iuventa crew and others may face legal charges for SAR work",https://medium.com/are-you-syrious/ays-daily-digest-03-03-2021-iuventa-crew-and-others-may-face-legal-charges-for-sar-work-d7f644f671e4
2021-03-03,"AYS Daily Digest 02/03/2021: Sea Watch 4 released from blockade and safe port found for Sea Watch 3",https://medium.com/are-you-syrious/ays-daily-digest-02-03-2021-sea-watch-4-released-from-blockade-and-safe-port-found-for-sea-watch-3-34c928ec035f
2021-03-03,"AYS Daily Digest 02/03/2021: Sea Watch 4 released from blockade and safe port found for Sea Watch 3",https://medium.com/are-you-syrious/ays-daily-digest-02-03-2021-sea-watch-4-released-from-blockade-and-safe-port-found-for-sea-watch-3-454110b89669
2021-03-02,"AYS Daily Digest 01/03/21 Home Office to build new women’s detention centre in County Durham",https://medium.com/are-you-syrious/ays-daily-digest-01-03-21-home-office-to-build-new-womens-detention-centre-in-county-durham-eb4f772e04dd
2021-03-02,"AYS Daily Digest 01/03/21 Home Office to build new women’s detention centre in County Durham",https://medium.com/are-you-syrious/ays-daily-digest-01-03-21-home-office-to-build-new-womens-detention-centre-in-county-durham-661080e7256b
2021-03-01,"AYS Weekend Digest 27–28/2/2021 People left on the streets as Filoxenia shuts down",https://medium.com/are-you-syrious/ays-weekend-digest-27-28-2-2021-people-left-on-the-streets-as-filoxenia-shuts-down-b6b6081269a6
2021-03-01,"AYS Weekend Digest 27–28/2/2021 People left on the streets as Filoxenia shuts down",https://medium.com/are-you-syrious/ays-weekend-digest-27-28-2-2021-people-left-on-the-streets-as-filoxenia-shuts-down-48ee8747308a
2021-02-28,"AYS Special from the UK — Credibility assessments in Human trafficking cases",https://medium.com/are-you-syrious/ays-special-from-the-uk-credibility-assessments-in-human-trafficking-cases-b4701963b9e1
2021-02-27,"AYS Daily Digest 26/02/2021 — Woman Charged With Arson For Setting Herself on Fire in Lesvos",https://medium.com/are-you-syrious/ays-daily-digest-26-02-2021-woman-charged-with-arson-for-setting-herself-on-fire-in-lesvos-7a5b71a769ca
2021-02-27,"AYS Daily Digest 26/02/2021—Woman Charged With Arson For Setting Herself on Fire in Lesvos",https://medium.com/are-you-syrious/ays-daily-digest-26-02-2021-woman-charged-with-arson-for-setting-herself-on-fire-in-lesvos-792d4adaa039
2021-02-26,"AYS Daily Digest 25/2/21: Two court cases of collective chain pushbacks from Austria to…",https://medium.com/are-you-syrious/ays-daily-digest-25-2-21-two-court-cases-of-collective-chain-pushbacks-from-austria-to-2b6792add4c4
2021-02-25,"AYS Daily Digest 24/02/21 >200 refugees evicted from Bihac, brought to Lipa",https://medium.com/are-you-syrious/ays-daily-digest-24-02-21-200-refugees-evicted-from-bihac-brought-to-lipa-932bdf412980
2021-02-24,"AYS Daily Digest 23/02/2021 — EU moves to check Hungary over anti-solidarity legislation",https://medium.com/are-you-syrious/ays-daily-digest-23-02-2021-eu-moves-to-check-hungary-over-anti-solidarity-legislation-b1714740d70b
2021-02-24,"AYS Daily Digest 23/02/2021—EU moves to check Hungary over anti-solidarity legislation",https://medium.com/are-you-syrious/ays-daily-digest-23-02-2021-eu-moves-to-check-hungary-over-anti-solidarity-legislation-bdd9973351a5
2021-02-23,"AYS Daily Digest 22/02/2021 — Children along migrant routes endure mental health crisis and abuse",https://medium.com/are-you-syrious/ays-daily-digest-22-02-2021-children-along-migrant-routes-endure-mental-health-crisis-and-abuse-76e29f3b01a0
2021-02-23,"AYS Daily Digest 22/02/2021 — Children along migrant routes endure mental health crisis and abuse",https://medium.com/are-you-syrious/ays-daily-digest-22-02-2021-children-along-migrant-routes-endure-mental-health-crisis-and-abuse-9adc2fe28b83
2021-02-22,"AYS Weekend Digest 20–21/2/2021: Child abuse in Greece",https://medium.com/are-you-syrious/ays-weekend-digest-20-21-2-2021-child-abuse-in-greece-eb3d8e8d9ea0
2021-02-22,"AYS Weekend Digest 20–21/2/2021: Child abuse in Greece",https://medium.com/are-you-syrious/ays-weekend-digest-20-21-2-2021-child-abuse-in-greece-6acc40c853f3
2021-02-21,"AYS Special from Italy: 2020, not only Covid-19. Deportation, invisibility, detention… PART II",https://medium.com/are-you-syrious/ays-special-from-italy-2020-not-only-covid-19-deportation-invisibility-detention-part-ii-23b123b96e9c
2021-02-20,"AYS Daily Digest 19/02/2021 — Fire in Moria 2.0",https://medium.com/are-you-syrious/ays-daily-digest-19-02-2021-fire-in-moria-2-0-e9fa080dcf4b
2021-02-20,"AYS Daily Digest 19/02/2021—Fire in Moria 2.0",https://medium.com/are-you-syrious/ays-daily-digest-19-02-2021-fire-in-moria-2-0-174c936a07a6
2021-02-19,"AYS Daily Digest: 18/02/2021: One year after the racist terror attack in Germany",https://medium.com/are-you-syrious/ays-daily-digest-18-02-2021-one-year-after-the-racist-terror-attack-in-germany-3e468229c80
2021-02-18,"AYS Daily Digest 17/2/21: “Greek state’s failure amounts to an attack on people’s lives”",https://medium.com/are-you-syrious/ays-daily-digest-17-2-21-greek-states-failure-amounts-to-an-attack-on-people-s-lives-c88a98bf4c67
2021-02-17,"AYS Daily Digest 16/02/21 Migrants win the right to challenge Napier Barracks",https://medium.com/are-you-syrious/ays-daily-digest-16-02-21-migrants-win-the-right-to-challenge-napier-barracks-3c8f2718fca4
2021-02-17,"AYS Daily Digest 16/02/21 Migrants win the right to challenge Napier Barracks",https://medium.com/are-you-syrious/ays-daily-digest-16-02-21-migrants-win-the-right-to-challenge-napier-barracks-af131499a355
2021-02-16,"AYS News Digest 15/2/21: Lawyers Want to Bring Frontex to Court over Abuses in Aegean",https://medium.com/are-you-syrious/ays-news-digest-15-2-21-lawyers-want-to-bring-frontex-to-court-over-abuses-in-aegean-e8aa9de226cf
2021-02-16,"AYS News Digest 15/2/21: Lawyers Want to Bring Frontex to Court over Abuses in Aegean",https://medium.com/are-you-syrious/ays-news-digest-15-2-21-lawyers-want-to-bring-frontex-to-court-over-abuses-in-aegean-ddd0cb5a3290
2021-02-15,"AYS Weekend Digest 13–14/2/21: Banks close accounts and options for many people under…",https://medium.com/are-you-syrious/ays-weekend-digest-13-14-2-21-banks-close-accounts-and-options-for-many-people-under-9e955fe1aea4
2021-02-15,"AYS Weekend Digest 13–14/2/21: Banks close accounts and options for many people under…",https://medium.com/are-you-syrious/ays-weekend-digest-13-14-2-21-banks-close-accounts-and-options-for-many-people-under-139074142180
2021-02-14,"AYS Special from Italy: 2020, not only Covid-19. Deportation, invisibility, detention… PART I",https://medium.com/are-you-syrious/ays-special-from-italy-2020-not-only-covid-19-deportation-invisibility-detention-part-i-e6b199a72f36
2021-02-13,"AYS Digest 12/02/2021 — New rescues in the Mediterranean, while Libyan coastguard intercepts…",https://medium.com/are-you-syrious/ays-digest-12-02-2021-new-rescues-in-the-mediterranean-while-libyan-coastguard-intercepts-965040b9324f
2021-02-13,"AYS Digest 12/02/2021 — New Rescues in the Mediterranean, while Libyan coastguard intercepts…",https://medium.com/are-you-syrious/ays-digest-12-02-2021-new-rescues-in-the-mediterranean-while-libyan-coastguard-intercepts-bf0117f3a5d8
2021-02-12,"AYS Daily Digest 11/2/2021 — What is Europe Doing to Children?",https://medium.com/are-you-syrious/ays-daily-digest-11-2-2021-what-is-europe-doing-to-children-6b0561c59cad
2021-02-12,"AYS Daily Digest 11/2/2021—What is Europe Doing to Children?",https://medium.com/are-you-syrious/ays-daily-digest-11-2-2021-what-is-europe-doing-to-children-64f2e4154c7d
2021-02-11,"AYS Daily Digest 10/02/20: Deportations in the midst of a pandemic",https://medium.com/are-you-syrious/ays-daily-digest-10-02-20-deportations-in-the-midst-of-a-pandemic-84b4310848b1
2021-02-10,"AYS Daily Digest 09/02/20 ‘CommemorAction’ for 91 people lost in Central Med last year",https://medium.com/are-you-syrious/ays-daily-digest-09-02-20-commemoraction-for-91-people-lost-in-central-med-last-year-7dda087f959d
2021-02-10,"AYS Daily Digest 09/02/20 ‘CommemorAction’ for 91 people lost in Central Med last year",https://medium.com/are-you-syrious/ays-daily-digest-09-02-20-commemoraction-for-91-people-lost-in-central-med-last-year-1edf4f79b3df
2021-02-09,"AYS Daily Digest 08/02/21 UK: Undocumented people to receive vaccine in hostile environment",https://medium.com/are-you-syrious/ays-daily-digest-08-02-21-uk-undocumented-people-to-receive-vaccine-in-hostile-environment-f695c5d25a7c
2021-02-09,"AYS Daily Digest 08/02/21 UK: Undocumented people to receive vaccine in hostile environment",https://medium.com/are-you-syrious/ays-daily-digest-08-02-21-uk-undocumented-people-to-receive-vaccine-in-hostile-environment-b99d3035b087
2021-02-08,"AYS Weekend Digest 06–07/02/2021 Illegal detention of minors in UK",https://medium.com/are-you-syrious/ays-weekend-digest-06-07-02-2021-illegal-detention-of-minors-in-uk-c27488b9c3e4
2021-02-08,"AYS Weekend Digest 06–07/02/2021 Illegal detention of minors in UK",https://medium.com/are-you-syrious/ays-weekend-digest-06-07-02-2021-illegal-detention-of-minors-in-uk-649794f8c329
2021-02-06,"AYS Daily Digest 05/02/2021 — Frontex’s Cosy Corporate Ties, Exposed",https://medium.com/are-you-syrious/ays-daily-digest-05-02-2021-frontexs-cosy-corporate-ties-exposed-203520a1d73e
2021-02-06,"AYS Daily Digest 05/02/2021—Frontex’s Cosy Corporate Ties, Exposed",https://medium.com/are-you-syrious/ays-daily-digest-05-02-2021-frontexs-cosy-corporate-ties-exposed-8096e850b5db
2021-02-05,"AYS Daily Digest 4/1/21: Frontex Under Fire (Again) for Lack of Accountability",https://medium.com/are-you-syrious/ays-daily-digest-4-1-21-frontex-under-fire-again-for-lack-of-accountability-94a0470630e6
2021-02-04,"AYS Daily Digest 03/02/2021: Good News: First Syrian National is running for German parliament",https://medium.com/are-you-syrious/ays-daily-digest-03-02-2021-good-news-first-syrian-national-is-running-for-german-parliament-855655b58ca7
2021-02-03,"Daily Digest 02/02/21 Four years since Italy-Libya agreement & “nothing has changed”",https://medium.com/are-you-syrious/daily-digest-02-02-21-four-years-since-italy-libya-agreement-nothing-has-changed-79cc2b639202
2021-02-03,"AYS Daily Digest 02/02/21 Four years since Italy-Libya agreement & “nothing has changed”",https://medium.com/are-you-syrious/daily-digest-02-02-21-4-years-since-italy-libya-agreement-nothing-has-changed-ffaa53e61b8f
2021-02-02,"AYS Daily Digest 1/2/2021: “Crimes against humanity” in the Mediterranean",https://medium.com/are-you-syrious/ays-daily-digest-1-2-2021-crimes-against-humanity-in-the-mediterranean-814094c11f2e
2021-02-02,"AYS Daily Digest 1/2/2021: “Crimes against humanity” in the Mediterranean",https://medium.com/are-you-syrious/ays-daily-digest-1-2-2021-crimes-against-humanity-in-the-mediterranean-6eecdf43df9d
2021-02-01,"AYS Weekend Digest 30–31/1/2021 UK: Has the government learnt anything from the Fire at Napier? No.",https://medium.com/are-you-syrious/ays-weekend-digest-30-31-1-2021-uk-has-the-government-learnt-anything-from-the-fire-at-napier-no-527b77724a7
2021-02-01,"AYS Weekend Digest 30–31/1/2021 UK: Has the government learnt anything from the Fire at Napier? No.",https://medium.com/are-you-syrious/ays-weekend-digest-30-31-1-2021-uk-has-the-government-learnt-anything-from-the-fire-at-napier-no-a0ae5537ba2d
2021-01-31,"AYS Special from the Greek Islands: Another ‘Surprise’ Winter on Chios, Samos and Lesvos",https://medium.com/are-you-syrious/another-surprise-winter-on-the-islands-chios-samos-and-lesvos-36dabd5285ec
2021-01-30,"AYS Daily Digest 29/01/2021 — “Stansted 15” Activists win appeal against terrorist accusation",https://medium.com/are-you-syrious/ays-daily-digest-29-01-2021-stansted-15-activists-win-appeal-against-terrorist-accusation-bf9c2fe241a5
2021-01-30,"AYS Daily Digest 29/01/2021 — “Stansted 15” Activists win appeal against terrorist accusation",https://medium.com/are-you-syrious/ays-daily-digest-29-01-2021-stansted-15-activists-win-appeal-against-terrorist-accusation-2de0b1314740
2021-01-29,"AYS Daily Digest 27/1/21: Fire in a refugee camp in Kosovo leaves six injured",https://medium.com/are-you-syrious/ays-daily-digest-27-1-21-fire-in-a-refugee-camp-in-kosovo-leaves-six-injured-6ab09d69cf0e
2021-01-29,"AYS Daily Digest 28/1/21: Fire in a refugee camp in Kosovo leaves six injured",https://medium.com/are-you-syrious/ays-daily-digest-27-1-21-fire-in-a-refugee-camp-in-kosovo-leaves-six-injured-19f99ff03349
2021-01-28,"AYS Daily Digest 27/1/21: Alarming conditions for over 700 people in Sombor",https://medium.com/are-you-syrious/ays-daily-digest-27-1-21-alarming-conditions-for-over-700-people-in-sombor-84a32f2ec2cb
2021-01-27,"AYS Daily Digest 26/01/2021 — German Court Stops Deportations to Greece, Cites “Degrading…",https://medium.com/are-you-syrious/ays-daily-digest-26-01-2021-german-court-stops-deportations-to-greece-cites-degrading-85f325b5f2e3
2021-01-27,"AYS Daily Digest 26/01/2021 — German Court Stops Deportations to Greece, Cites “Degrading…",https://medium.com/are-you-syrious/ays-daily-digest-26-01-2021-german-court-stops-deportations-to-greece-cites-degrading-141ecc41e884
2021-01-26,"AYS Daily Digest 25/01/21 Ocean Viking rescues 373 people to Sicily",https://medium.com/are-you-syrious/ays-daily-digest-25-01-21-ocean-viking-rescues-373-people-to-sicily-b5df62f8415b
2021-01-26,"AYS Daily Digest 25/01/21 Ocean Viking rescues 373 people to Sicily",https://medium.com/are-you-syrious/ays-daily-digest-25-01-21-ocean-viking-rescues-373-people-to-sicily-2c4a8ceeb38e
2021-01-25,"AYS Weekend Digest 23–24/01/2021: UK — The Home Office VS the Law",https://medium.com/are-you-syrious/ays-weekend-digest-23-24-01-2021-uk-the-home-office-vs-the-law-82e0b2051657
2021-01-25,"AYS Weekend Digest 23–24/01/2021: UK — The Home Office vs the Law",https://medium.com/are-you-syrious/ays-weekend-digest-23-24-01-2021-uk-the-home-office-vs-the-law-c101e3543b7f
2021-01-23,"AYS Daily Digest 22/1/21: 6.5 Mil. Euros for a fake NGO",https://medium.com/are-you-syrious/ays-daily-digest-22-1-21-6-5-mil-euros-for-a-fake-ngo-3b7218f2a05d
2021-01-23,"AYS Daily Digest 22/1/21: 6.5 Mio. Euros for a fake NGO",https://medium.com/are-you-syrious/ays-daily-digest-22-1-21-6-5-mio-euros-for-a-fake-ngo-419c308e3ae3
2021-01-22,"AYS Daily Digest 21/1/21: Detention — The EU and UK’s common trait after Brexit",https://medium.com/are-you-syrious/ays-daily-digest-21-1-21-detention-the-eu-and-uks-common-trait-after-brexit-b2b4b9038867
2021-01-20,"AYS Daily Digest 19/01/2021 — Debate on Humanitarian Situation at Borders in EU Parliament",https://medium.com/are-you-syrious/ays-daily-digest-19-01-2021-debate-on-humanitarian-situation-at-borders-in-eu-parliament-c9e2b143e6a
2021-01-20,"AYS Daily Digest 19/01/2021—Debate on Humanitarian Situation at Borders in EU Parliament",https://medium.com/are-you-syrious/ays-daily-digest-19-01-2021-debate-on-humanitarian-situation-at-borders-in-eu-parliament-333fe71d3856
2021-01-19,"AYS Daily Digest 18/01/21 Flooded tent living in freezing weather during a pandemic in Greece",https://medium.com/are-you-syrious/ays-daily-digest-18-01-21-flooded-tent-living-in-freezing-weather-during-a-pandemic-in-greece-f624aaf459d2
2021-01-19,"AYS Daily Digest 18/01/21 Flooded tent living in freezing weather during a pandemic in Greece",https://medium.com/are-you-syrious/ays-daily-digest-18-01-21-flooded-tent-living-in-freezing-weather-during-a-pandemic-in-greece-f7c89d96657
2021-01-18,"AYS Weekend Digest 16–17/01/2021 In Memory of Shehzad Luqman",https://medium.com/are-you-syrious/ays-weekend-digest-16-17-01-2021-in-memory-of-shehzad-luqman-1aea26a8452e
2021-01-17,"AYS Special from Samos — Fires, Human Rights Violations and Pushbacks",https://medium.com/are-you-syrious/ays-special-from-samos-fires-human-rights-violations-and-pushbacks-374b8227d5af
2021-01-16,"AYS Daily Digest 15/1/21: “Laye has been regularised”",https://medium.com/are-you-syrious/ays-daily-digest-15-1-21-laye-has-been-regularised-8cc3f314b16a
2021-01-15,"AYS Daily Digest 14/01/2021: Contradicting Interior Minister, German authorities state no reason…",https://medium.com/are-you-syrious/ays-daily-digest-14-01-2021-contradicting-interior-minister-german-authorities-state-no-reason-bb18266d729c
2021-01-15,"AYS Daily Digest 14/01/2021: German authorities see no reasons for blocking SAR-boats",https://medium.com/are-you-syrious/ays-daily-digest-14-01-2021-german-authorities-see-no-reasons-for-blocking-sar-boats-3a682b18f626
2021-01-13,"AYS Daily Digest 12/1/21 UK: Stop Yarl’s Wood Prison Camp",https://medium.com/are-you-syrious/ays-daily-digest-12-1-21-uk-stop-yarls-wood-prison-camp-f638e7f3d10b
2021-01-13,"AYS Daily Digest 12/1/21 UK: Stop Yarl’s Wood Prison Camp",https://medium.com/are-you-syrious/ays-daily-digest-12-1-21-uk-stop-yarl-woods-prison-camp-9fdcaf7a1e7f
2021-01-12,"AYS Daily Digest 11/1/2021 — OLAF Investigating Frontex",https://medium.com/are-you-syrious/ays-daily-digest-11-1-2021-olaf-investigating-frontex-6c3d434a1623
2021-01-12,"AYS Daily Digest 11/1/2021—Olaf Investigating Frontex",https://medium.com/are-you-syrious/ays-daily-digest-11-1-2021-olaf-investigating-frontex-619f7514d6f9
2021-01-11,"AYS Weekend Digest 08/01/21–10/01/21: When criminalisation doesn’t pay — the case against Salvini",https://medium.com/are-you-syrious/ays-weekend-digest-08-01-21-10-01-21-when-criminalisation-doesnt-pay-the-case-against-salvini-a0844fdf97fd
2021-01-11,"AYS Weekend Digest 08/01/21–10/01/21: When criminalisation doesn’t pay — the case against Salvini",https://medium.com/are-you-syrious/ays-weekend-digest-08-01-21-10-01-21-when-criminalisation-doesnt-pay-the-case-against-salvini-953c82fbb5fb
2021-01-10,"AYS Special from Italy: Voices from Turin’s CPR",https://medium.com/are-you-syrious/ays-special-from-italy-voices-from-turins-cpr-a17a3b9ca134
2021-01-07,"AYS Daily Digest 06/01/2021 — Almost 1000 evictions in Calais alone reported in 2020",https://medium.com/are-you-syrious/ays-daily-digest-06-01-2021-almost-1000-evictions-in-calais-alone-reported-in-2020-59d486f69a78
2021-01-06,"AYS Daily Digest 05/01/2021: Horrific death of a youngster in Libya",https://medium.com/are-you-syrious/ays-daily-digest-05-01-2021-horrific-death-of-a-youngster-in-libya-9b6104a29b7d
2021-01-06,"AYS Daily Digest 05/01/2021: Horrific Death of a youngster in Libya",https://medium.com/are-you-syrious/ays-daily-digest-05-01-2021-horrific-death-of-a-youngster-in-libya-b4eec8471cc7
2021-01-05,"AYS Daily Digest 04/01/2021—Hunger Strike in Remnants of Lipa",https://medium.com/are-you-syrious/ays-daily-digest-04-01-2021-hunger-strike-in-remnants-of-lipa-f733b436dde6
2021-01-04,"New Year Digest 25/12–3/1: “National interests are above human rights”",https://medium.com/are-you-syrious/new-year-digest-25-12-3-1-national-interests-are-above-human-rights-2aac462bd400
2021-01-04,"New Year digest 25/12 — 3/1: “National interests are above human rights”",https://medium.com/are-you-syrious/new-year-digest-25-12-3-1-national-interests-are-above-human-rights-a87e49b13fea
2021-01-03,"AYS Special from the UK: Precarity, Deportations and Detention",https://medium.com/are-you-syrious/ays-special-from-the-uk-precarity-deportations-and-detention-47c0311676c9
2021-01-03,"AYS Special from the UK: Precarity, Deportations and Detention",https://medium.com/are-you-syrious/ays-special-from-the-uk-precarity-deportations-and-detention-3fc6e45330e5
2021-01-02,"AYS Special from the Canary Islands: Why did so many people arrive in 2020 and where have they gone?",https://medium.com/are-you-syrious/ays-special-from-the-canary-islands-why-did-so-many-people-arrive-in-2020-and-where-have-they-gone-9b2932a4cad9
2021-01-02,"AYS Special from the Canary Islands: Why did so many people arrive in 2020 and where have they gone?",https://medium.com/are-you-syrious/ays-special-from-the-canary-islands-why-did-so-many-people-arrive-in-2020-and-where-have-they-gone-c436e2278842
2021-01-01,"AYS Special from Slovenia: A year in review",https://medium.com/are-you-syrious/ays-special-from-slovenia-a-year-in-review-80b52b7d1894
2021-01-01,"AYS Special from Slovenia: A year in review",https://medium.com/are-you-syrious/ays-special-from-slovenia-a-year-in-review-3f3aec0c3a2a
2020-12-31,"AYS Special: Worth Reading 2020",https://medium.com/are-you-syrious/ays-special-worth-reading-2020-1fb658a48ca7
2020-12-30,"AYS Special from Greece: The Evros Border — A shocking year of systematised violations",https://medium.com/are-you-syrious/ays-special-from-greece-the-evros-border-a-shocking-year-of-systematised-violations-fad0f7eb48fb
2020-12-30,"AYS Special from Greece: The Evros Border - A shocking year of systematised violations",https://medium.com/are-you-syrious/ays-special-from-greece-the-evros-border-a-shocking-year-of-systematised-violations-6c3fec975cf3
2020-12-29,"AYS Special from Greece: Militarisation — A tendency in 2020",https://medium.com/are-you-syrious/ays-special-from-greece-militarisation-a-tendency-in-2020-dd8c1e162852
2020-12-29,"AYS Special from Greece: Militarisation — A tendency in 2020",https://medium.com/are-you-syrious/ays-special-from-greece-militarisation-a-tendency-in-2020-891a2e95b8b5
2020-12-28,"AYS Special: Voices from the ground -the ‘NGO Dilemma’",https://medium.com/are-you-syrious/ays-special-voices-from-the-ground-the-ngo-dilemma-849f69cecce1
2020-12-28,"AYS Special: Voices from the ground -the ‘NGO Dilemma’",https://medium.com/are-you-syrious/ays-special-voices-from-the-ground-the-ngo-dilemma-ecd396638cf0
2020-12-28,"AYS Special: Voices from the ground — the ‘NGO Dilemma’",https://medium.com/are-you-syrious/ays-special-voices-from-the-ground-the-ngo-dilemma-76f1c4f82f45
2020-12-27,"AYS Special from Paris: the 17th November eviction",https://medium.com/are-you-syrious/ays-special-from-paris-the-17th-november-eviction-a833d35f79d6
2020-12-27,"AYS Special from Paris: the 17th November eviction",https://medium.com/are-you-syrious/ays-special-from-paris-the-17th-november-eviction-ea0fcff8120
2020-12-26,"AYS Special: Frontex and Human Rights — How did we arrive here? Part 3 (2020-Present)",https://medium.com/are-you-syrious/ays-special-frontex-and-human-rights-how-did-we-arrive-here-part-3-2020-present-3841f1a9e532
2020-12-26,"AYS Special: Frontex and Human Rights — How did we arrive here? Part 3 (2020)",https://medium.com/are-you-syrious/ays-special-frontex-and-human-rights-how-did-we-arrive-here-part-3-2020-present-706438d8e29
2020-12-26,"AYS Special from Germany: Seehofer decides Syria is safe",https://medium.com/are-you-syrious/ays-special-from-germany-seehofer-decides-syria-is-safe-e52b06dc8da
2020-12-25,"AYS Special from Germany: Seehofer decides Syria is safe",https://medium.com/are-you-syrious/ays-special-from-germany-seehofer-decides-syria-is-safe-5f751720d407
2020-12-24,"AYS Daily Digest 23/12/2020",https://medium.com/are-you-syrious/ays-daily-digest-23-12-2020-7219e359af5a
2020-12-23,"AYS Daily Digest 22/12/20 Over 10,000 people arrived to Canary Islands since Nov. 1st",https://medium.com/are-you-syrious/ays-daily-digest-22-12-20-over-10-000-people-arrived-to-canary-islands-since-nov-1st-b1c5f524175e
2020-12-23,"AYS Daily Digest 22/12/20 Over 10,000 people arrived to Canary Islands since Nov. 1st",https://medium.com/are-you-syrious/ays-daily-digest-22-12-20-over-10-000-people-arrived-to-canary-islands-since-nov-1st-5d218838c94c
2020-12-22,"AYS Daily Digest 21/12/2020 — Greece Deports EU National for His Political Beliefs Amid…",https://medium.com/are-you-syrious/ays-daily-digest-21-12-2020-greece-deports-eu-national-for-his-political-beliefs-amid-6fb248f8f0d3
2020-12-22,"AYS Daily Digest 21/12/2020—Greece Deports EU National for His Political Beliefs Amid Countrywide…",https://medium.com/are-you-syrious/ays-daily-digest-21-12-2020-greece-deports-eu-national-for-his-political-beliefs-amid-countrywide-ef37508c65c3
2020-12-21,"Weekend Digest 19–20/12/20: The situation in Moria #2 — Mitarakis and the reality paradox",https://medium.com/are-you-syrious/weekend-digest-19-20-12-20-the-situation-in-moria-2-mitarakis-and-the-reality-paradox-bbabb139e3cb
2020-12-21,"Weekend Digest 19–20/12/20: The situation in Moria #2 — Mitarakis and the reality paradox",https://medium.com/are-you-syrious/weekend-digest-19-20-12-20-the-situation-in-moria-2-mitarakis-and-the-reality-paradox-fc1126df7df4
2020-12-20,"AYS Special: Frontex and Human Rights — How did we arrive here? PART 2 (2017–2019)",https://medium.com/are-you-syrious/ays-special-frontex-and-human-rights-how-did-we-arrive-here-part-2-2017-2019-83dbb24acb7f
2020-12-19,"AYS Daily Digest 18/12/2020 — “Black Book of Pushbacks” published by BVMN and launched by the…",https://medium.com/are-you-syrious/ays-daily-digest-18-12-2020-black-book-of-pushbacks-published-by-bvmn-and-launched-by-the-26156797584f
2020-12-19,"AYS Daily Digest 18/12/2020 — “Black Book of Pushbacks” published by BVMN and launched by The Left…",https://medium.com/are-you-syrious/ays-daily-digest-18-12-2020-black-book-of-pushbacks-published-by-bvmn-and-launched-by-the-left-a96a1622b796
2020-12-18,"AYS Daily Digest 17/12/20: “Hungary has failed to fulfill its obligations under EU law”",https://medium.com/are-you-syrious/ays-daily-digest-17-12-20-hungary-has-failed-to-fulfill-its-obligations-under-eu-law-589aad72a6b4
2020-12-18,"AYS Daily Digest 17/12/20: “Hungary has failed to fulfill its obligations under EU law”",https://medium.com/are-you-syrious/ays-daily-digest-17-12-20-hungary-has-failed-to-fulfill-its-obligations-under-eu-law-eb014bc284f0
2020-12-18,"AYS Daily Digest 16/12/20: With news of more militia attacks, Europe resumes deportations to…",https://medium.com/are-you-syrious/ays-daily-digest-16-12-20-with-news-of-more-militia-attacks-europe-resumes-deportations-to-53b01f4a2f16
2020-12-17,"AYS Special from Denmark: “Don’t worry, you’ll go back to Iraq soon.”",https://medium.com/are-you-syrious/ays-special-from-denmark-dont-worry-you-ll-go-back-to-iraq-soon-1a8b5fb87d44
2020-12-17,"AYS Daily Digest 15/12/20 ‘Winter is coming’ the re-run no one wants",https://medium.com/are-you-syrious/ays-daily-digest-15-12-20-winter-is-coming-the-re-run-no-one-wants-a61f14bb409b
2020-12-16,"AYS Daily Digest 15/12/20 ‘Winter is coming’ the re-run no one wants",https://medium.com/are-you-syrious/ays-daily-digest-15-12-20-winter-is-coming-the-re-run-no-one-wants-9e742108c92b
2020-12-15,"AYS Daily Digest 14/12/2020 — UK: High Court rules that Home Office failed to protect destitute…",https://medium.com/are-you-syrious/ays-daily-digest-14-12-2020-uk-high-court-rules-that-home-office-failed-to-protect-destitute-fb34d8323a6f
2020-12-15,"AYS Daily Digest 14/12/2020—UK High Court Rules that Home Office Failed to Protect Destitute People",https://medium.com/are-you-syrious/ays-daily-digest-14-12-2020-high-court-rules-that-home-office-failed-to-protect-destitute-people-dceac430b526
2020-12-14,"AYS Weekend Digest 12–13/12/2020 Moria 2.0: “a clean structure, with order and security”",https://medium.com/are-you-syrious/ays-weekend-digest-12-13-12-2020-moria-2-0-a-clean-structure-with-order-and-security-a29b92a039d8
2020-12-14,"AYS Weekend Digest 12–13/12/2020 Moria 2.0: “a clean structure, with order and security”",https://medium.com/are-you-syrious/ays-weekend-digest-12-13-12-2020-moria-2-0-a-clean-structure-with-order-and-security-6ea7047262b8
2020-12-12,"AYS Daily Digest 11/12/2020 — Mitarakis’ Attacks on NGOs, Debunked",https://medium.com/are-you-syrious/ays-daily-digest-11-12-2020-mitarakis-attacks-on-ngos-debunked-e9afeddc8bc9
2020-12-12,"AYS Daily Digest 11/12/2020—Mitarakis’ Attacks on NGOs, Debunked",https://medium.com/are-you-syrious/ays-daily-digest-11-12-2020-mitarakis-attacks-on-ngos-debunked-6276d8fbdcb0
2020-12-11,"AYS Digest — 10/12/2020: On Human Rights Day, the number of forcibly displaced people keeps…",https://medium.com/are-you-syrious/ays-digest-10-12-2020-on-human-rights-day-the-number-of-forcibly-displaced-people-keeps-134ae372d165
2020-12-11,"AYS Digest — 10/12/2020: On Human Rights Day, the number of forcibly displaced people keeps…",https://medium.com/are-you-syrious/ays-digest-10-12-2020-on-human-rights-day-the-number-of-forcibly-displaced-people-keeps-f0f70d3bfa79
2020-12-10,"AYS Daily Digest 9/12/20: Officials intimidated NGOs, preventing legal assistance to people…",https://medium.com/are-you-syrious/ays-daily-digest-9-12-20-officials-intimidated-ngos-preventing-legal-assistance-to-people-a48739b61b31
2020-12-09,"AYS Daily Digest 08/12/20 Scary potential for lead poisoning in Moria 2.0",https://medium.com/are-you-syrious/ays-daily-digest-08-12-20-scary-potential-for-lead-poisoning-in-moria-2-0-e6f887c85dc3
2020-12-08,"AYS Daily Digest 7/12/2020: Iraqi Asylum Seekers in Denmark fear deportation",https://medium.com/are-you-syrious/ays-daily-digest-7-12-2020-iraqi-asylum-seekers-in-denmark-fear-deportation-f2e93802924f
2020-12-08,"AYS Daily Digest 7/12/2020: Iraqi Asylum Seekers in Denmark fear deportation",https://medium.com/are-you-syrious/ays-daily-digest-7-12-2020-iraqi-asylum-seekers-in-denmark-fear-deportation-abde73e8898
2020-12-08,"AYS Daily Digest 7/12/2020: Iraqi Asylum Seekers in Denmark fear deportation",https://medium.com/are-you-syrious/ays-daily-digest-7-12-2020-iraqi-asylum-seekers-in-denmark-fear-deportation-a24cedd61f50
2020-12-08,"AYS Daily Digest 7/12/2020: Iraqi Asylum Seekers in Denmark fear deportation",https://medium.com/are-you-syrious/ays-daily-digest-7-12-2020-iraqi-asylum-seekers-in-denmark-fear-deportation-ed6c3791e360
2020-12-07,"AYS Weekend Digest 5–6/12/2020 Greek (new) Democracy?",https://medium.com/are-you-syrious/ays-weekend-digest-5-6-12-2020-greek-new-democracy-a07a52a49e1d
2020-12-07,"AYS Weekend Digest 5–6/12/2020 Greek (new) Democracy?",https://medium.com/are-you-syrious/ays-weekend-digest-5-6-12-2020-greek-new-democracy-eeeea849fc9e
2020-12-06,"AYS Special: Frontex and human rights — How did we arrive here? PART 1 (2004–2016)",https://medium.com/are-you-syrious/ays-special-frontex-and-human-rights-how-did-we-arrive-here-part-1-2004-2016-17cffb340c07
2020-12-05,"AYS Daily Digest 04/12/2020 — Twice displaced? Forced relocation of Rohingya refugees in Bangladesh",https://medium.com/are-you-syrious/ays-daily-digest-04-12-2020-twice-displaced-forced-relocation-of-rohingya-refugees-in-bangladesh-8cd4eedeb004
2020-12-05,"AYS Daily Digest 03/12/2020 — New Reception Center on Lesvos by September 2021",https://medium.com/are-you-syrious/ays-daily-digest-03-12-2020-new-reception-center-on-lesvos-by-september-2021-e658bba68854
2020-12-05,"AYS Daily Digest 04/12/2020 — Twice displaced? Forced relocation of Rohingya refugees in Bangladesh",https://medium.com/are-you-syrious/ays-daily-digest-04-12-2020-twice-displaced-forced-relocation-of-rohingya-refugees-in-bangladesh-898a4addd217
2020-12-04,"AYS Daily Digest 03/12/2020 — New Reception Center on Lesvos by September 2021",https://medium.com/are-you-syrious/ays-daily-digest-03-12-2020-new-reception-center-on-lesvos-by-september-2021-48c606171dee
2020-12-03,"AYS Daily Digest 02/12/2020: David vs. Goliat / transparency activists vs. Frontex",https://medium.com/are-you-syrious/ays-daily-digest-02-12-2020-david-vs-goliat-transparency-activists-vs-frontex-945bc62eab1f
2020-12-02,"AYS Daily Digest 1/12/20: Why more people arrive on the Canary Islands",https://medium.com/are-you-syrious/ays-daily-digest-30-11-20-why-more-people-arrive-on-the-canary-islands-c225a013fa74
2020-12-01,"AYS Daily Digest 30/11/20 What was old is new again with new map for Moria 2.0",https://medium.com/are-you-syrious/ays-daily-digest-30-11-20-what-was-old-is-new-again-with-new-map-for-moria-2-0-97c49f379634
2020-11-30,"AYS Weekend Digest 28–29/11/2020 — Italian institutional racism kills again",https://medium.com/are-you-syrious/ays-weekend-digest-28-29-11-2020-italian-institutional-racism-kills-again-705fd3b95369
2020-11-30,"AYS Weekend Digest 28–29/11/2020 — Italian institutional racism kills again",https://medium.com/are-you-syrious/ays-weekend-digest-28-29-11-2020-italian-institutional-racism-kills-again-f4d777bc97e
2020-11-29,"AYS Special from Athens: Racism and Police Harassment during COVID-19",https://medium.com/are-you-syrious/ays-special-from-athens-racism-and-police-harassment-during-covid-19-aa5116904c80
2020-11-28,"AYS Daily Digest 27/11/2020 — Heavy Criticisms of Planned Deportation from UK to Jamaica",https://medium.com/are-you-syrious/ays-daily-digest-27-11-2020-heavy-criticisms-of-planned-deportation-from-uk-to-jamaica-5d51da8f0e85
2020-11-28,"AYS Daily Digest 27/11/2020 — Heavy Criticisms of Planned Deportation from UK to Jamaica",https://medium.com/are-you-syrious/ays-daily-digest-27-11-2020-heavy-criticisms-of-planned-deportation-from-uk-to-jamaica-b3d6d09c0e28
2020-11-28,"AYS Daily Digest 26/11/20: Alarming news arriving from Lampedusa",https://medium.com/are-you-syrious/ays-daily-digest-26-11-20-alarming-news-arriving-from-lampedusa-e7424917c8a8
2020-11-26,"AYS Daily Digest 25/11/2020: Frontex and its human rights violations, Part x",https://medium.com/are-you-syrious/ays-daily-digest-25-11-2020-frontex-and-its-human-rights-violations-part-x-29433e294ce
2020-11-25,"AYS Daily Digest 24/11/202: New developments on deportations and repatriations",https://medium.com/are-you-syrious/ays-daily-digest-24-11-202-new-developments-on-deportations-and-repatriations-4de5109794c3
2020-11-25,"AYS Daily Digest 24/11/202: New developments on deportations and repatriations",https://medium.com/are-you-syrious/ays-daily-digest-24-11-202-new-developments-on-deportations-and-repatriations-6e07db690bc6
2020-11-24,"AYS Daily Digest 23/11/20 Utopia 56 occupation of the Place de la République",https://medium.com/are-you-syrious/ays-daily-digest-23-11-20-utopia-56-occupation-of-the-place-de-la-r%C3%A9publique-b923b0c9e27f
2020-11-24,"AYS Daily Digest 23/11/20 Utopia 56 occupation of the place de la République",https://medium.com/are-you-syrious/ays-daily-digest-23-11-20-utopia-56-occupation-of-the-place-de-la-r%C3%A9publique-d98295066562
2020-11-23,"AYS Weekend Digest 21–22/11/2020 Protests and injustice in Italian CPRs",https://medium.com/are-you-syrious/ays-weekend-digest-21-22-11-2020-protests-and-injustice-in-italian-cprs-63c8cea908e3
2020-11-23,"AYS Weekend Digest 21–22/11/2020 Protests and injustice in Italian CPRs",https://medium.com/are-you-syrious/ays-weekend-digest-21-22-11-2020-protests-and-injustice-in-italian-cprs-4714c604173
2020-11-21,"AYS Daily Digest 20/11/20: “No choice but to work with despotic regimes”",https://medium.com/are-you-syrious/ays-daily-digest-20-11-20-no-choice-but-to-work-with-despotic-regimes-1d37f5db6e1c
2020-11-20,"AYS Daily Digest 19/11/2020: Human Rights observers under attack in Greece",https://medium.com/are-you-syrious/ays-daily-digest-19-11-2020-human-rights-observers-under-attack-in-greece-f7fda6f49b4c
2020-11-20,"AYS Special from Lebanon: Escalating Vulnerability in Current Crisis",https://medium.com/are-you-syrious/ays-special-from-lebanon-escalating-vulnerability-in-current-crisis-3a60947698c8
2020-11-19,"AYS Daily Digest 18/11/2020 — Frontex dismissed investigation into its involvement in illegal…",https://medium.com/are-you-syrious/ays-daily-digest-18-11-2020-frontex-dismissed-investigation-into-its-involvement-in-illegal-29596cb49c20
2020-11-18,"AYS Daily Digest 17/11/2020 — Violent Dismantling of Camp Saint-Denis",https://medium.com/are-you-syrious/ays-daily-digest-17-11-2020-violent-dismantling-of-camp-saint-denis-6ae8b5ccdb34
2020-11-18,"AYS Daily Digest 17/11/2020 — Violent Dismantling of Camp Saint-Denis",https://medium.com/are-you-syrious/ays-daily-digest-17-11-2020-violent-dismantling-of-camp-saint-denis-cb73df0e4c37
2020-11-17,"AYS Daily Digest 16/11/20 Canary Islands “will not become” the new Lesvos",https://medium.com/are-you-syrious/ays-daily-digest-16-11-20-canary-islands-will-not-become-the-new-lesvos-a5d88b7405e6
2020-11-16,"AYS Weekend Digest 14–15/11/2020: 3 years in Libya, a testimony",https://medium.com/are-you-syrious/ays-weekend-digest-14-15-11-2020-3-years-in-libya-a-testimony-5981d69b818a
2020-11-14,"AYS Daily Digest 13/11/2020 — Over 480 People Died Trying to Reach the Canary Islands in the Last…",https://medium.com/are-you-syrious/ays-daily-digest-13-11-2020-over-480-people-died-trying-to-reach-the-canary-islands-in-the-last-bbb933e8a310
2020-11-14,"AYS Daily Digest 13/11/2020 — Over 480 People Died Trying to Reach Canary Islands in the Last Weeks",https://medium.com/are-you-syrious/ays-daily-digest-13-11-2020-8d9c8a65bdcf
2020-11-13,"AYS Daily Digest 12/11/2020: More than 100 lives lost in the Mediterranean Sea",https://medium.com/are-you-syrious/ays-daily-digest-12-11-2020-more-than-100-lives-lost-in-the-mediterranean-sea-4822a3b45dd6
2020-11-12,"AYS Daily Digest 11/11/20: 13 people drowned, 70 left hungry and freezing on an island!",https://medium.com/are-you-syrious/ays-daily-digest-11-11-20-13-people-drowned-70-left-hungry-and-freezing-on-an-island-48dd14c1f86f
2020-11-11,"AYS Daily Digest 10/11/2020 — Breaking Point in Saint-Denis Camp",https://medium.com/are-you-syrious/ays-daily-digest-10-11-2020-breaking-point-in-saint-denis-camp-e3373f674df8
2020-11-11,"AYS Daily Digest 10/11/2020 — Breaking Point in Saint-Denis Camp",https://medium.com/are-you-syrious/ays-daily-digest-10-11-2020-breaking-point-in-saint-denis-camp-c3b77853f1a8
2020-11-09,"AYS Weekend Digest 7–8/11/2020: No rights and no criteria for Tunisian people in Italy",https://medium.com/are-you-syrious/ays-weekend-digest-7-8-11-2020-no-rights-and-no-criteria-for-tunisian-people-in-italy-e6c605974eeb
2020-11-09,"AYS Weekend Digest 7–8/11/2020: No rights and no criteria for Tunisian people in Italy",https://medium.com/are-you-syrious/ays-weekend-digest-7-8-11-2020-no-rights-and-no-criteria-for-tunisian-people-in-italy-ee310705b701
2020-11-07,"AYS Daily Digest 06/11/2020 — Bosnia & Herzegovina Signs Repatriation Agreement With Pakistan",https://medium.com/are-you-syrious/ays-daily-digest-06-11-2020-bosnia-herzegovina-signs-repatriation-agreement-with-pakistan-26918725d5cd
2020-11-07,"AYS Daily Digest 06/11/2020 —Bosnia & Herzegovina Signs Repatriation Agreement With Pakistan",https://medium.com/are-you-syrious/ays-daily-digest-06-11-2020-bosnia-herzegovina-signs-repatriation-agreement-with-pakistan-915e0f2865c
2020-11-05,"AYS Daily Digest 4/11/20 Mytilini Mayor wants Moria.2 to be a closed camp",https://medium.com/are-you-syrious/ays-daily-digest-4-11-20-mytilini-mayor-wants-moria-2-to-be-a-closed-camp-1b21b60cb141
2020-11-04,"AYS Daily Digest 03/11/2020: Greece enforced new pandemic restrictions",https://medium.com/are-you-syrious/ays-daily-digest-03-11-2020-greece-enforced-new-pandemic-restrictions-71d398d72f67
2020-11-03,"AYS Daily Digest 02/11/20 — Another fire hits Vathy camp on Samos",https://medium.com/are-you-syrious/ays-daily-digest-02-11-20-another-fire-hits-vathy-camp-on-samos-1d4739f9e2e
2020-11-03,"AYS Daily Digest 02/11/2020 — Another fire hits Vathi camp on Samos",https://medium.com/are-you-syrious/ays-daily-digest-02-11-2020-7ec577ad374
2020-10-31,"AYS Daily Digest 30/10/20: Women attempt suicide in Amygdaleza detention centre",https://medium.com/are-you-syrious/ays-daily-digest-30-10-20-women-attempt-suicide-in-amygdaleza-detention-centre-8ee038666f2d
2020-10-31,"AYS Daily Digest 30/10/20: Women attempt suicide in Amygdaleza detention center",https://medium.com/are-you-syrious/ays-daily-digest-30-10-20-women-attempt-suicide-in-amygdaleza-detention-center-18551804583
2020-10-30,"AYS DAILY DIGEST:29/10/2020–360 people released from detention in Libya",https://medium.com/are-you-syrious/ays-daily-digest-29-10-2020-360-people-released-from-detention-in-libya-55fe0a160425
2020-10-30,"AYS SPECIAL: Day of shame on Lesvos — PIKPA under eviction",https://medium.com/are-you-syrious/ays-special-day-of-shame-on-lesvos-pikpa-under-eviction-348958025fd4
2020-10-29,"AYS Daily Digest 28/10/20: A traumatic wake up for hundreds forcibly moved to a camp in the south…",https://medium.com/are-you-syrious/ays-daily-digest-28-10-20-a-traumatic-wake-up-for-hundreds-forcibly-moved-to-a-camp-in-the-south-87ddfc5aad08
2020-10-28,"AYS Daily Digest 27/10/20 Frontex says “no evidence” of pushbacks, videos and eye witnesses say…",https://medium.com/are-you-syrious/ays-daily-digest-27-10-20-frontex-says-no-evidence-of-pushbacks-videos-and-eye-witnesses-say-1fcb87e6b4ad
2020-10-27,"AYS Daily Digest 26/10/20: New evidence of pushbacks by Greek forces",https://medium.com/are-you-syrious/ays-daily-digest-26-10-20-new-evidence-of-pushbacks-by-greek-forces-1da751bc6988
2020-10-27,"AYS Daily Digest 26/10/20: New evidence of pushbacks by Greek forces",https://medium.com/are-you-syrious/ays-daily-digest-26-10-20-new-evidence-of-pushbacks-by-greek-forces-8cc91b06fcd3
2020-10-24,"AYS Daily Digest 23/10/20: Forbidden work of mobile outreach teams — no food, water or NFI across…",https://medium.com/are-you-syrious/ays-daily-digest-23-10-20-forbidden-work-of-mobile-outreach-teams-no-food-water-or-nfi-across-c9a6f834b5bb
2020-10-24,"AYS Daily Digest 23/10/20: Forbidden work of mobile outreach teams — no food, water or NFI across…",https://medium.com/are-you-syrious/ays-daily-digest-23-10-20-forbidden-work-of-mobile-outreach-teams-no-food-water-or-nfi-across-ff81d199522a
2020-10-23,"AYS Daily Digest 22/10/2020 — UK: Asbestos in Penally camp",https://medium.com/are-you-syrious/ays-daily-digest-22-10-2020-uk-asbestos-in-penally-camp-6ef6cb26f7b6
2020-10-23,"AYS Daily Digest 22/10/2020 — UK: Asbestos in Penally camp",https://medium.com/are-you-syrious/ays-daily-digest-22-10-2020-uk-asbestos-in-penally-camp-9b9fe4d222e2
2020-10-22,"AYS Daily Digest 21/10/2020 — Home Office Removal Notice Window Unlawful, Court Says",https://medium.com/are-you-syrious/ays-daily-digest-21-10-2020-home-office-removal-notice-window-unlawful-court-says-334c3e0f2e2e
2020-10-21,"AYS Daily Digest 21/10/2020: Updates from Canary Islands: Children are being seperated from their…",https://medium.com/are-you-syrious/ays-daily-digest-21-10-2020-updates-from-canary-islands-children-are-being-seperated-from-their-2b7042c8e990
2020-10-21,"AYS Daily Digest 20/10/2020: Updates from Canary Islands: Children are being separated from their…",https://medium.com/are-you-syrious/ays-daily-digest-21-10-2020-updates-from-canary-islands-children-are-being-seperated-from-their-bd9b9906df0e
2020-10-20,"AYS Special: A Voice from inside Penally Refugee Camp",https://medium.com/are-you-syrious/ays-special-a-voice-from-inside-penally-refugee-camp-57f8ea247ab7
2020-10-20,"AYS Daily Digest 19/10/20 Evros: New fence and new pushback investigation",https://medium.com/are-you-syrious/ays-daily-digest-19-10-20-evros-new-fence-and-new-pushback-investigation-22da04556f34
2020-10-20,"AYS Daily Digest 19/10/20 Evros: New fence and new pushback investigation",https://medium.com/are-you-syrious/ays-daily-digest-19-10-20-evros-new-fence-and-new-pushback-investigation-f2f6a7b8ac5c
2020-10-19,"AYS Weekend Digest 17–18/10/2020: Further militarisation at the Evros border",https://medium.com/are-you-syrious/ays-weekend-digest-17-18-10-2020-further-militarisation-at-the-evros-border-ec8f364832e7
2020-10-17,"AYS Daily Digest 16/10/20: Brave witnessing against smugglers responsible for torture of thousands",https://medium.com/are-you-syrious/ays-daily-digest-16-10-20-brave-witnessing-against-smugglers-responsible-for-torture-of-thousands-2cffacfeed78
2020-10-17,"AYS Daily Digest 15/10/20: Clandestine hospital pickups and pushbacks from Croatia continue",https://medium.com/are-you-syrious/ays-daily-digest-15-10-20-clandestine-hospital-pickups-and-pushbacks-from-croatia-continue-8dae6a9475ab
2020-10-16,"AYS Daily Digest 15/10/20: Clandestine hospital pickups and pushbacks from Croatia continue",https://medium.com/are-you-syrious/ays-daily-digest-15-10-20-clandestine-hospital-pickups-and-pushbacks-from-croatia-continue-fc6c9276cd1c
2020-10-15,"AYS Daily Digest 14/10/20 The eviction of Pikpa Camp postponed",https://medium.com/are-you-syrious/ays-daily-digest-14-10-20-the-eviction-of-pikpa-camp-postponed-aaca303e79c6
2020-10-14,"AYS Daily Digest 13/10/2020: Winter and Covid approach the Greek islands",https://medium.com/are-you-syrious/ays-daily-digest-13-10-2020-winter-and-covid-approach-the-greek-islands-fdce2c10849b
2020-10-13,"AYS Daily Digest 12/10/2020 — Updates on Pikpa",https://medium.com/are-you-syrious/ays-daily-digest-12-10-2020-updates-on-pikpa-949e2baeddfd
2020-10-12,"AYS Weekend Digest 10–11/10/2020: Save Pikpa",https://medium.com/are-you-syrious/ays-weekend-digest-10-11-10-2020-save-pikpa-19af8662cfdd
2020-10-12,"AYS Weekend Digest 10–11/10/2020: Save Pikpa",https://medium.com/are-you-syrious/ays-weekend-digest-10-11-10-2020-save-pikpa-b781be2ba943
2020-10-10,"AYS Daily Digest 09/10/2020 — An Abdication of Responsibility on Lesvos",https://medium.com/are-you-syrious/ays-daily-digest-09-10-2020-an-abdication-of-responsibility-on-lesvos-bcc352596f73
2020-10-10,"AYS Daily Digest 09/10/2020 — An Abdication of Responsibility on Lesvos",https://medium.com/are-you-syrious/ays-daily-digest-09-10-2020-an-abdication-of-responsibility-on-lesvos-7792751f5fc8
2020-10-09,"AYS Daily Digest 8/10/20: People starving under the UN’s care",https://medium.com/are-you-syrious/ays-daily-digest-8-10-20-people-starving-under-the-uns-care-5c7585c0a6e6
2020-10-09,"AYS Daily Digest 8/10/20: People starving under the UN’s care",https://medium.com/are-you-syrious/ays-daily-digest-8-10-20-people-starving-under-the-uns-care-5ed5e7fe42e6
2020-10-07,"AYS Daily Digest 06/10/20: Katsikas under lockdown",https://medium.com/are-you-syrious/ays-daily-digest-06-10-20-katsikas-under-lockdown-b8a18eb4785c
2020-10-07,"AYS Daily Digest 06/10/20: Katsikas under lockdown",https://medium.com/are-you-syrious/ays-daily-digest-06-10-20-katsikas-under-lockdown-24e33f6c356f
2020-10-06,"AYS Daily Digest 05/10/20 Torturous attacks at port of Patras",https://medium.com/are-you-syrious/ays-daily-digest-05-10-20-torturous-attacks-at-port-of-patras-b3b958b1aa13
2020-10-05,"AYS Weekend Digest 3–4/10/20: Open call for examples of human(itarian) crisis when ‘strongly…",https://medium.com/are-you-syrious/ays-weekend-digest-3-4-10-20-open-call-for-examples-of-human-itarian-crisis-when-strongly-39d203d6b83b
2020-10-05,"AYS Weekend Digest 3–4/10/20: Open call for examples of human(itarian) crisis when ‘strongly…",https://medium.com/are-you-syrious/ays-weekend-digest-3-4-10-20-open-call-for-examples-of-human-itarian-crisis-when-strongly-9fefe1066f77
2020-10-03,"AYS Daily Digest 2/10/2020: 1300 people still stuck in the CETI in Melilla",https://medium.com/are-you-syrious/ays-daily-digest-2-10-2020-1300-people-still-stuck-in-the-ceti-in-melilla-f6f1e85bd001
2020-10-02,"AYS Daily Digest: 01/10/20: Evictions and pushbacks all over Europe",https://medium.com/are-you-syrious/ays-daily-digest-01-10-20-evictions-and-pushbacks-all-over-europe-442d0f01a168
2020-10-02,"AYS Daily Digest: 01/10/20: evictions everywhere",https://medium.com/are-you-syrious/ays-daily-digest-01-10-20-evictions-everywhere-5d8eaf67d294
2020-10-01,"AYS Daily Digest 30/09/2020 — The lack of humane treatment",https://medium.com/are-you-syrious/ays-daily-digest-30-09-2020-the-lack-of-humane-treatment-f1d0c930a1c9
2020-09-30,"AYS Daily Digest 29/09/2020 — Greece Ramps Up Persecution of NGOs",https://medium.com/are-you-syrious/ays-daily-digest-29-09-2020-greece-ramps-up-persecution-of-ngos-6995b28fcf29
2020-09-30,"AYS Daily Digest 29/09/2020—Greece Ramps Up Persecution of NGOs",https://medium.com/are-you-syrious/ays-daily-digest-29-09-2020-greece-ramps-up-persecution-of-ngos-6d7e08015a6e
2020-09-29,"AYS Daily Digest 28/9/20: A ruling that could pave the way for thousands of unlawfully deported…",https://medium.com/are-you-syrious/ays-daily-digest-28-9-20-a-ruling-that-could-pave-the-way-for-thousands-of-unlawfully-deported-a701a590b0e1
2020-09-29,"AYS Daily Digest 28/9/20: A ruling that could pave the way for thousands of unlawfully deported…",https://medium.com/are-you-syrious/ays-daily-digest-28-9-20-a-ruling-that-could-pave-the-way-for-thousands-of-unlawfully-deported-f5b5436bf837
2020-09-28,"AYS Weekend Digest 26–27/9/2020: Abuse in detention at Alimos, Greece",https://medium.com/are-you-syrious/ays-weekend-digest-26-27-9-2020-abuse-in-detention-at-alimos-greece-4bd1f62f639e
2020-09-28,"AYS Weekend Digest 26–27/9/2020: Abuse in detention at Alimos, Greece",https://medium.com/are-you-syrious/ays-weekend-digest-26-27-9-2020-abuse-in-detention-at-alimos-greece-dafb14261187
2020-09-25,"AYS DAILY NEWSLETTER: 24/09: Where Human Rights Go to Die",https://medium.com/are-you-syrious/ays-daily-newsletter-24-09-where-human-rights-go-to-die-e0c242fbc64d
2020-09-24,"AYS Special: Moria Was Not Built in A Day",https://medium.com/are-you-syrious/ays-special-moria-was-not-built-in-a-day-9d64d83d4462
2020-09-24,"AYS Daily Digest 23/09/2020 — What is the EU’s Deal, Anyway?",https://medium.com/are-you-syrious/ays-daily-digest-23-09-2020-what-is-the-eus-deal-anyway-a96f6af44212
2020-09-23,"AYS Daily Digest 22/9/20: New European ‘Morias’ across the Balkans",https://medium.com/are-you-syrious/ays-daily-digest-22-9-20-new-european-morias-across-the-balkans-5486c6370321
2020-09-23,"AYS Daily Digest 22/9/20: New European ‘Morias’ across the Balkans",https://medium.com/are-you-syrious/ays-daily-digest-22-9-20-new-european-morias-across-the-balkans-e23d1e7181e4
2020-09-22,"AYS Daily Digest 21/09/20: A young writer’s memories of Moria",https://medium.com/are-you-syrious/ays-daily-digest-21-09-20-a-young-writers-memories-of-moria-4271fc05fe68
2020-09-22,"AYS Daily Digest 21/09/20: A young writer’s memories from Moria",https://medium.com/are-you-syrious/ays-daily-digest-21-09-20-a-young-writers-memories-from-moria-d0b00f76ba24
2020-09-21,"AYS Weekend Digest 19–20/09/2020: Is This Europe?",https://medium.com/are-you-syrious/ays-weekend-digest-19-20-09-2020-is-this-europe-c08b886529ba
2020-09-19,"AYS Daily Digest 18/09/2020 — Greek Government Publishes Lies, Vilifies NGOs in Statement to…",https://medium.com/are-you-syrious/ays-daily-digest-18-09-2020-greek-government-publishes-lies-vilifies-ngos-in-statement-to-3984e59344c1
2020-09-19,"AYS Daily Digest 18/09/2020—Greek Government Publishes Lies, Vilifies NGOs in Statement to Asylum…",https://medium.com/are-you-syrious/ays-daily-digest-18-09-2020-greek-government-publishes-lies-vilifies-ngos-in-statement-to-asylum-eef0253e8f08
2020-09-18,"AYS Daily Digest 17/09/20: 13 years old, forced naked and beaten by Greek police — the inhumane…",https://medium.com/are-you-syrious/ays-daily-digest-17-09-20-13-years-old-forced-naked-and-beaten-by-greek-police-the-inhumane-848957c6889a
2020-09-18,"AYS Daily Digest 17/09/20: 13 years old, forced naked and beaten by police — the inhumane…",https://medium.com/are-you-syrious/ays-daily-digest-17-09-20-13-years-old-forced-naked-and-beaten-by-police-the-inhumane-a27b93e6a2a7
2020-09-17,"AYS Daily Digest 16/09/20 — Urging for a move to countries where people face deliberate hostile…",https://medium.com/are-you-syrious/ays-daily-digest-16-09-20-urging-for-a-move-to-countries-where-people-face-deliberate-hostile-1d61645b6ab9
2020-09-16,"AYS Daily Digest 15/09/20 Fire and COVID cases on Samos",https://medium.com/are-you-syrious/ays-daily-digest-15-09-20-fire-and-covid-cases-on-samos-e45e1aa66821
2020-09-16,"AYS Daily Digest 15/09/20 Fire and COVID cases on Samos",https://medium.com/are-you-syrious/ays-daily-digest-15-09-20-fire-and-covid-cases-on-samos-652d2ff59e3c
2020-09-15,"AYS Daily Digest 14/9/20: Too little and too late — the EU’s reaction to disasters",https://medium.com/are-you-syrious/ays-daily-digest-14-9-20-too-little-and-too-late-the-eus-reaction-to-disasters-77a906cf41c9
2020-09-15,"AYS Daily Digest 14/9/20: Too little and too late — the EU’s reaction to disasters",https://medium.com/are-you-syrious/ays-daily-digest-14-9-20-too-little-and-too-late-the-eus-reaction-to-disasters-8fd269bc17b0
2020-09-14,"AYS Daily Digest: Weekend 12–13/09/2020: Protests Of Former Moria Residents Are Met With Tear Gas",https://medium.com/are-you-syrious/ays-daily-digest-weekend-12-13-09-2020-protests-of-former-moria-residents-are-met-with-tear-gas-347f42bfebd1
2020-09-12,"AYS Daily Digest 11/09/2020: Hunger Strike in Inhumane Greek Police Station",https://medium.com/are-you-syrious/ays-daily-digest-11-09-2020-hunger-strike-in-inhumane-greek-police-station-f9b01980e949
2020-09-12,"AYS Daily Digest 11/09/2020: Hunger Strike in inhumane Greek Police Station",https://medium.com/are-you-syrious/ays-daily-digest-11-09-2020-hunger-strike-in-inhumane-greek-police-station-212060b61c75
2020-09-11,"AYS Daily Digest 10/09/2020—Moria, the Days After",https://medium.com/are-you-syrious/ays-daily-digest-10-09-2020-moria-the-days-after-e762110f8ae1
2020-09-10,"AYS Daily Digest 09/09/20: Chaos, despair, ash — Moria in ruins, people in fear of fascist groups",https://medium.com/are-you-syrious/ays-daily-digest-09-09-20-chaos-despair-ash-moria-in-ruins-people-in-fear-of-fascist-groups-c410c29eb68e
2020-09-10,"AYS Daily Digest 09/09/20: Chaos, despair, ash —Moria in ruins, people in fear of fascist groups",https://medium.com/are-you-syrious/ays-daily-digest-09-09-20-chaos-despair-ash-moria-in-ruins-people-in-fear-of-fascist-groups-b48b4eab1f2d
2020-09-09,"AYS Daily Digest 08/09/20 Actual Hell: the entirety of Moria burns",https://medium.com/are-you-syrious/ays-daily-digest-08-09-20-actual-hell-the-entirety-of-moria-burns-3fa46514a6aa
2020-09-09,"AYS Daily Digest 08/09/20 Actual Hell: the entirety of Moria burns",https://medium.com/are-you-syrious/ays-daily-digest-08-09-20-actual-hell-the-entirety-of-moria-burns-6ba2ae9b129f
2020-09-07,"AYS Weekend Digest 05–06/9/20: The Mare Liberum must not be silenced!",https://medium.com/are-you-syrious/ays-weekend-digest-05-06-9-20-the-mare-liberum-must-not-be-silenced-5cfb38db9db
2020-09-07,"AYS Weekend Digest 05–06/9/20: The Mare Liberum must not be silenced!",https://medium.com/are-you-syrious/ays-weekend-digest-05-06-9-20-the-mare-liberum-must-not-be-silenced-9d7afa9ac927
2020-09-05,"AYS Daily Digest 4/9/20: “They are crueler during the night”",https://medium.com/are-you-syrious/ays-daily-digest-4-9-20-they-are-crueler-during-the-night-882d652e676a
2020-09-04,"AYS Daily Digest 03/09/2020 — Greek Government Uses COVID to Excuse Crackdown in Moria",https://medium.com/are-you-syrious/ays-daily-digest-03-09-2020-greek-government-uses-covid-to-excuse-crackdown-in-moria-10e5116ef30c
2020-09-03,"AYS Daily Digest 02/09/2020: Coronavirus reaches Moria",https://medium.com/are-you-syrious/ays-daily-digest-02-09-2020-coronavirus-reaches-moria-c9cad5e9abf1
2020-09-02,"AYS Daily Digest 1/9/20 Freedom for Hamza and Mohamed",https://medium.com/are-you-syrious/ays-daily-digest-1-9-20-freedom-for-hamza-and-mohamed-374e904fafd9
2020-09-01,"AYS Daily Digest 31/08/20 This summer’s effect on conditions in Lampedusa",https://medium.com/are-you-syrious/ays-daily-digest-31-08-20-this-summers-effect-on-conditions-in-lampedusa-b5c52928d577
2020-08-28,"AYS Daily Digest 27/8/20 — Melilla: The impossible system",https://medium.com/are-you-syrious/ays-daily-digest-27-8-20-melilla-the-impossible-system-7150137ff895
2020-08-27,"AYS Daily Digest: 26/08/2020: Suicide attempts in infamous removal centre in UK",https://medium.com/are-you-syrious/ays-daily-digest-26-08-2020-suicide-attempts-in-infamous-removal-centre-in-uk-b9b4bb91ca46
2020-08-22,"AYS Daily Digest 21/08/20: Proof -The Hellenic Coastguard’s use of Illegal Pushbacks",https://medium.com/are-you-syrious/ays-daily-digest-21-08-20-proof-the-hellenic-coastguards-use-of-illegal-pushbacks-8448e247d3d4
2020-08-21,"AYS Daily Digest 20/08/20: A Coast Guard that does not reply emergency calls",https://medium.com/are-you-syrious/ays-daily-digest-20-08-20-a-coast-guard-that-does-not-reply-emergency-calls-3e1697b8c6bc
2020-08-20,"AYS Daily Digest 19/08/2020 — Boy Drowns Trying to Reach the UK",https://medium.com/are-you-syrious/ays-daily-digest-19-08-2020-boy-drowns-trying-to-reach-the-uk-16ab592ae8aa
2020-08-19,"AYS Daily Digest 18/08/20: Why women are hit even harder by the lockdown",https://medium.com/are-you-syrious/ays-daily-digest-18-08-20-why-women-are-hit-even-harder-by-the-lockdown-7e7a43b65238
2020-08-19,"AYS Daily Digest 18/08/20: Why women are hit even harder by the lockdown",https://medium.com/are-you-syrious/ays-daily-digest-18-08-20-why-women-are-hit-even-harder-by-the-lockdown-3c85c782fd7a
2020-08-18,"AYS Daily Digest 17/08/20 Germany is set to continue deporting Nigerians back to “hell”",https://medium.com/are-you-syrious/ays-daily-digest-17-08-20-germany-is-set-to-continue-deporting-nigerians-back-to-hell-df0c1f6c6571
2020-08-18,"AYS Daily Digest 17/08/20 Germany is set to continue deporting Nigerians back to “hell”",https://medium.com/are-you-syrious/ays-daily-digest-17-08-20-germany-is-set-to-continue-deporting-nigerians-back-to-hell-439e07256b7f
2020-08-17,"AYS Weekend Digest 15–16/8/2020: UK: migrants may be ‘tortured’ in France",https://areyousyrious.medium.com/ays-weekend-digest-15-16-8-2020-uk-migrants-may-be-tortured-in-france-fa831da5dd46
2020-08-15,"AYS Daily Digest 14/08/2020 — Malta Shirks Duty to Rescue People…Again",https://medium.com/are-you-syrious/ays-daily-digest-14-08-2020-coronavirus-in-vial-camp-5e5e992e1b22
2020-08-15,"AYS Daily Digest 13/08/2020: Malta’s authorities once again deliberately refuse rescue",https://medium.com/are-you-syrious/ays-daily-digest-13-08-2020-maltas-authorities-once-again-deliberately-refuse-rescue-5ba60e0d176d
2020-08-14,"AYS Daily Digest 13/08/2020: Malta’s authorities once again denied rescue",https://medium.com/are-you-syrious/ays-daily-digest-13-08-2020-maltas-authorities-once-again-denied-rescue-7d604890bad4
2020-08-13,"AYS Daily Digest 12/08/20 Proof that 57 people arrived on Lesvos then were pushed back to Turkey…",https://medium.com/are-you-syrious/ays-daily-digest-12-08-20-proof-that-57-people-arrived-on-lesvos-then-were-pushed-back-to-turkey-d4d68cda06ca
2020-08-12,"AYS Daily Digest 11/8/2020 -“A maritime version of The Hunger Games”",https://medium.com/are-you-syrious/ays-daily-digest-11-8-2020-a-maritime-version-of-the-hunger-games-cdee12666f2d
2020-08-11,"AYS Daily Digest 10/8/20: Has the pandemic become an excuse for negligence?",https://medium.com/are-you-syrious/ays-daily-digest-10-8-20-has-the-pandemic-become-an-excuse-for-negligence-7d6d96b022c0
2020-08-11,"AYS Daily Digest 10/8/20: Has the pandemic become the excuse for negligence?",https://medium.com/are-you-syrious/ays-daily-digest-10-8-20-has-the-pandemic-become-the-excuse-for-negligence-6a1a200029
2020-08-10,"AYS Weekend Digest 8–9/8/2020: Bosnia, shocking attempt to burn asylum seekers alive",https://medium.com/are-you-syrious/ays-weekend-digest-8-9-8-2020-bosnia-shocking-attempt-to-burn-asylum-seekers-alive-e3b7cfc7d7e5
2020-08-08,"AYS Daily Digest 7/8/20: As informal networks keep others alive, the official policies oppose…",https://medium.com/are-you-syrious/ays-daily-digest-7-8-20-as-informal-networks-keep-others-alive-the-official-policies-oppose-5790897a6922
2020-08-08,"AYS Daily Digest 7/8/20: As informal networks keep others alive, the official policies oppose…",https://medium.com/are-you-syrious/ays-daily-digest-7-8-20-as-informal-networks-keep-others-alive-the-official-policies-oppose-927c3495abc2
2020-08-04,"AYS Slovenia Special: Protest breaks out in detention centre Postojna a week after court decision…",https://medium.com/are-you-syrious/ays-slovenia-special-protest-breaks-out-in-detention-centre-postojna-a-week-after-court-decision-e86065481fcb
2020-08-03,"AYS Weekend News Digest 1–2/8/20: Austria doubling down on detentions and surveillance",https://medium.com/are-you-syrious/ays-weekend-news-digest-1-2-8-20-austria-doubling-down-on-detentions-and-surveillance-508f9ca81ffd
2020-08-03,"AYS Weekend News Digest 1-2/8/20: Austria doubling down on detentions and surveillance",https://medium.com/are-you-syrious/ays-weekend-news-digest-1-2-8-20-austria-doubling-down-on-detentions-and-surveillance-89f9262d9561
2020-08-01,"AYS Daily Digest 31/07/2020: A last desperate attempt for asylum: inside the ‘Centre for Aliens”…",https://medium.com/are-you-syrious/ays-daily-digest-31-07-2020-a-last-desperate-attempt-for-asylum-inside-the-centre-for-aliens-a90a348021b2
2020-07-31,"AYS Daily Digest 30/07/2020: Trial against Salvini and the El Hiblu Three",https://medium.com/are-you-syrious/ays-daily-digest-30-07-2020-trial-against-salvini-and-the-el-hiblu-three-87282b2c483
2020-07-31,"AYS Daily Digest 30/07/2020: Trial against Salvini and the ElHiblu3",https://medium.com/are-you-syrious/ays-daily-digest-30-07-2020-trial-against-salvini-and-the-elhiblu3-bf83204c6ec8
2020-07-29,"AYS Daily Digest 28/07/2020 — Three People Killed After Pushback to Libya",https://medium.com/are-you-syrious/ays-daily-digest-28-07-2020-three-people-killed-after-pushback-to-libya-6784be2537fa
2020-07-29,"AYS Daily Digest 28/07/2020 — Three People Killed After Pushback to Libya",https://medium.com/are-you-syrious/ays-daily-digest-28-07-2020-three-people-killed-after-pushback-to-libya-e43f6cfac1ba
2020-07-28,"AYS Daily Digest 27/07/20 Worrying asylum backlog and detention lengths in Sweden",https://medium.com/are-you-syrious/ays-daily-digest-27-07-20-worrying-asylum-backlog-and-detention-lengths-in-sweden-deb6feb84bf0
2020-07-28,"AYS Daily Digest 27/07/20 Worrying asylum backlog and detention lengths in Sweden",https://medium.com/are-you-syrious/ays-daily-digest-27-07-20-worrying-asylum-backlog-and-detention-lengths-in-sweden-ba27198ee92d
2020-07-27,"AYS Weekend Digest 25–26/7/2020: FRONTEX support push-backs at sea and at land borders",https://medium.com/are-you-syrious/ays-weekend-digest-25-26-7-2020-frontex-support-push-backs-at-sea-and-at-land-borders-6cb36fc8613e
2020-07-25,"AYS Daily Digest 24/7/20: Six years in ‘inhuman’ detention and now finally free!",https://medium.com/are-you-syrious/ays-daily-digest-24-7-20-six-years-in-inhuman-detention-and-now-finally-free-38f61195350e
2020-07-24,"AYS Daily Digest 23/7/20: Greek Camps on Lockdown until August 2nd",https://medium.com/are-you-syrious/ays-daily-digest-23-7-20-greek-camps-on-lockdown-until-august-2nd-8042a2370ed7
2020-07-24,"AYS Daily Digest 23/7/20: Greek Camps on Lockdown Until August 2nd",https://medium.com/are-you-syrious/ays-daily-digest-23-7-20-greek-camps-on-lockdown-until-august-2nd-1c4721f377aa
2020-07-22,"AYS Daily Digest 21/7/2020: Germany increasingly uses charter flights for deportations",https://medium.com/are-you-syrious/ays-daily-digest-21-7-2020-germany-increasingly-uses-charter-flights-for-deportations-558ce42a5f2f
2020-07-22,"AYS Daily Digest 21/7/2020: Germany increasingly uses charter flights for deportations",https://medium.com/are-you-syrious/ays-daily-digest-21-7-2020-germany-increasingly-uses-charter-flights-for-deportations-8a31b32c0298
2020-07-21,"AYS Daily Digest 20/7/2020 Slovenia carried out collective expulsions and chain push-backs",https://medium.com/are-you-syrious/ays-daily-digest-20-7-2020-slovenia-carried-out-collective-expulsions-and-chain-push-backs-929023b816d8
2020-07-20,"AYS Weekend Digest 18–19/7/2020 Endemic Police Racism in Tuzla",https://medium.com/are-you-syrious/ays-weekend-digest-18-19-7-2020-endemic-police-racism-in-tuzla-6a72f51388f9
2020-07-20,"AYS Weekend Digest 18–19/7/2020 Endemic Police Racism in Tuzla",https://medium.com/are-you-syrious/ays-weekend-digest-18-19-7-2020-endemic-police-racism-in-tuzla-bd68199174c
2020-07-18,"AYS Daily Digest 17/7/20 Devastation in Bosnia: Security forces destroy camp",https://medium.com/are-you-syrious/ays-daily-digest-17-7-20-devastation-in-bosnia-security-forces-destroy-camp-18885c21070e
2020-07-17,"AYS Daily Digest 16/07/2020: Eritreans claims for asylum in Slovenia being systematically rejected",https://medium.com/are-you-syrious/ays-daily-digest-16-07-2020-eritreans-claims-for-asylum-in-slovenia-being-systematically-rejected-3f2d20043fd8
2020-07-16,"AYS Daily Digest 15/07/2020: Spotted, ignored and left for dead: The story of 60 people stranded…",https://medium.com/are-you-syrious/ays-daily-digest-15-07-2020-spotted-ignored-and-left-for-dead-the-story-of-60-people-stranded-a7efdede827
2020-07-15,"AYS Daily Digest 14/07/2020 — Suffocating Conditions in Munich Shelters, Temperatures Up to 50°…",https://medium.com/are-you-syrious/ays-daily-digest-14-07-2020-suffocating-conditions-in-munich-shelters-temperatures-up-to-50-dbc6ebbc86c3
2020-07-15,"AYS Daily Digest 14/07/2020 — Suffocating Conditions in Munich Shelters, Temperatures Up to 50°…",https://medium.com/are-you-syrious/ays-daily-digest-14-07-2020-suffocating-conditions-in-munich-shelters-temperatures-up-to-50-70488b4e2839
2020-07-14,"AYS Daily Digest 13/7/20: Former and current officials hand in hand with border and detention…",https://medium.com/are-you-syrious/ays-daily-digest-13-7-20-former-and-current-officials-hand-in-hand-with-border-and-detention-55201cd7d5fd
2020-07-13,"AYS Weekend Digest 11–12/7/2020: Solidarity on trial, again",https://medium.com/are-you-syrious/ays-weekend-digest-11-12-7-2020-solidarity-on-trial-again-45c4e74f6fa4
2020-07-13,"AYS Weekend Digest 11–12/7/2020: Solidarity on trial, again",https://medium.com/are-you-syrious/ays-daily-digest-11-12-7-2020-solidarity-on-trial-again-c3f755bc4953
2020-07-11,"AYS Daily Digest 10/7/20: “If those who drown were white, there would be action!”",https://medium.com/are-you-syrious/ays-daily-digest-10-7-20-if-those-who-drown-were-white-there-would-be-action-f2fa17b2f4f5
2020-07-11,"AYS Daily Digest 10/7/20: If those who drown were white, there would be action!",https://medium.com/are-you-syrious/ays-daily-digest-10-7-20-if-those-who-drown-were-white-there-would-be-action-cd46f965134f
2020-07-10,"AYS DAILY DIGEST 09/07/2020: Protests in Greece against New Demonstration Law",https://medium.com/are-you-syrious/ays-daily-digest-09-07-2020-protests-in-greece-against-new-demonstration-law-3096f7a2592d
2020-07-10,"AYS DAILY DIGEST 09/07/2020: Protests in Greece against new demonstration law",https://medium.com/are-you-syrious/ays-daily-digest-09-07-2020-protests-in-greece-against-new-demonstration-law-4ee62b8b6449
2020-07-08,"AYS Daily Digest 7/7/20: Black Lives on the move systematically left to die",https://medium.com/are-you-syrious/ays-daily-digest-7-7-20-black-lives-on-the-move-systematically-left-to-die-e39a84bd1785
2020-07-06,"AYS Weekend Digest 04–05/7/2020: Solidarity with the Talia 52. Let them Land!",https://medium.com/are-you-syrious/ays-weekend-digest-04-05-7-2020-solidarity-with-the-talia-52-let-them-land-869534fa9395
2020-07-06,"AYS Weekend Digest 04–05/7/2020: Solidarity with the Talia 52. Let them Land!",https://medium.com/are-you-syrious/ays-weekend-digest-04-05-7-2020-solidarity-with-the-talia-52-let-them-land-b4ef0ad37d52
2020-07-04,"AYS Daily Digest 03/07/2020 : FEATURE — Where Does the Money Go in Libya?",https://medium.com/are-you-syrious/ays-daily-digest-03-07-2020-feature-where-does-the-money-go-in-libya-dac97c9b036e
2020-07-04,"AYS Daily Digest 03/07/2020: Where Does the Money Go in Libya?",https://medium.com/are-you-syrious/feature-where-does-the-money-go-in-libya-d4f21976945f
2020-07-03,"AYS Daily Digest 02/07/2020: One year since an airstrike hit Tajoura detention centre in Libya",https://medium.com/are-you-syrious/ays-daily-digest-02-07-2020-one-year-since-an-airstrike-hit-tajoura-detention-centre-in-libya-6080386f8fde
2020-07-02,"AYS Daily Digest 1/7/20: The Greek asylum system exposes people to abuse and exploitation, while…",https://medium.com/are-you-syrious/ays-daily-digest-1-7-20-the-greek-asylum-system-exposes-people-to-abuse-and-exploitation-while-79ff7c62f536
2020-07-02,"AYS Daily Digest 1/7/20: The Greek asylum system exposes people to abuse and exploitation, while…",https://medium.com/are-you-syrious/ays-daily-digest-1-7-20-the-greek-asylum-system-exposes-people-to-abuse-and-exploitation-while-90f4902ee5a8
2020-06-30,"AYS Daily Digest 29/06/2020 — Increased surveillance planned in the Mediterranean",https://medium.com/are-you-syrious/ays-daily-digest-29-06-2020-increased-surveillance-planned-in-the-mediterranean-1d188ff67c90
2020-06-30,"AYS Daily Digest 29/06/2020 — Increased surveillance planned in the Mediterranean",https://medium.com/are-you-syrious/ays-daily-digest-29-06-2020-increased-surveillance-planned-in-the-mediterranean-accca6c97536
2020-06-29,"AYS Weekend Digest 27–28/6/2020: Baby born on a dinghy was pushed back to Libya",https://medium.com/are-you-syrious/ays-weekend-digest-27-28-6-2020-baby-born-on-a-dinghy-was-pushed-back-to-libya-b06f408594d6
2020-06-27,"AYS Daily Digest 26/6/2020 — Italy: From push-backs to pull-backs",https://medium.com/are-you-syrious/ays-daily-digest-26-6-2020-italy-from-push-backs-to-pull-backs-4da8b4093f1a
2020-06-27,"AYS Daily Digest 26/6/2020 — Italy: From push-backs to pull-backs",https://medium.com/are-you-syrious/ays-daily-digest-26-6-2020-italy-from-push-backs-to-pull-backs-db422cc26601
2020-06-25,"AYS Daily Digest 24/6/20: I can’t breathe: Death inside Spanish juvenile centre",https://medium.com/are-you-syrious/ays-daily-digest-24-6-20-i-cant-breathe-death-inside-spanish-juvenile-centre-a9d24fdd3137
2020-06-24,"AYS Daily Digest 23/6/20: Deaths along the Balkan Route go overlooked",https://medium.com/are-you-syrious/ays-daily-digest-23-6-20-deaths-along-the-balkan-route-go-overlooked-7bb258367ef4
2020-06-24,"AYS Daily Digest 23/6/20: Deaths along the Balkan Route go overlooked",https://medium.com/are-you-syrious/ays-daily-digest-23-6-20-deaths-along-the-balkan-route-go-overlooked-f3be367f571a
2020-06-23,"AYS Daily Digest 22/06/2020 — EU Hired McKinsey to Work on Asylum Process",https://medium.com/are-you-syrious/ays-daily-digest-22-06-2020-eu-hired-mckinsey-to-work-on-asylum-process-bb8121207a6
2020-06-23,"AYS Daily Digest 22/06/2020 — EU Hired McKinsey to Work on Asylum Process",https://medium.com/are-you-syrious/ays-daily-digest-22-06-2020-eu-hired-mckinsey-to-work-on-asylum-process-b4b37354cf1c
2020-06-22,"AYS Weekend Digest 20–21/06/2020 EU: Black Lives Matter, if they are not coming to Europe",https://medium.com/are-you-syrious/ays-weekend-digest-20-21-06-2020-eu-black-lives-matter-if-they-are-not-coming-to-europe-ad89ca176142
2020-06-20,"AYS Daily Digest 19/06/20: Ripe for Corruption? The Greek Migration Ministry.",https://medium.com/are-you-syrious/ays-daily-digest-19-06-20-ripe-for-corruption-the-greek-migration-ministry-15a6c1629c89
2020-06-20,"AYS Daily Digest 19/06/20: Ripe for Corruption? The Greek Migration Ministry.",https://medium.com/are-you-syrious/ays-daily-digest-19-06-20-ripe-for-corruption-the-greek-migration-ministry-a73515dc8039
2020-06-19,"AYS Daily Newsletter 18/06/20: 328 people were deported back to Libya",https://medium.com/are-you-syrious/ays-daily-newsletter-18-06-20-328-people-were-deported-back-to-libya-e38bd3dea555
2020-06-19,"AYS Daily Digest 18/06/20: 328 people were deported back to Libya",https://medium.com/are-you-syrious/ays-daily-digest-18-06-20-328-people-were-deported-back-to-libya-73636b6644e1
2020-06-18,"AYS Daily Digest 17/6/20: Manipulations and police pressure across the Balkans",https://medium.com/are-you-syrious/ays-daily-digest-17-6-20-manipulations-and-police-pressure-across-the-balkans-d8ceb017446b
2020-06-17,"AYS Daily Digest 16/06/20 Hundreds of people transferred to Athens from Lesvos with nowhere to go",https://medium.com/are-you-syrious/ays-daily-digest-16-06-20-hundreds-of-people-transferred-to-athens-from-lesvos-with-nowhere-to-go-b589f984a260
2020-06-17,"AYS Daily Digest 16/06/20 Hundreds of people transferred to Athens from Lesvos with nowhere to go",https://medium.com/are-you-syrious/ays-daily-digest-16-06-20-hundreds-of-people-transferred-to-athens-from-lesvos-with-nowhere-to-go-4a027911d312
2020-06-16,"AYS Daily Digest 15/6/20: “It takes people to stop it!”",https://medium.com/are-you-syrious/ays-daily-digest-15-6-20-it-takes-people-to-stop-it-d2534af6b7b5
2020-06-15,"AYS Weekend Digest 13–14/06/2020 — Greek Coast Guard Ignores Boat in Distress for Over 15 Hours",https://medium.com/are-you-syrious/ays-weekend-digest-13-14-06-2020-greek-coast-guard-ignores-boat-in-distress-for-over-15-hours-9e40f9bbabab
2020-06-13,"AYS Daily Digest 12/6/20: 53 people drown in the Mediterranean",https://medium.com/are-you-syrious/ays-daily-digest-12-6-20-53-people-drown-in-the-mediterranean-6a02a8f24a3a
2020-06-13,"AYS Daily Digest 12/6/20: 53 people drown in the Mediterranean",https://medium.com/are-you-syrious/ays-daily-digest-12-6-20-53-people-drown-in-the-mediterranean-e01bc2dbd419
2020-06-12,"AYS DAILY DIGEST 11/06/20: Greek Government’s plans to evict recognized refugees leads to chaos…",https://medium.com/are-you-syrious/ays-daily-digest-11-06-20-greek-governments-plans-to-evict-recognized-refugees-leads-to-chaos-7ea6f0e145ae
2020-06-12,"AYS DAILY DIGEST 11/06/20: Greek Government’s plans to evict recognized refugees leads to chaos…",https://medium.com/are-you-syrious/ays-daily-digest-11-06-20-greek-governments-plans-to-evict-recognized-refugees-leads-to-chaos-a6f5f9370811
2020-06-09,"AYS Daily Digest 8/6/20: On the expansive use of pushbacks in Greece in recent months",https://medium.com/are-you-syrious/ays-daily-digest-8-6-20-on-the-expansive-use-of-pushbacks-in-greece-in-recent-months-e270f93aa06
2020-06-08,"AYS Weekend Digest 06–07/06/2020: Families of the victims find shortcomings in the inquiry over…",https://medium.com/are-you-syrious/ays-weekend-digest-06-07-06-2020-families-of-the-victims-find-shortcomings-in-the-inquiry-over-94e60bae71f
2020-06-06,"AYS Daily Digest 5/6/20: Will the Dutch take responsibility for 500 unaccompanied minors from the…",https://medium.com/are-you-syrious/ays-daily-digest-5-6-20-will-the-dutch-take-responsibility-for-500-unaccompanied-minors-from-the-6da0265348ff
2020-06-06,"AYS Special from France under Lockdown: Refugees systematically failed by authorities",https://medium.com/are-you-syrious/ays-special-from-france-under-lockdown-refugees-systematically-failed-by-authorities-78835a8de472
2020-06-04,"AYS Daily Digest 3/6/20 ~400 people are stranded in ships off the coast of Malta",https://medium.com/are-you-syrious/ays-daily-digest-3-6-20-400-people-are-stranded-in-ships-off-the-coast-of-malta-7c3ba81b2ca9
2020-06-03,"AYS Daily Digest 2/6/20: Offering hypocrite solidarity while people in our midst suffer, starve…",https://medium.com/are-you-syrious/ays-daily-digest-2-6-20-offering-hypocrite-solidarity-while-people-in-our-midst-suffer-starve-a24cc60cbff0
2020-06-01,"AYS Weekend Digest 30–31/05/2020 Greece: Vagiachori camp occupied against planned evictions",https://medium.com/are-you-syrious/ays-weekend-digest-30-31-05-2020-greece-vagiachori-camp-occupied-against-planned-evictions-44d7a616229a
2020-05-30,"AYS Daily Digest 29/05/20- Italy Considers Charges Over Malta’s Treatment of Refugees",https://medium.com/are-you-syrious/ays-daily-digest-29-05-20-italy-considers-charges-over-maltas-treatment-of-refugees-6f84cd0b3ec7
2020-05-30,"AYS Daily Digest 29/05/20- Italy Considers Charges over Malta’s Treatment of Refugees",https://medium.com/are-you-syrious/ays-daily-digest-29-05-20-italy-considers-charges-over-maltas-treatment-of-refugees-4b4a1e5b5954
2020-05-29,"AYS Daily Digest 28/05/2020: New testimonies of violent push backs",https://medium.com/are-you-syrious/ays-daily-digest-28-05-2020-new-testimonies-of-violent-push-backs-47c6167286b3
2020-05-28,"AYS Daily Digest 27/5/20: As the violence continues, people risk homelessness even after obtaining…",https://medium.com/are-you-syrious/ays-daily-digest-27-5-20-as-the-violence-continues-people-risk-homelessness-even-after-obtaining-afabb37caab9
2020-05-27,"AYS Daily Digest 26/05/2020 — Tensions Between Greece and Turkey Ramp Up",https://medium.com/are-you-syrious/ays-daily-digest-26-05-2020-tensions-between-greece-and-turkey-ramp-up-69279962cb13
2020-05-26,"AYS Daily Digest 25/05/20 “What makes me mad is that my children had to grow up in prison” in…",https://medium.com/are-you-syrious/ays-daily-digest-25-05-20-what-makes-me-mad-is-that-my-children-had-to-grow-up-in-prison-in-67cc96fe37f1
2020-05-26,"AYS Daily Digest 25/5/20 “What makes me mad is that my children had to grow up in prison” in…",https://medium.com/are-you-syrious/ays-daily-digest-what-makes-me-mad-is-that-my-children-had-to-grow-up-in-prison-in-hungary-4bf6f01156e3
2020-05-25,"AYS Weekend Digest 23–24/5/2020: Illegal deportations kill, Keerfa report",https://medium.com/are-you-syrious/ays-weekend-digest-23-24-5-2020-illegal-deportations-kill-keerfa-report-9af1bf49ea5d
2020-05-24,"AYS Daily Digest 22/05/2020- Sweden’s plan to deport five-month-old Baby Benjamin",https://medium.com/are-you-syrious/ays-daily-digest-22-05-2020-swedens-plan-to-deport-five-month-old-baby-benjamin-4e685bf1c04a
2020-05-23,"AYS Daily Digest 22/05/2020- Sweden’s plan to deport five-month-old Baby",https://medium.com/are-you-syrious/ays-daily-digest-22-05-2020-swedens-plan-to-deport-five-month-old-baby-8a2f8260bae5
2020-05-22,"AYS Daily Digest: 21/05/20: Hungarian Transit Zones closed",https://medium.com/are-you-syrious/ays-daily-digest-21-05-20-hungarian-transit-zones-closed-a348c7b14a7
2020-05-22,"AYS Daily Digest: 21/05/20: Hungarian Transit Zones closed",https://medium.com/are-you-syrious/ays-daily-digest-21-05-20-hungarian-transit-zones-closed-f40823575d13
2020-05-21,"AYS Daily Digest 20/05/2020 — Greece’s Authoritarian Slide",https://medium.com/are-you-syrious/ays-daily-digest-20-05-2020-greeces-authoritarian-slide-44b818da03df
2020-05-20,"AYS Daily Digest 19/5/20: Maltese offshore prisons",https://medium.com/are-you-syrious/ays-daily-digest-19-5-20-maltese-offshore-prisons-4844edc008cb
2020-05-19,"AYS Daily Digest 18/05/20 Huge Crowds Outside of Reopened Greek Asylum Headquarters’ Offices",https://medium.com/are-you-syrious/ays-daily-digest-18-05-20-huge-crowds-outside-of-reopened-greek-asylum-headquarters-offices-965d00987238
2020-05-19,"AYS Daily Digest 18/5/20 Huge crowds outside of reopened Greek Asylum Headquarters’ Offices",https://medium.com/are-you-syrious/ays-daily-digest-18-5-20-huge-crowds-outside-of-reopened-greek-asylum-headquarters-offices-87d8434ad6ed
2020-05-18,"Podcast: Pikpa, a Refugee Camp Based on Solidarity",https://medium.com/are-you-syrious/podcast-pikpa-a-refugee-camp-based-on-solidarity-28df2b0b5a5e
2020-05-18,"AYS Weekend Digest 16–17/05/2020 Vial camp, Chios: the perfect place for self-isolation…",https://medium.com/are-you-syrious/ays-weekend-digest-16-17-05-2020-vial-camp-chios-the-perfect-place-for-self-isolation-26f6b23d041b
2020-05-18,"AYS Weekend Digest 16–17/05/2020 Vial camp, Chios: the perfect place for self-isolation…",https://medium.com/are-you-syrious/ays-weekend-digest-16-17-05-2020-vial-camp-chios-the-perfect-place-for-self-isolation-f7f52fdebcf0
2020-05-16,"AYS Daily Digest 15/05/2020–Woman Found Dead in Melilla",https://medium.com/are-you-syrious/ays-daily-digest-15-05-2020-woman-found-dead-in-melilla-a74558e4d8d9
2020-05-16,"AYS Daily Digest 15/05/2020–Woman Found Dead in Melilla",https://medium.com/are-you-syrious/ays-daily-digest-15-05-2020-woman-found-dead-in-melilla-693e5a201d1
2020-05-15,"AYS Daily Newsletter 14/05/20: Another death related to the official camps in Bosnia and…",https://medium.com/are-you-syrious/ays-daily-newsletter-14-05-20-another-death-related-to-the-official-camps-in-bosnia-and-e5ae8f0a660f
2020-05-15,"AYS Daily Digest 15/05/20: Another death related to the official camps in Bosnia and Herzegovina",https://medium.com/are-you-syrious/ays-daily-digest-15-05-20-another-death-related-to-the-official-camps-in-bosnia-and-herzegovina-e3f72a3222d
2020-05-13,"AYS Daily Digest 12/05/20 Over 100 European Parliament members call for investigations into Greek…",https://medium.com/are-you-syrious/ays-daily-digest-12-05-20-over-100-european-parliament-members-call-for-investigations-into-greek-24fab093de18
2020-05-13,"AYS Daily Digest 12/05/20 Over 100 European Parliament members call for investigations into Greek…",https://medium.com/are-you-syrious/ays-daily-digest-12-05-20-over-100-european-parliament-members-call-for-investigations-into-greek-7f182f014511
2020-05-12,"AYS Daily Digest 11/05/20: German Reception Centers ‘Inadequate’ During Pandemic, Court Rules",https://medium.com/are-you-syrious/ays-daily-digest-11-05-20-german-reception-centers-inadequate-during-pandemic-court-rules-16cc237c6f4d
2020-05-12,"AYS Daily Digest 11/05/20: German Reception Centers ‘Inadequate’ During Pandemic, Court Rules",https://medium.com/are-you-syrious/ays-daily-digest-11-05-20-german-reception-centers-inadequate-during-pandemic-court-rules-67e97711010f
2020-05-11,"AYS Weekend Digest 09–10/05/2020: The Libyan SAR zone is a deadly illusion",https://medium.com/are-you-syrious/ays-weekend-digest-09-10-05-2020-the-libyan-sar-zone-is-a-deadly-illusion-cbdfe87d0404
2020-05-11,"AYS Weekend Digest 09–10/05/2020: The Libyan SAR zone is a deadly illusion",https://medium.com/are-you-syrious/ays-weekend-digest-09-10-05-2020-the-libyan-sar-zone-is-a-deadly-illusion-d234eefb1146
2020-05-09,"AYS Daily Digest 08/05/20: Evidence indicates that Muhammad Gulzar has been shot by bullets fired…",https://medium.com/are-you-syrious/ays-daily-digest-08-05-20-evidence-indicates-that-muhammad-gulzar-has-been-shot-by-bullets-fired-5922cceeaeb1
2020-05-09,"AYS Daily Digest 08/05/20: Evidence indicates that Muhammad Gulzar has been shot by bullets fired…",https://medium.com/are-you-syrious/ays-daily-digest-09-05-20-evidence-indicates-that-muhammad-gulzar-has-been-shot-by-bullets-fired-4cf7fb60518b
2020-05-08,"AYS Daily Newsletter 7/5/20: Humanitarian Crisis in Morocco",https://medium.com/are-you-syrious/ays-daily-newsletter-7-5-20-humanitarian-crisis-in-morocco-96df1ff3db16
2020-05-08,"AYS Daily Digest 7/5/20: Humanitarian Crisis in Morocco",https://medium.com/are-you-syrious/ays-daily-digest-7-5-20-humanitarian-crisis-in-morocco-574e2568b696
2020-05-06,"AYS Daily Digest 05/05/20 Photographic evidence & first hand testimony: Greece pushbacks under…",https://medium.com/are-you-syrious/ays-daily-digest-05-05-20-photographic-evidence-first-hand-testimony-greece-pushbacks-under-1e52748aee18
2020-05-05,"AYS Digest 04/05/2020 — Man in Bosnian Camp Killed, Family Accuses Security Guard",https://medium.com/are-you-syrious/ays-digest-04-05-2020-man-in-bosnian-camp-killed-family-accuses-security-guard-f0d537a2e7a4
2020-05-04,"AYS Weekend Digest 2–3/5/2020–392 people evacuated from Moria, but where to?",https://medium.com/are-you-syrious/ays-weekend-digest-2-3-5-2020-392-people-evacuated-from-moria-but-where-to-82d756305e1b
2020-05-04,"AYS Weekend Digest 2–3/5/2020–392 people evacuated from Moria, but where to?",https://medium.com/are-you-syrious/ays-weekend-digest-2-3-5-2020-392-people-evacuated-from-moria-but-where-to-af35c3ba5383
2020-05-02,"AYS Daily Digest 01/05/2020: Malta’s government has been involved in the push-backs on Easter…",https://medium.com/are-you-syrious/ays-daily-digest-01-05-2020-maltas-government-has-been-involved-in-the-push-backs-on-easter-cbb267099401
2020-05-02,"AYS Daily Digest 01/05/2020: Malta’s government has been involved in the push-backs on Easter…",https://medium.com/are-you-syrious/ays-daily-digest-01-05-2020-maltas-government-has-been-involved-in-the-push-backs-on-easter-e82a24c83c18
2020-05-01,"AYS Daily Newsletter 30/04/20- Maltese government official admits to coordinating pushbacks",https://medium.com/are-you-syrious/ays-daily-newsletter-30-04-20-maltese-government-official-admits-to-coordinating-pushbacks-de919aa31c9a
2020-05-01,"AYS Daily Digest 30/04/20-Maltese government official admits to coordinating pushbacks",https://medium.com/are-you-syrious/ays-daily-digest-30-04-20-maltese-government-official-admits-to-coordinating-pushbacks-6343a3a8c662
2020-04-30,"AYS Daily Digest 29/04/2020- Protests in Moria Camp…Again",https://medium.com/are-you-syrious/ays-daily-digest-29-04-2020-protests-in-moria-camp-again-6be57f5d1fff
2020-04-29,"AYS Daily Digest 28/04/20 Police raid in Diavata camp near Thessaloniki, fear of pushbacks to…",https://medium.com/are-you-syrious/ays-daily-digest-28-04-20-police-raid-in-diavata-camp-near-thessaloniki-fear-of-pushbacks-to-9350ab907399
2020-04-29,"AYS Daily Digest 28/04/20 Police raid in Diavata camp near Thessaloniki, fear of pushbacks to…",https://medium.com/are-you-syrious/ays-daily-digest-28-04-20-police-raid-in-diavata-camp-near-thessaloniki-fear-of-pushbacks-to-646b3958e029
2020-04-28,"AYS Daily Digest 27/4/20: Another Political Interference in the Freedoms of Academia and the Media",https://medium.com/are-you-syrious/ays-daily-digest-27-4-20-another-political-interference-in-the-freedoms-of-academia-and-the-media-7c66c746a828
2020-04-27,"AYS Weekend Digest 25–26/4/2020 — Fires at Vathi, Samos",https://medium.com/are-you-syrious/ays-weekend-digest-25-26-4-2020-fires-at-vathi-samos-c7535d761c51
2020-04-27,"AYS Weekend Digest 25–26/4/2020 — Fires at Vathi, Samos",https://medium.com/are-you-syrious/ays-weekend-digest-25-26-4-2020-fires-at-vathi-samos-4e61e8457b1f
2020-04-25,"AYS Daily Digest 24/4/20: Malta’s involvement in illegal pushbacks",https://medium.com/are-you-syrious/ays-daily-digest-24-4-20-maltas-involvement-in-illegal-pushbacks-b4256850d1e8
2020-04-24,"AYS Daily Digest 23/4/20: Will Austria be deporting to Serbia?",https://medium.com/are-you-syrious/ays-daily-digest-23-4-20-will-austria-be-deporting-to-serbia-95fc284c019f
2020-04-24,"AYS Daily Digest 23/4/20: Will Austria be deporting to Serbia?",https://medium.com/are-you-syrious/ays-daily-digest-23-4-20-will-austria-be-deporting-to-serbia-5e65d5c1b22e
2020-04-22,"AYS Daily Digest 21/04/20: Transparency ignored when it serves ulterior motives?",https://medium.com/are-you-syrious/ays-daily-digest-21-04-20-transparency-ignored-when-it-serves-ulterior-motives-5052928f18d7
2020-04-21,"AYS Daily Digest 20/04/20: First trial on Crimes against Humanity against former members of Assad’s…",https://medium.com/are-you-syrious/ays-daily-digest-20-04-20-first-trial-on-crimes-against-humanity-against-former-members-of-assads-8327f248fe31
2020-04-21,"AYS Daily Digest 20/04/20: First trial on Crimes against Humanity against former members of…",https://medium.com/are-you-syrious/ays-daily-digest-20-04-20-first-trial-on-crimes-against-humanity-against-former-members-of-d29b6d78b1ae
2020-04-20,"AYS Weekend Digest 18–19/4/20: Vial fire latest in line to confirm that evacuation to safety is the…",https://medium.com/are-you-syrious/ays-weekend-digest-18-19-4-20-vial-fire-latest-in-line-to-confirm-that-evacuation-to-safety-is-the-e4d326777807
2020-04-20,"AYS Weekend Digest 18–19/4/20: Vial fire latest in line to confirm that evacuation to safety is…",https://medium.com/are-you-syrious/ays-weekend-digest-18-19-4-20-vial-fire-latest-in-line-to-confirm-that-evacuation-to-safety-is-bfb4af7f176a
2020-04-19,"AYS Special from Chios: Fire swallows up makeshift homes of thousands",https://medium.com/are-you-syrious/ays-special-from-chios-fire-swallows-up-makeshift-homes-of-thousands-2cf8808d3106
2020-04-18,"AYS Daily Digest 17/04/20: At least some of the people who have been rescued while Europe was…",https://medium.com/are-you-syrious/ays-daily-digest-17-04-20-at-least-some-of-the-people-who-have-been-rescued-while-europe-was-68f7c7c0687
2020-04-17,"AYS Daily Digest 16/04/20: Testimonies from people trapped at sea",https://medium.com/are-you-syrious/ays-daily-digest-16-04-20-testimonies-from-people-trapped-at-sea-e74f9f892a55
2020-04-16,"AYS Daily Digest 15/04/20 Controversy when Italy orders people rescued at sea to quarantine on…",https://medium.com/are-you-syrious/ays-daily-digest-15-04-20-controversy-when-italy-orders-people-rescued-at-sea-to-quarantine-on-54faecdca321
2020-04-15,"AYS Daily Digest 14/04/20: Left to Fend for Themselves — Europe’s Unspoken Migration Policy",https://medium.com/are-you-syrious/ays-daily-digest-14-04-20-left-to-fend-for-themselves-europes-unspoken-migration-policy-b5c5004420a9
2020-04-13,"AYS Weekend Digest 11–12/04/2020: How many have to die for Europe’s sins?",https://medium.com/are-you-syrious/ays-weekend-digest-11-12-04-2020-how-many-have-to-die-for-europes-sins-bfbc380424d9
2020-04-13,"AYS Weekend Digest 11–12/04/2020: How many have to die for Europe sins?",https://medium.com/are-you-syrious/ays-weekend-digest-11-12-04-2020-how-many-have-to-die-for-europe-sins-7157f1f37a6f
2020-04-13,"کسی را فراموش نکنیم",https://medium.com/are-you-syrious/%DA%A9%D8%B3%DB%8C-%D8%B1%D8%A7-%D9%81%D8%B1%D8%A7%D9%85%D9%88%D8%B4-%D9%86%DA%A9%D9%86%DB%8C%D9%85-69a3c18ea96e
2020-04-11,"AYS Daily Digest 10/04/2020: Police violence in Serbian refugee camp",https://medium.com/are-you-syrious/ays-daily-digest-10-04-2020-police-violence-in-serbian-refugee-camp-2f968c4f7657
2020-04-11,"AYS Daily Digest 10/04/2020: Police violence in Serbian refugee camp",https://medium.com/are-you-syrious/ays-daily-digest-10-04-2020-police-violence-in-serbian-refugee-camp-71f045fa5531
2020-04-10,"AYS Daily Digest 09/04/2020– Yazidi Teenager Stabbed to Death in Germany",https://medium.com/are-you-syrious/ays-daily-digest-09-04-2020-yazidi-teenager-stabbed-to-death-in-germany-f2e719d3f660
2020-04-09,"AYS Daily Digest 08/04/20: Will working restraints now be lifted so that refugees can save the…",https://medium.com/are-you-syrious/ays-daily-digest-08-04-20-will-working-restraints-now-be-lifted-so-that-refugees-can-save-the-ebaac9ac01a5
2020-04-08,"AYS Daily Digest 07/04/20 Luxembourg and Germany agree to take in small number of children from…",https://medium.com/are-you-syrious/ays-daily-digest-07-04-20-luxembourg-and-germany-agree-to-take-in-small-number-of-children-from-e18dfc824a00
2020-04-07,"AYS Daily Digest 6/4/20: Riot police violently raids a detention centre in Greece",https://medium.com/are-you-syrious/ays-daily-digest-6-4-20-riot-police-violently-raids-a-detention-centre-in-greece-f29f04c1ce
2020-04-06,"AYS Weekend Digest 4–5/4/2020: Protests in German reception centres",https://medium.com/are-you-syrious/ays-weekend-digest-4-5-4-2020-protests-in-german-reception-centres-fb632f5ad5f8
2020-04-05,"Podcast: Interviews with refugees in Greek camps",https://medium.com/are-you-syrious/podcast-interviews-with-refugees-in-greek-camps-b356c7a45a4f
2020-04-04,"AYS Daily Digest 3/4/20: No one is taking responsibility.",https://medium.com/are-you-syrious/ays-daily-digest-3-4-20-no-one-is-taking-responsibility-b463890648a9
2020-04-03,"AYS Daily Digest 02/04/2020 — Greek Ban on Asylum Applications Overturned",https://medium.com/are-you-syrious/ays-daily-digest-02-04-2020-greek-ban-on-asylum-applications-overturned-774c42f072f0
2020-04-02,"AYS Daily Digest 01/04/2020: Greek camp in 14-day coronavirus lockdown",https://medium.com/are-you-syrious/ays-daily-digest-01-04-2020-greek-camp-in-14-day-coronavirus-lockdown-6de7a60811cf
2020-04-01,"AYS Daily Digest 31/03/2020 Refugee woman who gave birth in Athens tests COVID-19 positive",https://medium.com/are-you-syrious/ays-daily-digest-31-03-2020-refugee-woman-who-gave-birth-in-athens-tests-covid-19-positive-1b1c43be1eb2
2020-03-31,"AYS Daily Digest 30/03/20 — Experts funded by EU sharply criticise EU-policies",https://medium.com/are-you-syrious/ays-daily-digest-30-03-20-experts-funded-by-eu-sharply-criticise-eu-policies-f2afa57bba5d
2020-03-30,"AYS Weekend Digest 28–29/3/2020 — Demands from a pandemic",https://medium.com/are-you-syrious/ays-weekend-digest-28-29-3-2020-demands-from-a-pandemic-8ca24c330f3f
2020-03-30,"AYS Weekend Digest 28–29/3/2020 — Demands from a pandemic",https://medium.com/are-you-syrious/ays-weekend-digest-28-29-3-2020-demands-from-a-pandemic-705c1e0a3b11
2020-03-29,"AYS Special from Lesvos: COVID-19 and an island bursting at the seams",https://medium.com/are-you-syrious/ays-special-from-lesvos-covid-19-and-an-island-bursting-at-the-seams-691475481680
2020-03-28,"AYS Daily Digest 27/03/2020: The end of a cynical game",https://medium.com/are-you-syrious/ays-daily-digest-27-03-2020-the-end-of-a-cynical-game-3c42cd42b56d
2020-03-25,"AYS Daily Digest: 14/03/20: Situation of People on the Move while Europe is in lock-down",https://medium.com/are-you-syrious/ays-daily-digest-14-03-20-situation-of-people-on-the-move-while-europe-is-in-lock-down-507edda836fb
2020-03-24,"Podcast: Turkey and Greece - the story behind the headlines",https://medium.com/are-you-syrious/podcast-turkey-and-greece-the-story-behind-the-headlines-f8c80dc0c388
2020-03-24,"AYS Daily Digest 23/03/2020 EU should use decommissioned cruise ships to evacuate camps, says…",https://medium.com/are-you-syrious/ays-daily-digest-23-03-2020-eu-should-use-decommissioned-cruise-ships-to-evacuate-camps-says-e52d9427ebd6
2020-03-23,"AYS Weekend Digest 21–22/3/2020 France: More people in detention despite pandemic measures",https://medium.com/are-you-syrious/ays-weekend-digest-21-22-3-2020-france-more-people-in-detention-despite-pandemic-measures-da3da3516e5e
2020-03-23,"AYS Weekend Digest 21–22/3/2020 France: More people in detention despite pandemic measures",https://medium.com/are-you-syrious/ays-weekend-digest-21-22-3-2020-france-more-people-in-detention-despite-pandemic-measures-82936c0ad8ee
2020-03-21,"AYS DAILY DIGEST 20/03/20: 85% of Libyan arrivals subjected to Torture.",https://medium.com/are-you-syrious/ays-daily-digest-20-03-20-85-of-libyan-arrivals-subjected-to-torture-232b6fd55154
2020-03-21,"AYS DAILY DIGEST 20/03/20: 85% of Libyan arrivals subjected to Torture.",https://medium.com/are-you-syrious/ays-daily-digest-20-03-20-85-of-libyan-arrivals-subjected-to-torture-7342fbf7914e
2020-03-19,"AYS Daily Digest 18/3/20: Protecting human lives demands major concrete humane steps, not…",https://medium.com/are-you-syrious/ays-daily-digest-18-3-20-protecting-human-lives-demands-major-concrete-humane-steps-not-2ddd7b3189dd
2020-03-18,"AYS Daily Digest 17/03/2020 Greek Gov. announces COVID-19 measures for camps",https://medium.com/are-you-syrious/ays-daily-digest-17-03-2020-greek-gov-announces-covid-19-measures-for-camps-df0355f7541
2020-03-17,"AYS Daily Digest 16/03/2020 — Fire in Moria Kills One Child",https://medium.com/are-you-syrious/ays-daily-digest-16-03-2020-fire-in-moria-kills-one-child-4659b45f7ea5
2020-03-16,"AYS Weekend Digest 14–15/3/2020 COVID-19: The latest excuse for repression and human rights…",https://medium.com/are-you-syrious/ays-weekend-digest-14-15-3-2020-covid-19-the-latest-excuse-for-repression-and-human-rights-8541a95ca565
2020-03-16,"AYS Weekend Digest 14–15/3/20 COVID-19: The latest excuse for repression and human rights…",https://medium.com/are-you-syrious/ays-weekend-digest-14-15-3-20-covid-19-the-latest-excuse-for-repression-and-human-rights-b79be138b07c
2020-03-14,"AYS Daily Digest 13/03/20: People removed from Greek islands without a chance to seek asylum",https://medium.com/are-you-syrious/ays-daily-digest-13-03-20-people-removed-from-greek-islands-without-a-chance-to-seek-asylum-93d1ea05091
2020-03-13,"Daily Digest 12/03/20: Coverup of disappearing Vietnamese asylum seekers",https://areyousyrious.medium.com/daily-digest-12-03-20-coverup-of-disappearing-vietnamese-asylum-seekers-6a306b08c3d2
2020-03-12,"AYS Daily Digest 11/03/2020: Updates from the ground in Edirne",https://medium.com/are-you-syrious/ays-daily-digest-11-03-2020-updates-from-the-ground-in-edirne-5af5bc8d25db
2020-03-11,"AYS Daily Digest 10/3/20: Greece — What happens to the people?",https://medium.com/are-you-syrious/ays-daily-digest-10-3-20-greece-what-happens-to-the-people-d8dfb774e0eb
2020-03-10,"AYS Daily Digest 09/03/2020 — Coronavirus Reaches Lesvos, Supermarket Worker Falls Sick",https://medium.com/are-you-syrious/ays-daily-digest-09-03-2020-coronavirus-reaches-lesvos-supermarket-worker-falls-sick-eec0d7fc162d
2020-03-09,"AYS Weekend Digest 7–8/3/2020 Greece: Rhetorics of “invasion” cause more damage daily",https://medium.com/are-you-syrious/ays-weekend-digest-7-8-3-2020-greece-rhetorics-of-invasion-cause-more-damage-daily-1f10e423a32f
2020-03-06,"AYS Daily Digest 05/3/20: Racism and Solidarity in Greece",https://medium.com/are-you-syrious/ays-daily-digest-05-3-20-racism-and-solidarity-in-greece-d182da227031
2020-03-05,"AYS Daily Digest 05/3/20: Greece may be using ‘lethal teargas’ against migrants",https://medium.com/are-you-syrious/ays-daily-digest-05-3-20-greece-may-be-using-lethal-teargas-against-migrants-fd74bb29e3fd
2020-03-04,"AYS Daily Digest 3/3/20: Deliberate cruelty as official policy",https://medium.com/are-you-syrious/ays-daily-digest-3-3-20-deliberate-cruelty-as-official-policy-a2290587bd6c
2020-03-03,"AYS Daily Digest 2/3/20: A child dies off the coast of Lesvos",https://medium.com/are-you-syrious/ays-daily-digest-2-3-20-a-child-dies-off-the-coast-of-lesvos-ef1d0ff4de14
2020-03-02,"AYS Weekend Digest 29/02-01/03 2020: Greece — Emergency measures and live-ammo training at border",https://medium.com/are-you-syrious/ays-weekend-digest-29-02-01-03-2020-greece-emergency-measures-and-live-ammo-training-at-border-73a737de9017
2020-03-01,"AYS Special: Lesvos well beyond the brink (this is what we know so far)",https://medium.com/are-you-syrious/ays-special-lesvos-well-beyond-the-brink-this-is-what-we-know-so-far-7c11873e12f8
2020-02-27,"AYS Daily Digest 26/2/20: Unprotected, attacked and shot at across the Balkan Route",https://medium.com/are-you-syrious/ays-daily-digest-26-2-20-unprotected-attacked-and-shot-at-across-the-balkan-route-85ffff18f9d5
2020-02-26,"AYS Daily Digest 25/2/20: 5,000 protest in Chios over closed migrant centre.",https://medium.com/are-you-syrious/ays-daily-digest-25-2-20-5-000-protest-in-chios-over-closed-migrant-centre-914419aac259
2020-02-25,"AYS Daily Digest 24/02/20: How close did the Maltese authorities work together with the Libyan…",https://medium.com/are-you-syrious/ays-daily-digest-24-02-20-how-close-did-the-maltese-authorities-work-together-with-the-libyan-fe6abd4d928b
2020-02-24,"AYS Weekend Digest 22–23/2/2020: Fascists patrol the streets of Belgrade",https://medium.com/are-you-syrious/ays-weekend-digest-22-23-2-2020-fascists-patrol-the-streets-of-belgrade-182db3c92f35
2020-02-24,"AYS Weekend Digest 22–23/2/2020: Fascist patrol the streets of Belgrade",https://medium.com/are-you-syrious/ays-weekend-digest-22-23-2-2020-fascist-patrol-the-streets-of-belgrade-32df1335f497
2020-02-22,"AYS Daily Digest 21/2/20: Closed camp on uninhabited island, Lesvos authorities propose",https://medium.com/are-you-syrious/ays-daily-digest-21-2-20-closed-camp-on-inhabited-island-lesvos-authorities-propose-ae430390aaac
2020-02-20,"AYS Daily Digest 19/02/2020 — Iranian Asylum Seekers on Hunger Strike in Sweden",https://medium.com/are-you-syrious/ays-daily-digest-19-02-2020-iranian-asylum-seekers-on-hunger-strike-in-sweden-11b5a22fb09b
2020-02-19,"18/02/20 AYS Daily Digest: “We hope for your help. We just want to be free.”",https://medium.com/are-you-syrious/18-02-20-ays-daily-digest-we-hope-for-your-help-we-just-want-to-be-free-e0e0a6fb1d4c
2020-02-17,"AYS Weekend Digest 15–16/02/20 — Balkans: Police repression, violations of human rights and…",https://medium.com/are-you-syrious/ays-weekend-digest-15-16-02-20-balkans-police-repression-violations-of-human-rights-and-f32760db6a20
2020-02-17,"AYS Weekend Digest 15–16/02 /20 —  Balkans: Police repression, violations and institutional lies",https://medium.com/are-you-syrious/ays-weekend-digest-15-16-02-20-balkans-police-repression-violations-and-institutional-lies-1194a3673c3a
2020-02-14,"AYS Daily Digest 13/2/20: The verdict of the ECHR could be used to justify violations in the future",https://medium.com/are-you-syrious/ays-daily-digest-13-2-20-the-verdict-of-the-echr-could-be-used-to-justify-violations-in-the-future-28095b0a7cd
2020-02-13,"AYS Daily Digest 12/02/2020: Italian MP ‘migrant kidnapping’ trial",https://medium.com/are-you-syrious/ays-daily-digest-12-02-2020-italian-mp-migrant-kidnapping-trial-58d5e11a46ef
2020-02-12,"AYS Daily Digest 11/02/2020 Largest number of people yet to be deported from Spain to Mauritania…",https://medium.com/are-you-syrious/ays-daily-digest-11-02-2020-largest-number-of-people-yet-to-be-deported-from-spain-to-mauritania-c8f8e006d880
2020-02-11,"AYS Daily Digest 10/02/2020 — Greek Government Forges Ahead With Plans For Closed Centers",https://medium.com/are-you-syrious/ays-daily-digest-10-02-2020-greek-government-forges-ahead-with-plans-for-closed-centers-e80315975cbf
2020-02-10,"AYS Weekend Digest 8–9/2/2020: No support for people deported to Afghanistan",https://medium.com/are-you-syrious/ays-weekend-digest-8-9-2-2020-no-support-for-people-deported-to-afghanistan-4e19d6ed9bb1
2020-02-10,"AYS Weekend Digest 8–9/2/2020: No support for people deported to Afghanistan",https://medium.com/are-you-syrious/ays-weekend-digest-8-9-2-2020-no-support-for-people-deported-to-afghanistan-e802b28a4e89
2020-02-09,"AYS Special from Lesvos: Right Wing Attacks on Refugees, Volunteers, and Locals",https://medium.com/are-you-syrious/ays-special-from-lesvos-right-wing-attacks-on-refugees-volunteers-and-locals-9f98779aef8e
2020-02-08,"AYS Daily Digest 7/2/2020: More deaths in Moria.",https://medium.com/are-you-syrious/ays-daily-digest-6-2-20-more-deaths-in-moria-cadea15d4c5d
2020-02-07,"AYS Daily Digest 6/2/20: Pressure to be heard at the Serbian-Hungarian b",https://medium.com/are-you-syrious/ays-daily-digest-6-2-20-pressure-to-be-heard-at-the-serbian-hungarian-b-d80e2c79f73f
2020-02-06,"AYS Daily Digest 5/2/20: “NGOs are like bloodsuckers”- Greek Migration Minister",https://medium.com/are-you-syrious/ays-daily-digest-5-2-20-ngos-are-like-bloodsuckers-greek-migration-minister-6961e60af96e
2020-02-04,"AYS Daily Digest 03/02/2020 — Police Suppress Protests on Lesvos",https://medium.com/are-you-syrious/ays-daily-digest-03-02-2020-police-suppress-protests-on-lesvos-25266cdc6af1
2020-02-03,"AYS Weekend Digest 01–02/02/20: Greece to introduce ‘weekly return routes’",https://medium.com/are-you-syrious/ays-weekend-digest-01-02-02-20-greece-to-introduce-weekly-return-routes-25cccb9f556a
2020-02-03,"AYS Special from Chios: What is life really like in a Greek Refugee Camp?",https://medium.com/are-you-syrious/ays-special-from-chios-what-is-life-really-like-in-a-greek-refugee-camp-73e2cd288e8b
2020-02-01,"AYS Daily Digest 31/1/2020 — Privatisation and commercialisation: the Italian reception system",https://medium.com/are-you-syrious/ays-daily-digest-31-1-2020-privatisation-and-commercialisation-the-italian-reception-system-8d3519dac083
2020-02-01,"AYS Daily Digest 31/1/2020 —Privatisation and commercialisation: the Italian reception system",https://medium.com/are-you-syrious/ays-daily-digest-31-1-2020-38e4a1cb30ec
2020-01-31,"AYS Daily Digest 30/01/20: “Moria is hell” Women take to the streets in Lesvos",https://medium.com/are-you-syrious/ays-daily-digest-30-01-20-moria-is-hell-women-take-to-the-streets-in-lesvos-b70e7d5bbeac
2020-01-30,"AYS Daily Digest 29/01/20: Greece wants to install a floating fence",https://medium.com/are-you-syrious/ays-daily-digest-29-01-20-greece-wants-to-install-a-floating-fence-c7f43d5f0665
2020-01-29,"AYS Daily Digest 28/01/2020 — MEPs Confront Croatian Minister Over Border Violence",https://medium.com/are-you-syrious/ays-daily-digest-28-01-2020-meps-confront-croatian-minister-over-border-violence-7b874cff9ce5
2020-01-28,"AYS Daily Digest 27/1/20: “Member States shall not hold a person in detention for the sole reason…",https://medium.com/are-you-syrious/ays-daily-digest-27-1-20-member-states-shall-not-hold-a-person-in-detention-for-the-sole-reason-413657a755d7
2020-01-27,"AYS Weekend Digest 25–26/01/2020: European ghettoes",https://medium.com/are-you-syrious/ays-weekend-digest-25-26-01-2020-european-ghettoes-84519e54cd34
2020-01-27,"AYS Weekend Digest 25–26/01/2020: European ghettoes",https://medium.com/are-you-syrious/ays-weekend-digest-25-26-01-2020-european-ghettoes-883495d5c965
2020-01-25,"YS DAILY DIGEST 24.01.2020:",https://medium.com/are-you-syrious/ys-daily-digest-24-01-2020-ebbe2c0aa4b
2020-01-24,"AYS Daily Digest 23/01/20 At least 140 severely ill children are denied healthcare in Lesvos",https://medium.com/are-you-syrious/ays-daily-digest-23-01-20-at-least-140-severely-ill-children-are-denied-healthcare-in-lesvos-1ff8a893072e
2020-01-23,"AYS Daily Digest 21/01/2020 — How Groundbreaking is the UN’s Ruling on “Climate Refugees”?",https://medium.com/are-you-syrious/ays-daily-digest-21-01-2020-how-groundbreaking-is-the-uns-ruling-on-climate-refugees-127c3e722fb9
2020-01-23,"AYS Daily Digest 22/1/20: The UK doesn’t want children to join their families, while the Greek…",https://medium.com/are-you-syrious/ays-daily-digest-22-1-20-the-uk-doesnt-want-children-to-join-their-families-while-the-greek-6a397dc06257
2020-01-20,"AYS Special — Chios: From shoreline to the olive grove. A reflection of life on the Greek island of",https://medium.com/are-you-syrious/ays-special-chios-a-baby-was-born-in-vial-surrounded-by-stray-dogs-and-rubbish-flying-around-cf4d81f15f73
2020-01-20,"AYS Weekend Digest 18–19/01/20: Italian police responsible for the death of a man imprisoned in the…",https://medium.com/are-you-syrious/ays-weekend-digest-18-19-01-20-italian-police-responsible-for-the-death-of-a-man-imprisoned-in-the-6c6dc5ffdb3e
2020-01-20,"AYS Weekend Digest 18–19/01/20: Italian police responsible for the death of a man imprisoned in…",https://medium.com/are-you-syrious/ays-weekend-digest-18-19-01-20-italian-police-responsible-for-the-death-of-a-man-imprisoned-in-e8a271522f57
2020-01-18,"AYS Special: Updates from Baghdad (6)",https://medium.com/are-you-syrious/ays-special-updates-from-baghdad-6-6b4c8453d33a
2020-01-18,"AYS Daily Digest 17/01/2020: A story from the Italian South",https://medium.com/are-you-syrious/ays-daily-digest-17-01-2020-a-story-from-the-italian-south-2ae6d5b4a22f
2020-01-17,"AYS Daily Digest 16/1/2020 To Libya, 1000 people returned & to Italy, 237 people to disembark so…",https://medium.com/are-you-syrious/ays-daily-digest-16-1-2020-to-libya-1000-people-returned-to-italy-237-people-to-disembark-so-ab70a5596ef4
2020-01-16,"AYS Special 2019/2020: Activists’ voices from across Europe",https://medium.com/are-you-syrious/ays-special-2019-2020-activists-voices-from-across-a642e29c45
2020-01-16,"AYS Daily Digest 15/01/20: Greece reintroduces Migration Ministry",https://medium.com/are-you-syrious/ays-daily-digest-15-01-20-greece-reintroduces-migration-ministry-ce4880fe4d64
2020-01-15,"AYS Daily Digest 14/1/20: Animal camera traps used to “catch” people in Italy",https://medium.com/are-you-syrious/ays-daily-digest-14-1-20-animal-camera-traps-used-to-catch-people-in-italy-db5f114e4c0e
2020-01-13,"AYS Weekend Digest 11–12/01/2020: CPR, Italian Guantanamos",https://medium.com/are-you-syrious/ays-weekend-digest-11-12-01-2020-cpr-italian-guantanamos-d0b005a3c8da
2020-01-13,"AYS Weekend Digest 11–12/01/2020: CPR, Italian Guantanamos",https://medium.com/are-you-syrious/ays-weekend-digest-11-12-01-2020-cpr-italian-guantanamos-26130f58d399
2020-01-11,"AYS Daily Digest 10/01/20: Hints of corruption in UNHCR resettlement program",https://medium.com/are-you-syrious/ays-daily-digest-10-01-20-hints-of-corruption-in-unhcr-resettlement-program-2f15385f3fa
2020-01-11,"AYS Daily Digest 10/01/20: Hints of corruption in UNHCR resettlement program",https://medium.com/are-you-syrious/ays-daily-digest-09-01-20-hints-of-corruption-in-unhcr-resettlement-program-a9ab3a1bd3fb
2020-01-10,"AYS Daily Digest 09/01/20: New Report on actors and situation in Syria",https://medium.com/are-you-syrious/ays-daily-digest-09-01-20-new-report-on-actors-and-situation-in-syria-58dd6b0b4fcf
2020-01-09,"AYS Daily Digest 8/1/20: EASO steps up in Greece ‘to ensure individual asylum cases are dealt with…",https://medium.com/are-you-syrious/ays-daily-digest-8-1-20-easo-steps-up-in-greece-to-ensure-individual-asylum-cases-are-dealt-with-63755d20ca8
2020-01-08,"AYS Special: Updates from Baghdad (5)",https://medium.com/are-you-syrious/ays-special-updates-from-baghdad-5-e09336254498
2020-01-08,"AYS Daily Digest 07/01/2019 — Council of Europe Says Danish Ellebaek “Unsuitable for Humans”",https://medium.com/are-you-syrious/ays-daily-digest-07-01-2019-council-of-europe-says-danish-ellebaek-unsuitable-for-humans-9a9d8d723bb7
2020-01-07,"AYS Daily Digest 6/1/20: Can Croatia’s new president help refugees?",https://medium.com/are-you-syrious/ays-daily-digest-6-1-20-can-croatias-new-president-help-refugees-8fee1862ad4d
2020-01-04,"AYS Daily Digest 3/1/20: Mortars fall on UNHCR “safe haven” in Tripoli",https://medium.com/are-you-syrious/ays-daily-digest-3-1-20-mortars-fall-on-unhcr-safe-haven-in-tripoli-2072d607642b
2020-01-03,"AYS DAILY DIGEST 02.01.2020:",https://medium.com/are-you-syrious/ays-daily-digest-02-01-2020-ac67469efd6b
2020-01-01,"AYS Special 2019/2020: On trial for saving lives — Criminalization of solidarity",https://medium.com/are-you-syrious/ays-special-2019-2020-on-trial-for-saving-lives-criminalization-of-solidarity-d569fdffe50a
2020-01-01,"AYS Special 2019/2020: A Year of Violence — Monitoring Pushbacks on the Balkan Route",https://medium.com/are-you-syrious/ays-special-2019-2020-a-year-of-violence-monitoring-pushbacks-on-the-balkan-route-1f8fbeb46dc3
2019-12-31,"AYS Daily Digest 30/12/19 The Adoption of the Convention of the Rights of the Child in Sweden…",https://medium.com/are-you-syrious/ays-daily-digest-30-12-19-the-adoption-of-the-convention-of-the-rights-of-the-child-in-sweden-7d57f10df5e0
2019-12-30,"AYS Weekend Digest 28–29/12/19: Possible violation of the UN Convention with the new wave of…",https://medium.com/are-you-syrious/ays-weekend-digest-28-29-12-19-possible-violation-of-the-un-convention-with-the-new-wave-of-1c3fd4dbe5e4
2019-12-28,"AYS Daily Digest 27/12/2019",https://medium.com/are-you-syrious/ays-daily-digest-27-12-2019-b8da0372f7bb
2019-12-27,"AYS Daily Digest 26/12/19: Pushback on Rescuing Children in Germany",https://medium.com/are-you-syrious/ays-daily-digest-26-12-19-pushback-on-rescuing-children-in-germany-37ef2b0772f5
2019-12-24,"AYS Special: Updates from Baghdad (3)",https://medium.com/are-you-syrious/ays-special-updates-from-baghdad-3-2a979b5d8844
2019-12-24,"AYS Daily Digest 23/12/2019 People holding humanitarian protection to be left without…",https://medium.com/are-you-syrious/ays-daily-digest-23-12-2019-people-holding-humanitarian-protection-to-be-left-without-d28b248f580e
2019-12-23,"AYS Weekend Digest 21–22/12/19: Six people, including 2 children, feared drowned in the Danube…",https://medium.com/are-you-syrious/ays-weekend-digest-21-22-12-19-six-people-including-2-children-feared-drowned-in-the-danube-2e3fb4efdfd7
2019-12-21,"AYS Daily Digest 20/12/19: Internal docs of Slovenian police show how they disregard asylum…",https://medium.com/are-you-syrious/ays-daily-digest-20-12-19-internal-docs-of-slovenian-police-show-how-they-disregard-asylum-937d1b8a675c
2019-12-21,"AYS Daily Digest 20/12/20: Internal docs of Slovenian police show how they disregard asylum…",https://medium.com/are-you-syrious/ays-daily-digest-20-12-20-internal-docs-of-slovenian-police-show-how-they-disregard-asylum-32dd347c035f
2019-12-20,"AYS Daily Digest 19/12/2019: It’s “just a word” — the power of Language",https://medium.com/are-you-syrious/ays-daily-digest-19-12-2019-its-just-a-word-the-power-of-language-af7eb22a9aca
2019-12-18,"AYS Daily Digest 17/12/19 — Denmark Denies Asylum Claims to Syrians Despite Precarious Security…",https://areyousyrious.medium.com/ays-daily-digest-17-12-19-denmark-denies-asylum-claims-to-syrians-despite-precarious-security-4574134a0a99
2019-12-17,"AYS Daily Digest 16/12/19 Over 1000 people protest the UNHCR Niger office under growing turmoil",https://medium.com/are-you-syrious/ays-daily-digest-16-12-19-over-1000-people-protest-the-unhcr-niger-office-under-growing-turmoil-e0b2ef90ed40
2019-12-16,"AYS Weekend Digest 14–15/12/19: A focus on the reception system in Milan in the aftermath of…",https://medium.com/are-you-syrious/ays-weekend-digest-14-15-12-19-a-focus-on-the-reception-system-in-milan-in-the-aftermath-of-8830d90abfda
2019-12-16,"AYS Weekend Digest 14–15/12/19: A focus on the reception system in Milan in the aftermath of…",https://medium.com/are-you-syrious/ays-weekend-digest-14-15-12-19-a-focus-on-the-reception-system-in-milan-in-the-aftermath-of-e551427b2c4a
2019-12-15,"AYS Special: How the EU externalized its border into Niger",https://medium.com/are-you-syrious/ays-special-how-the-eu-externalized-its-border-into-niger-afe7fa3de009
2019-12-14,"AYS DAILY DIGEST 13/12/2019: France “reaching out” with a paltry offer",https://medium.com/are-you-syrious/ays-daily-digest-13-12-2019-france-reaching-out-with-a-paltry-offer-cc5caac05aad
2019-12-13,"AYS Daily Digest 12/12/19 First video footage released by Der Spiegal showing Greek police…",https://medium.com/are-you-syrious/ays-daily-digest-12-12-19-first-video-footage-released-by-der-spiegal-showing-greek-police-294bcb961e8
2019-12-12,"AYS Daily Digest 11/12/19: People asked to leave GDF or lose right to asylum",https://medium.com/are-you-syrious/ays-daily-digest-11-12-19-people-asked-to-leave-gdf-or-lose-right-to-asylum-ffb3439b4e6f
2019-12-11,"AYS Daily Digest 10/12/19: Vučjak evicted, six young people froze to death in Greece",https://medium.com/are-you-syrious/ays-daily-digest-10-12-19-vu%C4%8Djak-evicted-six-young-people-froze-to-death-in-greece-89213a668ca9
2019-12-10,"AYS Daily Digest 09/12/2019 — App for People on the Move Launches in Turin",https://medium.com/are-you-syrious/ays-daily-digest-09-12-2019-app-for-people-on-the-move-launches-in-turin-bedd1860970b
2019-12-07,"AYS Daily Digest 6/12/19: Swedish municipalities warn about the potential housing crisis",https://medium.com/are-you-syrious/ays-daily-digest-6-12-19-swedish-municipalities-warn-about-the-potential-housing-crisis-a81d95c191ec
2019-12-07,"AYS Daily Digest 6/12/19: Swedish municipalities warn about the potential housing crisis",https://medium.com/are-you-syrious/ays-daily-digest-6-12-19-swedish-municipalities-warn-about-the-potential-housing-crisis-6d634e19d74b
2019-12-05,"AYS Daily Digest Both Alan Kurdi and the Ocean Viking will disembark in Italy",https://medium.com/are-you-syrious/ays-daily-digest-both-alan-kurdi-and-the-ocean-viking-will-disembark-in-italy-1d303c0420d
2019-12-03,"AYS Daily Digest 2/12/19: Left-to-Die Trial: a reminder that many are left to die tonight, too",https://medium.com/are-you-syrious/ays-daily-digest-2-12-19-left-to-die-trial-a-reminder-that-many-are-left-to-die-tonight-too-1ac48e89cce2
2019-12-02,"AYS Weekend Digest 30/11–01/12/2019: Impotence and hypocrisy. Vučjak camp",https://medium.com/are-you-syrious/ays-weekend-digest-30-11-01-12-2019-impotence-and-hypocrisy-vu%C4%8Djak-camp-9022df583cd1
2019-12-02,"AYS Weekend Digest 30/11–01/12/2019: Impotence and hypocrisy. Vučjak camp",https://medium.com/are-you-syrious/ays-weekend-digest-30-11-01-12-2019-impotence-and-hypocrisy-vu%C4%8Djak-camp-d55313aad34
2019-11-30,"AYS Daily Digest 29/11/19: What is happening in the UNHCR facility in Tripoli?",https://medium.com/are-you-syrious/ays-daily-digest-29-11-19-what-is-happening-in-the-unhcr-facility-in-tripoli-87be3ef5855e
2019-11-30,"AYS Daily Digest 29/11/19: What is happening in UNHCR facility in Tripoli?",https://medium.com/are-you-syrious/ays-daily-digest-29-11-19-what-is-happening-in-unhcr-facility-in-tripoli-70ee767cd2e7
2019-11-29,"AYS Daily Digest 28/11/19: Two people shot by Croatian police in less than 2 weeks",https://medium.com/are-you-syrious/ays-daily-digest-28-11-19-two-people-shot-by-croatian-police-in-less-than-2-weeks-52179785c7f9
2019-11-28,"AYS Special: Updates from local activists on the uprisings in Iraq",https://medium.com/are-you-syrious/ays-special-updates-from-local-activists-on-the-uprisings-in-iraq-9ac3116198ac
2019-11-28,"AYS Daily Digest 27/11/19 Evros Pushbacks Report: Human Rights Abuses at Greece/Turkey Border",https://medium.com/are-you-syrious/ays-daily-digest-27-11-19-evros-pushbacks-report-human-rights-abuses-at-greece-turkey-border-dec9c89045fe
2019-11-27,"AYS Daily Digest 26/11/19 NGOs in Greece: Register in 10 days or be banned, says gov.",https://medium.com/are-you-syrious/ays-daily-digest-26-11-19-ngos-in-greece-register-in-10-days-or-be-banned-says-gov-51d3b9dd9070
2019-11-25,"AYS Weekend Digest 23–24/11/19: In Serbia, removing witnesses from the border area",https://medium.com/are-you-syrious/ays-weekend-digest-23-24-11-19-in-serbia-removing-witnesses-from-the-border-area-2c7e11a25f7f
2019-11-25,"AYS Weekend Digest 23–24/11/19: In Serbia, removing witnesses from the border area",https://medium.com/are-you-syrious/ays-weekend-digest-23-24-11-19-in-serbia-removing-witnesses-from-the-border-area-d2a60f4a6cd1
2019-11-24,"AYS special: A large-scale police operation sweeps refugee squats in Northern Serbia",https://medium.com/are-you-syrious/ays-special-a-large-scale-police-operation-sweeps-refugee-squats-in-northern-serbia-ea664effe8cd
2019-11-23,"AYS Daily Digest 22/11/19: European Court of Human Rights rules against Hungary",https://medium.com/are-you-syrious/ays-daily-digest-22-11-19-european-court-of-human-rights-rules-against-hungary-28754c333d13
2019-11-23,"AYS Daily Digest 22/11/19: European Court of Human Rights rules against Hungary",https://medium.com/are-you-syrious/ays-daily-digest-22-11-19-european-court-of-human-rights-rules-against-hungary-96677fa6f9fe
2019-11-21,"AYS Special —  Sentinels of the Sea: why NGOs like Mare Liberum are important now more than ever",https://medium.com/are-you-syrious/ays-special-sentinels-of-the-sea-why-ngos-like-mare-liberum-are-important-now-more-than-ever-5bb592656c0a
2019-11-20,"AYS DAILY DIGEST 19/11/2019: Leaked video shows horrific fate of man who avoided conscription",https://medium.com/are-you-syrious/ays-daily-digest-19-11-2019-leaked-video-shows-horrific-fate-of-man-who-avoided-conscription-83d33a245b6d
2019-11-19,"AYS Special: It is proven, Croatian police regularly shoots at people",https://medium.com/are-you-syrious/ays-special-it-is-proven-croatian-police-regularly-shoots-at-people-45f2308ce0a1
2019-11-18,"AYS News Digest 16–17/11/19: A man shot by a police officer is fighting for his life at a hospital…",https://medium.com/are-you-syrious/ays-news-digest-16-17-11-19-a-man-shot-by-a-police-officer-is-fighting-for-his-life-at-a-hospital-6032689d956f
2019-11-18,"AYS News Digest 16–17/11/19: A man shot by a police officer is fighting for his life at a hospital…",https://medium.com/are-you-syrious/ays-news-digest-16-17-11-19-a-man-shot-by-a-police-officer-is-fighting-for-his-life-at-a-hospital-241e9f919074
2019-11-15,"AYS digest 14/11/19: Croatian MEP says “pushbacks are fake news”",https://medium.com/are-you-syrious/ays-digest-14-11-19-croatian-mep-says-pushbacks-are-fake-news-4df451704db5
2019-11-14,"AYS Daily Digest 13/11/19 — Deportations to Afghanistan continue as 12 people die in Kabul",https://medium.com/are-you-syrious/ays-daily-digest-13-11-19-deportations-to-afghanistan-continue-as-12-people-die-in-kabul-50082109f4e8
2019-11-13,"AYS Daily Digest 12/11/19: Slovenian activists demand action after the recent deaths reported in…",https://medium.com/are-you-syrious/ays-daily-digest-12-11-19-slovenian-activists-demand-action-after-the-recent-deaths-reported-in-9bff1d276c6b
2019-11-12,"AYS Daily Digest 11/11/19 In a new EU Council press release, Frontex is set to be “strengthened”",https://medium.com/are-you-syrious/ays-daily-digest-11-11-19-in-a-new-eu-council-press-release-frontex-is-set-to-be-strengthened-4f763b498a56
2019-11-11,"AYS Digest 9–10/11/19: Bosnian police now beats and robs people, too",https://medium.com/are-you-syrious/ays-digest-9-10-11-19-bosnian-police-now-beats-and-robs-people-too-d372a3bfd3b7
2019-11-11,"AYS Digest 9–10/11/19: Bosnian police now beats and robs people, too",https://medium.com/are-you-syrious/ays-digest-9-10-11-19-bosnian-police-now-beats-and-robs-people-too-c6f9f98322c9
2019-11-09,"AYS Daily Digest 8/11/2019: Around 800 people to be moved from Vučjak to other camps in BiH",https://medium.com/are-you-syrious/ays-daily-digest-8-11-2019-around-800-people-to-be-moved-from-vu%C4%8Djak-to-other-camps-in-bih-b4a57dc6076f
2019-11-08,"AYS Daily Digest 7/11/2019 — 1,600 people evicted in Paris",https://medium.com/are-you-syrious/ays-daily-digest-7-11-2019-1-600-people-evicted-in-paris-e3c5d9ae0b8a
2019-11-07,"AYS Daily Digest 6/11/19 5 people drowned off the coast of the Canary islands on Wednesday",https://medium.com/are-you-syrious/ays-daily-digest-6-11-19-5-people-drowned-off-the-coast-of-the-canary-islands-on-wednesday-d0d4165aa161
2019-11-05,"AYS Daily News Digest 4/11/19: Child death, evictions, ignorance and systematic abuse — today…",https://medium.com/are-you-syrious/ays-daily-news-digest-4-11-19-child-death-evictions-ignorance-and-systematic-abuse-today-53a5806758b7
2019-11-04,"AYS Weekend Digest 02–03/11/2019: Italy-Libya deal renewed without changes",https://medium.com/are-you-syrious/ays-weekend-digest-02-03-11-2019-italy-libya-deal-renewed-without-changes-2b37f8adef2a
2019-11-03,"AYS Special: Documenting human rights violations in Vučjak camp",https://medium.com/are-you-syrious/ays-special-documenting-human-rights-violations-in-vu%C4%8Djak-camp-923607ace85d
2019-11-02,"AYS Daily Digest 1/11/19: More uncertainty for Refugees in Libya",https://medium.com/are-you-syrious/ays-daily-digest-1-11-19-more-uncertainty-for-refugees-in-libya-4a5579539934
2019-11-01,"AYS Daily Digest 31/10/19: Ventimiglia, illegal pushbacks as a daily reality at the French-Italian…",https://medium.com/are-you-syrious/ays-daily-digest-31-10-19-ventimiglia-illegal-pushbacks-as-a-daily-reality-at-the-french-italian-dc56fbbf90e5
2019-10-31,"AYS Daily Digest 30/10/19: ‘Externalisation’ behind the idea for an upgraded asylum system",https://medium.com/are-you-syrious/ays-daily-digest-30-10-19-externalisation-behind-the-idea-for-an-upgraded-asylum-system-44ae5503df7
2019-10-30,"AYS Daily Digest 29/10/19 Ocean Viking with 104 people disembarks after 11 days at sea",https://medium.com/are-you-syrious/ays-daily-digest-29-10-19-ocean-viking-with-104-people-disembarks-after-11-days-at-sea-3ab7ffb0b13a
2019-10-29,"AYS Daily Digest 28/10/19: ‘Welcome to Croatia — Croatia Full of Torture’ billboards “welcoming”…",https://medium.com/are-you-syrious/ays-daily-digest-28-10-19-welcome-to-croatia-croatia-full-of-torture-billboards-welcoming-15c5bb833a7b
2019-10-28,"AYS News Digest 26–27/10/19: Riots and incidents scratching the surface of a well funded degrading…",https://medium.com/are-you-syrious/ays-news-digest-26-27-10-19-riots-and-incidents-scratching-the-surface-of-a-well-funded-degrading-28b5a6aeef2e
2019-10-26,"AYS Digest 25/10/19: Rejected by EU, 23 people die in Libyan detention",https://medium.com/are-you-syrious/ays-digest-25-10-19-rejected-by-eu-23-people-die-in-libyan-detention-4716d047982d
2019-10-26,"AYS Digest 25/10/19: Rejected by EU, 23 people die in Libyan detention",https://medium.com/are-you-syrious/ays-digest-25-10-19-rejected-by-eu-23-people-die-in-libyan-detention-2a47398c010c
2019-10-25,"AYS DAILY DIGEST 24/10/2019: Proposed legislation further endangers people in Greece",https://medium.com/are-you-syrious/ays-daily-digest-24-10-2019-proposed-legislation-further-endangers-people-in-greece-1f627e60e0c4
2019-10-24,"AYS Special — Fire on Samos: Engineered Catastrophe",https://medium.com/are-you-syrious/ays-special-fire-on-samos-engineered-catastrophe-a1aa04e93725
2019-10-24,"AYS Daily Digest 23/10/19: Local fascists stop the relocation of 380 people from Samos",https://medium.com/are-you-syrious/ays-daily-digest-23-10-19-local-fascists-stop-the-relocation-of-380-people-from-samos-bf399b8a2a7d
2019-10-23,"AYS Daily Digest 22/10/2019 — More than 100 people face charges after riot in Hal Far, Malta.",https://medium.com/are-you-syrious/ays-daily-digest-22-10-2019-more-than-100-people-face-charges-after-riot-in-hal-far-malta-f7d158cb75ff
2019-10-22,"Croatia’s Schengen membership should be halted until human rights are respected",https://medium.com/are-you-syrious/croatias-schengen-membership-should-be-halted-until-human-rights-are-respected-6062df8ccb14
2019-10-22,"AYS Daily Digest 21/10/19 NGOs calling joint press conference for disastrous Greek Draft Law on…",https://medium.com/are-you-syrious/ays-daily-digest-21-10-19-ngos-calling-joint-press-conference-for-disastrous-greek-draft-law-on-f3b70e0e1dfe
2019-10-21,"AYS Weekend Digest 19–20/10/2019: Olive season in Western Sicily — slavery and ghettoes promoted by…",https://medium.com/are-you-syrious/ays-weekend-digest-19-20-10-2019-olive-season-in-western-sicily-slavery-and-ghettoes-promoted-by-e4b8170fbdfe
2019-10-21,"AYS Weekend Digest 19–20/10/2019: Olive season in Western Sicily.",https://medium.com/are-you-syrious/ays-weekend-digest-19-20-10-2019-olive-season-in-western-sicily-c943504a95c
2019-10-20,"AYS Special — Revolution in Lebanon",https://medium.com/are-you-syrious/ays-special-revolution-in-lebanon-3c262befb718
2019-10-19,"AYS Daily Digest 18/10/19: Did RCC Malta violate international law by delegating rescue operation…",https://medium.com/are-you-syrious/ays-daily-digest-18-10-19-did-rcc-malta-violate-international-law-by-delegating-rescue-operation-6c198cd6e40a
2019-10-17,"AYS Daily Digest 16/10/19: Displaced by the war in Syria, and later evicted in the European Union",https://medium.com/are-you-syrious/ays-daily-digest-16-10-19-displaced-by-the-war-in-syria-and-later-evicted-in-the-european-union-35d8e3279881
2019-10-16,"AYS Daily Digest 15/10/19 The Armed Forces of Malta rescued 75 people",https://medium.com/are-you-syrious/ays-daily-digest-15-10-19-the-armed-forces-of-malta-rescued-75-people-8008e15df1a6
2019-10-15,"AYS Daily Digest 14/10/19: Residents in Samos evacuated after intense fire breaks up",https://medium.com/are-you-syrious/ays-daily-digest-14-10-19-fire-in-samos-causes-destruction-and-death-7d6871df56d3
2019-10-14,"AYS Weekend Digest 12–13/10/2019: Inadequate relocation from Libyan hell",https://medium.com/are-you-syrious/ays-weekend-digest-12-13-10-2019-inadequate-relocation-from-libyan-hell-8ae1f7bbfb2c
2019-10-14,"AYS Weekend Digest 12–13/10/2019: Inadequate relocation from Libyan hell",https://medium.com/are-you-syrious/ays-weekend-digest-12-13-10-2019-inadequate-relocation-from-libyan-hell-39b2273bc546
2019-10-11,"AYS Daily Digest 10/10/19: World Mental Health Day — Psychological distress worse than ever, with…",https://medium.com/are-you-syrious/ays-daily-digest-10-10-19-world-mental-health-day-psychological-distress-worse-than-ever-with-280c43629df8
2019-10-10,"AYS Daily Digest 9/10/19: Violent refugee deaths on the rise in Bosnia",https://medium.com/are-you-syrious/ays-daily-digest-9-10-19-violent-refugee-deaths-on-the-rise-in-bosnia-ca47a1f71a63
2019-10-08,"AYS Daily Digest 7/10/2019: Another tragedy in the Mediterranean as 13 women lose their lives",https://medium.com/are-you-syrious/ays-daily-digest-7-10-2019-another-tragedy-in-the-mediterranean-as-13-women-lose-their-lives-d39eb3fc8d2
2019-10-07,"AYS Weekend digest 5–6/10/2019 People arriving in Tuzla are abandoned by authorities",https://medium.com/are-you-syrious/ays-weekend-digest-5-6-10-2019-people-arriving-in-tuzla-are-abandoned-by-authorities-cbc1caa1496a
2019-10-07,"AYS Weekend digest 5–6/10/2019 People arriving in Tuzla are abandoned by authorities",https://medium.com/are-you-syrious/ays-weekend-digest-5-6-10-2019-people-arriving-in-tuzla-are-abandoned-by-authorities-12b2b907d824
2019-10-05,"AYS DAILY DIGEST 04/10/2019: Italy’s new plan to accelerate expulsions and forced returns",https://medium.com/are-you-syrious/ays-daily-digest-04-10-2019-italys-new-plan-to-accelerate-expulsions-and-forced-returns-6caa17360e96
2019-10-05,"AYS DAILY DIGEST 04/10/2019: Italy’s new plan to accelerate expulsions and forced returns",https://medium.com/are-you-syrious/ays-daily-digest-04-10-2019-italys-new-plan-to-accelerate-expulsions-and-forced-returns-ac2c059e7bcc
2019-10-04,"AYS Daily Digest 3/10/19: Stranded in misery, from the Aegean sea to the Strait of Dover",https://medium.com/are-you-syrious/ays-daily-digest-3-10-19-stranded-in-misery-from-the-aegean-sea-to-the-strait-of-dover-7850003cb8ca
2019-10-03,"AYS DAILY DIGEST 02.10.2019: Border Violence Monitoring Network: A Pushback every 20 Minutes",https://medium.com/are-you-syrious/ays-daily-digest-02-10-2019-border-violence-monitoring-network-a-pushback-every-20-minutes-53542ab44f56
2019-10-02,"AYS Special — Athens Evictions: How many homes can one person lose?",https://medium.com/are-you-syrious/ays-special-athens-evictions-how-many-homes-can-one-person-lose-2142ff20b0f6
2019-09-30,"AYS Weekend Digest 28–29/9/19: Fire in Moria camp took mother and baby’s life",https://medium.com/are-you-syrious/ays-weekend-digest-28-29-9-2019-fire-in-moria-camp-took-mother-and-babys-life-57c10fc1cb10
2019-09-30,"AYS Weekend Digest 28–29/9/2019 Fire in Moria camp took mother and baby’s life",https://medium.com/are-you-syrious/ays-weekend-digest-28-29-9-2019-e6cb7231c9a9
2019-09-28,"AYS Daily Digest 27/09/19: Deprived of rights, now also of basic assistance — who has the stamina…",https://medium.com/are-you-syrious/ays-daily-digest-27-09-19-deprived-of-rights-now-also-of-basic-assistance-who-has-the-stamina-89f62b9e4b88
2019-09-28,"AYS Daily Digest 27/09/19: Deprived of rights, now also of the basic assistance — who has the…",https://medium.com/are-you-syrious/ays-daily-digest-27-09-19-deprived-of-rights-now-also-of-the-basic-assistance-who-has-the-e3bdfebe32a7
2019-09-26,"AYS Daily Digest 25/09/19: A rise in deportations from Sweden",https://medium.com/are-you-syrious/ays-daily-digest-25-09-19-a-rise-in-deportations-from-sweden-ab03f1bcc0da
2019-09-26,"AYS Daily Digest 25/09/19: A rise in deportations from Sweden",https://medium.com/are-you-syrious/ays-daily-digest-25-09-19-a-rise-in-deportations-from-sweden-c88cc8e20d08
2019-09-25,"AYS Daily Digest 24/9/19 Deal reached in Malta to create more reliable system for disembarking…",https://medium.com/are-you-syrious/ays-daily-digest-24-9-19-deal-reached-in-malta-to-create-more-reliable-system-for-disembarking-8410768a6135
2019-09-23,"AYS News Digest 21–22/9/19: From one bad thing to another, the transfer strategy",https://medium.com/are-you-syrious/ays-news-digest-21-22-9-19-from-one-bad-thing-to-another-the-transfer-strategy-81293bb64963
2019-09-21,"AYS Daily Digest 20/09/2019 — Rescues and delays in the Central Med",https://medium.com/are-you-syrious/ays-daily-digest-20-09-2019-rescues-and-delays-in-the-central-med-8a540d45dba9
2019-09-21,"AYS Daily Digest 20/09/2019 — Rescues and delays in the Central Med",https://medium.com/are-you-syrious/ays-daily-digest-20-09-2019-rescues-and-delays-in-the-central-med-ac14cfa7f38b
2019-09-20,"AYS Daily Digest 19/9/19: Families evicted from squats in Athens",https://medium.com/are-you-syrious/ays-daily-digest-19-9-19-families-evicted-from-squats-in-athens-4fbfc4144a79
2019-09-19,"AYS Daily Digest 18/9/19: Do you know how people are treated in detention centres across the EU?",https://medium.com/are-you-syrious/ays-daily-digest-18-9-19-do-you-know-how-people-are-treated-in-detention-centres-across-the-eu-4554de72eb4a
2019-09-18,"AYS Daily Digest 17/9/19: Eviction in Dunkirk — once again, no long term solution in sight",https://medium.com/are-you-syrious/ays-daily-digest-17-9-19-eviction-in-dunkirk-once-again-no-long-term-solution-in-sight-f709d030b7f4
2019-09-17,"AYS Daily Digest 16/9/19 Prisoners of Ellebæk, the Danish deportation camp, release joint statement",https://medium.com/are-you-syrious/ays-daily-digest-16-9-19-prisoners-of-elleb%C3%A6k-the-danish-deportation-camp-release-joint-statement-fbe96d48a09d
2019-09-16,"AYS News Digest 14–15/9/19: Unbearable at the Aegean islands, transfer to Larissa denied",https://medium.com/are-you-syrious/ays-news-digest-14-15-9-19-unbearable-at-the-aegean-islands-transfer-to-larissa-denied-322bd03bca89
2019-09-13,"AYS Daily Digest 12/09/19: Deportation is no solution",https://medium.com/are-you-syrious/ays-daily-digest-12-09-19-deportation-is-no-solution-70025e311d4d
2019-09-12,"AYS Daily Digest 11/09/19: Young women and men beaten up and pushed back by the Romanian border…",https://medium.com/are-you-syrious/ays-daily-digest-11-09-19-young-women-and-men-beaten-up-and-pushed-back-by-the-romanian-border-44517d87735c
2019-09-11,"AYS Daily Digest 10/09/2019: What is “Our European Way of Life”",https://medium.com/are-you-syrious/ays-daily-digest-10-09-2019-what-is-our-european-way-of-life-ad7af981711a
2019-09-10,"AYS Daily Digest 9/9/19: In Tuzla, a growing number of sick children, exhausted and wounded people…",https://medium.com/are-you-syrious/ays-daily-digest-9-9-19-in-tuzla-a-growing-number-of-sick-children-exhausted-and-wounded-people-a969455285e
2019-09-09,"AYS Daily Digest 7–8/9/19: violence and unbearable conditions in Turkey, Greece, and the sea in…",https://medium.com/are-you-syrious/ays-daily-digest-7-8-9-19-violence-and-unbearable-conditions-in-turkey-greece-and-the-sea-in-25a3203e4a86
2019-09-09,"AYS Daily Digest 7 and 8/9/19: Violence and unbearable conditions in Turkey, Greece, and the sea…",https://medium.com/are-you-syrious/ays-daily-digest-7-and-8-9-19-violence-and-unbearable-conditions-in-turkey-greece-and-the-sea-add9d89043de
2019-09-07,"AYS Daily Digest 06.09.2019: Two Thousand Police Brought out of Retirement to “secure” Croatia",https://medium.com/are-you-syrious/ays-daily-digest-06-09-2019-71be5941809f
2019-09-06,"AYS Daily Digest: 5/9/19: Political rhetoric killing solidarity",https://medium.com/are-you-syrious/ays-daily-digest-5-9-19-political-rhetoric-killing-solidarity-f719a1326036
2019-09-05,"AYS Daily Digest 4/9/2019 — Attacked on every Front: the Rights of Refugees in Greece",https://medium.com/are-you-syrious/ays-daily-digest-4-9-2019-attacked-on-every-front-the-rights-of-refugees-in-greece-56889698459b
2019-09-04,"AYS Daily Digest 3/9/19 1500 people transferred from Lesvos to Mainland",https://medium.com/are-you-syrious/ays-daily-digest-3-9-19-1500-people-transferred-from-lesvos-to-mainland-569f59dba76c
2019-09-03,"AYS Daily Digest 2/9/19: Relocations and evacuations to poor conditions in camps across Greece",https://medium.com/are-you-syrious/ays-daily-digest-2-9-19-relocations-and-evacuations-to-poor-conditions-in-camps-across-greece-a09d4458e39
2019-09-02,"AYS Daily Digest 31/8- 1/9/19: New Measures in Greece do more bad than good",https://medium.com/are-you-syrious/ays-daily-digest-31-8-1-9-19-new-measures-in-greece-do-more-bad-than-good-395ac1d3a1ba
2019-09-02,"AYS Daily Digest 31/8- 1/9/19: New measures in Greece do more bad than good",https://medium.com/are-you-syrious/ays-daily-digest-31-8-1-9-19-new-measures-in-greece-do-more-bad-than-good-3dd9c0c6065
2019-08-31,"AYS Daily Digest 30/08/19: “Abandonment” in Camps, Symptomatic or Intentional?",https://medium.com/are-you-syrious/ays-daily-digest-30-08-19-abandonment-in-camps-symptomatic-or-intentional-78d830ab6619
2019-08-30,"AYS Daily Digest 29/8/19: Tuzla is 16 months without major help",https://medium.com/are-you-syrious/ays-daily-digest-29-8-19-tuzla-is-16-months-without-major-help-e3516cf1fd13
2019-08-29,"AYS Daily Digest 28/8/19: “Pushback business” on the rise, perpetrators portrayed as heroes",https://medium.com/are-you-syrious/ays-daily-digest-28-8-19-pushback-business-on-the-rise-perpetrators-portrayed-as-heroes-129ccf28feb9
2019-08-28,"AYS Daily Digest 27/8/19: Dreadful path of minors to UK’s recognition and chance for education",https://medium.com/are-you-syrious/ays-daily-digest-27-8-19-dreadful-path-of-minors-to-uks-recognition-and-chance-for-education-1d69b8c7a404
2019-08-27,"AYS Special — Outsiders perspective: The Bosnian Frontier",https://medium.com/are-you-syrious/ays-special-outsiders-perspective-the-bosnian-frontier-58a21c38c799
2019-08-27,"AYS Daily Digest 26/8/19 Police Raids displace 143 people in Exarcheia, Athens",https://medium.com/are-you-syrious/ays-daily-digest-26-8-19-police-raids-displace-143-people-in-exarcheia-athens-3941c5119e19
2019-08-26,"AYS Daily Digest 24–25/8/19: Woman dies in a smuggler van on Croatian border",https://medium.com/are-you-syrious/ays-daily-digest-24-25-8-19-woman-dies-in-a-smuggler-van-on-croatian-border-ef62dd7540a3
2019-08-26,"AYS Daily Digest 24-25/8/19: Woman dies in a smuggler van on Croatian border",https://medium.com/are-you-syrious/ays-daily-digest-24-25-8-19-woman-dies-in-a-smuggler-van-on-croatian-border-e5c673e2faf2
2019-08-24,"AYS Daily Digest 23/08/2019: Swiss court suspends Dublin deportation to Croatia",https://medium.com/are-you-syrious/ays-daily-digest-23-08-2019-swiss-court-suspends-dublin-deportation-to-croatia-2752c189e7c3
2019-08-24,"AYS Daily Digest 23/08/2019: Swiss court suspends Dublin deportation to Croatia",https://medium.com/are-you-syrious/ays-daily-digest-23-08-2019-swiss-court-suspends-dublin-deportation-to-croatia-4abd84c549a4
2019-08-23,"AYS Daily Digest 22.08.2019: is fleeing a nightmare rather “Radicalisation of Migratory Dreams”?",https://medium.com/are-you-syrious/ays-daily-digest-22-08-2019-is-fleeing-a-nightmare-rather-radicalisation-of-migratory-dreams-4c7fe29ddf2
2019-08-22,"AYS Daily Digest 21.8.19: Survivors report over 100 drowned in wreck off Libyan coast",https://medium.com/are-you-syrious/ays-daily-digest-21-8-19-survivors-report-over-100-drowned-in-wreck-off-libyan-coast-45df496c4bbd
2019-08-21,"AYS Daily Digest After 19 days, the people aboard Open Arms finally disembarked",https://medium.com/are-you-syrious/ays-daily-digest-after-19-days-the-people-aboard-open-arms-finally-disembarked-823f99ca97a4
2019-08-21,"به گفته دادگاه آلمان ، ماموریت‌های خواندن به یونان در مرز آلمان و اتریش غیر قانونی است .",https://medium.com/are-you-syrious/%D8%A8%D9%87-%DA%AF%D9%81%D8%AA%D9%87-%D8%AF%D8%A7%D8%AF%DA%AF%D8%A7%D9%87-%D8%A2%D9%84%D9%85%D8%A7%D9%86-%D9%85%D8%A7%D9%85%D9%88%D8%B1%DB%8C%D8%AA-%D9%87%D8%A7%DB%8C-%D8%AE%D9%88%D8%A7%D9%86%D8%AF%D9%86-%D8%A8%D9%87-%DB%8C%D9%88%D9%86%D8%A7%D9%86-%D8%AF%D8%B1-%D9%85%D8%B1%D8%B2-%D8%A2%D9%84%D9%85%D8%A7%D9%86-%D9%88-%D8%A7%D8%AA%D8%B1%DB%8C%D8%B4-%D8%BA%DB%8C%D8%B1-%D9%82%D8%A7%D9%86%D9%88%D9%86%DB%8C-%D8%A7%D8%B3%D8%AA-2a4378d9c8ec
2019-08-20,"ادامه عملیات کشتی‌های غیر نظامی با صدها تن در کشتی",https://medium.com/are-you-syrious/%D8%A7%D8%AF%D8%A7%D9%85%D9%87-%D8%B9%D9%85%D9%84%DB%8C%D8%A7%D8%AA-%DA%A9%D8%B4%D8%AA%DB%8C-%D9%87%D8%A7%DB%8C-%D8%BA%DB%8C%D8%B1-%D9%86%D8%B8%D8%A7%D9%85%DB%8C-%D8%A8%D8%A7-%D8%B5%D8%AF%D9%87%D8%A7-%D8%AA%D9%86-%D8%AF%D8%B1-%DA%A9%D8%B4%D8%AA%DB%8C-b6815f6431f6
2019-08-20,"تواصل السفن المدنية عمليات الإنقاذ مع وجود المئات الذين تقطعت بهم السبل على متنها",https://medium.com/are-you-syrious/%D8%AA%D9%88%D8%A7%D8%B5%D9%84-%D8%A7%D9%84%D8%B3%D9%81%D9%86-%D8%A7%D9%84%D9%85%D8%AF%D9%86%D9%8A%D8%A9-%D8%B9%D9%85%D9%84%D9%8A%D8%A7%D8%AA-%D8%A7%D9%84%D8%A5%D9%86%D9%82%D8%A7%D8%B0-%D9%85%D8%B9-%D9%88%D8%AC%D9%88%D8%AF-%D8%A7%D9%84%D9%85%D8%A6%D8%A7%D8%AA-%D8%A7%D9%84%D8%B0%D9%8A%D9%86-%D8%AA%D9%82%D8%B7%D8%B9%D8%AA-%D8%A8%D9%87%D9%85-%D8%A7%D9%84%D8%B3%D8%A8%D9%84-%D8%B9%D9%84%D9%89-%D9%85%D8%AA%D9%86%D9%87%D8%A7-905555d6681d
2019-08-20,"AYS Daily Digest 19/8/19: Ahead of the controversial ‘Orderly Return Bill’ in Germany",https://medium.com/are-you-syrious/ays-daily-digest-19-8-19-ahead-of-the-controversial-orderly-return-bill-in-germany-86eeb00947d9
2019-08-19,"أن الغالبية العظمى من القرارات هي سلبية وظلت كذلك",https://medium.com/are-you-syrious/%D8%A3%D9%86-%D8%A7%D9%84%D8%BA%D8%A7%D9%84%D8%A8%D9%8A%D8%A9-%D8%A7%D9%84%D8%B9%D8%B8%D9%85%D9%89-%D9%85%D9%86-%D8%A7%D9%84%D9%82%D8%B1%D8%A7%D8%B1%D8%A7%D8%AA-%D9%87%D9%8A-%D8%B3%D9%84%D8%A8%D9%8A%D8%A9-%D9%88%D8%B8%D9%84%D8%AA-%D9%83%D8%B0%D9%84%D9%83-550885bb3c1a
2019-08-19,"اروپا نیاز به توقف حمایت و کار در کنار لیبی دارد",https://medium.com/are-you-syrious/%D8%A7%D8%B1%D9%88%D9%BE%D8%A7-%D9%86%DB%8C%D8%A7%D8%B2-%D8%A8%D9%87-%D8%AA%D9%88%D9%82%D9%81-%D8%AD%D9%85%D8%A7%DB%8C%D8%AA-%D9%88-%DA%A9%D8%A7%D8%B1-%D8%AF%D8%B1-%DA%A9%D9%86%D8%A7%D8%B1-%D9%84%DB%8C%D8%A8%DB%8C-%D8%AF%D8%A7%D8%B1%D8%AF-8a2ee7a4107
2019-08-19,"AYS Weekend Digest 17–18/08/2019: “Rescued”vs. “Captured” and Salvini’s forked tongue…",https://medium.com/are-you-syrious/ays-weekend-digest-17-18-08-2019-rescued-vs-captured-and-salvinis-forked-tongue-5acf0feb9c6b
2019-08-19,"تحتاج أوروبا إلى التوقف عن الدعم والعمل بجانب ليبيا",https://medium.com/are-you-syrious/%D8%AA%D8%AD%D8%AA%D8%A7%D8%AC-%D8%A3%D9%88%D8%B1%D9%88%D8%A8%D8%A7-%D8%A5%D9%84%D9%89-%D8%A7%D9%84%D8%AA%D9%88%D9%82%D9%81-%D8%B9%D9%86-%D8%A7%D9%84%D8%AF%D8%B9%D9%85-%D9%88%D8%A7%D9%84%D8%B9%D9%85%D9%84-%D8%A8%D8%AC%D8%A7%D9%86%D8%A8-%D9%84%D9%8A%D8%A8%D9%8A%D8%A7-748cbfcad7e4
2019-08-19,"شرایط دشوارتری برای تازه‌واردان به اروپا وضع خواهد شد",https://medium.com/are-you-syrious/%D8%B4%D8%B1%D8%A7%DB%8C%D8%B7-%D8%AF%D8%B4%D9%88%D8%A7%D8%B1%D8%AA%D8%B1%DB%8C-%D8%A8%D8%B1%D8%A7%DB%8C-%D8%AA%D8%A7%D8%B2%D9%87-%D9%88%D8%A7%D8%B1%D8%AF%D8%A7%D9%86-%D8%A8%D9%87-%D8%A7%D8%B1%D9%88%D9%BE%D8%A7-%D9%88%D8%B6%D8%B9-%D8%AE%D9%88%D8%A7%D9%87%D8%AF-%D8%B4%D8%AF-5c6e617f5f4e
2019-08-19,"AYS Weekend Digest 17–18/08/2019: “Rescued”vs. “Captured” and Salvini’s forked tongue…",https://areyousyrious.medium.com/ays-weekend-digest-17-18-08-2019-rescued-vs-captured-and-salvinis-forked-tongue-2466906663f8
2019-08-19,"شروط أكثر صرامة للواصليين حديثا",https://medium.com/are-you-syrious/%D8%B4%D8%B1%D9%88%D8%B7-%D8%A3%D9%83%D8%AB%D8%B1-%D8%B5%D8%B1%D8%A7%D9%85%D8%A9-%D9%84%D9%84%D9%88%D8%A7%D8%B5%D9%84%D9%8A%D9%8A%D9%86-%D8%AD%D8%AF%D9%8A%D8%AB%D8%A7-f700d29dfed2
2019-08-17,"AYS Daily Digest 16/8/19: Land in sight but still no allowance to dock",https://medium.com/are-you-syrious/ays-daily-digest-16-8-19-land-in-sight-but-still-no-allowance-to-dock-3a87f3db41db
2019-08-16,"AYS Daily Digest 15/8/19 15th day at sea for Open Arms",https://medium.com/are-you-syrious/ays-daily-digest-15-8-19-15th-day-at-sea-for-open-arms-6c89f6d3e506
2019-08-15,"AYS Daily Digest 14/8/2019: Open Arms receives permission to dock in Lampedusa",https://medium.com/are-you-syrious/ays-daily-digest-14-8-2019-open-arms-receives-permission-to-dock-in-lampedusa-5865f2d88401
2019-08-13,"AYS Daily Digest 12/8/19: Critical times for action",https://medium.com/are-you-syrious/ays-daily-digest-12-8-19-critical-times-for-action-7856f4d02b45
2019-08-10,"AYS Daily Digest 9/8/19: When in doubt, Europe deports",https://medium.com/are-you-syrious/ays-daily-digest-9-8-19-when-in-doubt-europe-deports-6bc32a8ed2b7
2019-08-09,"AYS Daily Digest 8/8/2019 — Bosnian police chief admits 7000 push-backs",https://medium.com/are-you-syrious/ays-daily-digest-8-8-2019-bosnian-police-chief-admits-7000-push-backs-baeff3db99
2019-08-08,"AYS Daily Digest 7/8/2019 — the exploitation of migrant labour kills again",https://medium.com/are-you-syrious/ays-daily-digest-7-8-2019-the-exploitation-of-migrant-labour-kills-again-266beaa13b42
2019-08-07,"AYS Daily Digest 6/8/19 121 people remain with Open Arms while being refused refuge past the grave…",https://medium.com/are-you-syrious/ays-daily-digest-6-8-19-121-people-remain-with-open-arms-while-being-refused-refuge-past-the-grave-5a5e13a89838
2019-08-06,"AYS Daily Digest 05/08/2019: Frontex being a silent witness of human rights violations at European…",https://medium.com/are-you-syrious/ays-daily-digest-05-08-2019-frontex-being-a-silent-witness-of-human-rights-violations-at-european-cb216f70954c
2019-08-05,"AYS WEEKEND DIGEST 03–04.08.2018: Arrivals and Interceptions to Greece highest since 2015",https://medium.com/are-you-syrious/ays-weekend-digest-03-04-08-2018-arrivals-and-interceptions-to-greece-highest-since-2015-216a7fa490f
2019-08-03,"AYS Daily Digest 2/8/2019-Iceland, 2 more families in risk of deportation",https://medium.com/are-you-syrious/ays-daily-digest-2-8-2019-iceland-2-more-families-in-risk-of-deportation-61cd6094cab9
2019-08-02,"AYS Daily Digest 1/8/19: Libyan Authorities announce closing of detention centers",https://medium.com/are-you-syrious/ays-daily-digest-1-8-19-libyan-authorities-announce-closing-of-detention-centers-2781f95be9a1
2019-08-01,"AYS Daily Digest 31/7/19: Conditional disembarking",https://medium.com/are-you-syrious/ays-daily-digest-31-7-19-conditional-disembarking-753038ed2c62
2019-07-31,"AYS Daily Digest 30/07/19: World day against trafficking in persons",https://medium.com/are-you-syrious/ays-daily-digest-30-07-19-world-day-against-trafficking-in-persons-647fd009960b
2019-07-30,"AYS Daily Digest 29/7/2019: Two cases of violence in Greece",https://medium.com/are-you-syrious/ays-daily-digest-29-7-2019-two-cases-of-violence-in-greece-dcaf48ce3d34
2019-07-29,"AYS News Digest 27–28/7/19: Next ship of survivors in Italy denied disembarkation",https://medium.com/are-you-syrious/ays-news-digest-27-28-7-19-next-ship-of-survivors-in-italy-denied-disembarkation-901705ea7280
2019-07-26,"AYS Daily Digest 25/7/2019: Up to 150 people feared drowned, while Italy approves infamous law",https://medium.com/are-you-syrious/ays-daily-digest-25-7-2019-up-to-150-people-feared-drowned-while-italy-approves-infamous-law-a5623497fa89
2019-07-25,"AYS DIGEST 24.07.2019:",https://medium.com/are-you-syrious/ays-digest-24-07-2019-5a66b6466240
2019-07-24,"Are You Syrious Daily Digest 23/7/19 No more EU-Turkey Deal says Ankara",https://medium.com/are-you-syrious/are-you-syrious-daily-digest-23-7-19-no-more-eu-turkey-deal-says-ankara-6bf23a4a2e96
2019-07-23,"AYS Daily Digest 22/07/2019 –Ventimiglia: 18,000 people returned to Italy in 12 months",https://medium.com/are-you-syrious/ays-daily-digest-22-07-2019-ventimiglia-18-000-people-returned-to-italy-in-12-months-74681cfb9549
2019-07-22,"AYS Daily Digest 20–21/7/19: Back at Sea",https://medium.com/are-you-syrious/ays-daily-digest-20-21-7-19-back-at-sea-352b9e67dbe2
2019-07-22,"AYS Daily Digest 20–21/7/19: Back at sea",https://medium.com/are-you-syrious/ays-daily-digest-20-21-7-19-back-at-sea-c0cafa43b3d8
2019-07-20,"AYS Daily Digest 19/7/19: People marching from Niger to Libya to escape limbo, including minors",https://medium.com/are-you-syrious/ays-daily-digest-19-7-19-people-marching-from-niger-to-libya-to-escape-limbo-including-minors-1f5176715958
2019-07-19,"AYS Daily Digest 18/7/19 Carola Rackete’s Interrogation on Thursday",https://medium.com/are-you-syrious/ays-daily-digest-18-7-19-carola-racketes-interrogation-on-thursday-7089e43dadd5
2019-07-18,"AYS Daily Digest 17/07/19/: Migration across the Mediterranean— “European values drowning”",https://medium.com/are-you-syrious/ays-daily-digest-17-07-19-migration-across-the-mediterranean-european-values-drowning-a33259892896
2019-07-16,"AYS Daily Digest 16/7/19: Silenced deaths in the ‘city of light’",https://medium.com/are-you-syrious/ays-daily-digest-16-7-19-silenced-deaths-in-the-city-of-light-b46dde9a93b9
2019-07-15,"AYS Weekend Digest 13–14/7/2019: New minister positively impressed by Moria Camp",https://medium.com/are-you-syrious/ays-weekend-digest-13-14-7-2019-new-minister-positively-impressed-by-moria-camp-fb37dd0e2055
2019-07-13,"AYS Daily Digest 12/7/19: Sweden continues deporting people to danger",https://medium.com/are-you-syrious/ays-daily-digest-12-7-19-sweden-continues-deporting-people-to-danger-e60c06d93a8a
2019-07-12,"AYS Daily Digest 07.11.19- Italy: How do evictions solve a refugee housing crisis?",https://medium.com/are-you-syrious/ays-daily-digest-07-11-19-italy-how-do-evictions-solve-a-refugee-housing-crisis-451d708da1d3
2019-07-11,"AYS Daily Digest 10/07/2019: The Times Are A-Changin’: City Plaza Evacuates",https://medium.com/are-you-syrious/ays-daily-digest-10-07-2019-the-times-are-a-changin-city-plaza-evacuates-ba84348b5fc6
2019-07-11,"AYS Daily Digest 10/07/2019: The Times Are A-Changin’: City Plaza Evacuates",https://areyousyrious.medium.com/ays-daily-digest-10-07-2019-the-times-are-a-changin-city-plaza-evacuates-11cd61e99bdf
2019-07-10,"AYS News Digest 9/7/19: Frontex watches illegal pushback, report says",https://areyousyrious.medium.com/ays-news-digest-9-7-19-frontex-watches-illegal-pushback-report-says-305ee7995e11
2019-07-09,"AYS News Digest 7-8/7/19: Previously molested young man dies in Italian CPR",https://medium.com/are-you-syrious/ays-news-digest-7-8-7-19-previously-molested-young-man-dies-in-italian-cpr-6e61cf3e9a97
2019-07-07,"المزيد والمزيد من الناس يصلون إلى توزلا ، البوسنة والهرسك",https://medium.com/are-you-syrious/%D8%A7%D9%84%D9%85%D8%B2%D9%8A%D8%AF-%D9%88%D8%A7%D9%84%D9%85%D8%B2%D9%8A%D8%AF-%D9%85%D9%86-%D8%A7%D9%84%D9%86%D8%A7%D8%B3-%D9%8A%D8%B5%D9%84%D9%88%D9%86-%D8%A5%D9%84%D9%89-%D8%AA%D9%88%D8%B2%D9%84%D8%A7-%D8%A7%D9%84%D8%A8%D9%88%D8%B3%D9%86%D8%A9-%D9%88%D8%A7%D9%84%D9%87%D8%B1%D8%B3%D9%83-15fb9cda0c61
2019-07-05,"AYS Daily Digest 04/07/19: 55 people were rescued. What happens now?",https://medium.com/are-you-syrious/ays-daily-digest-04-07-19-55-people-were-rescued-what-happens-now-d3c7bebbb98
2019-07-04,"AYS Daily Digest 3/7/19: An increase in ‘Dublin returns’ to Italy",https://medium.com/are-you-syrious/ays-daily-digest-3-7-19-an-increase-in-dublin-returns-to-italy-98888fce39fd
2019-07-03,"AYS Daily Digest 2/7/19 An Italian judge ordered the release of Carola Rackete from house arrest",https://medium.com/are-you-syrious/ays-daily-digest-2-7-19-an-italian-judge-ordered-the-release-of-carola-rackete-from-house-arrest-27652687d935
2019-06-29,"AYS Daily Digest 28.06.19: EU and Morocco to intensify partnership",https://medium.com/are-you-syrious/ays-daily-digest-28-06-19-eu-and-morocco-to-intensify-partnership-2a610a685b14
2019-06-28,"AYS Daily Digest 27.06.19: Sea-Watch 3 Still Stranded",https://medium.com/are-you-syrious/ays-daily-digest-27-06-19-sea-watch-3-still-stranded-f9ed6dd3fd51
2019-06-27,"AYS Daily Digest 26/06/2019: Bosnia… €24 Million for ‘Migration Management’ or ‘Lethal Deterrence?’",https://medium.com/are-you-syrious/ays-daily-digest-26-06-2019-bosnia-24-million-for-migration-management-or-lethal-deterrence-4ac5aa72455b
2019-06-26,"AYS Daily Digest 25/6/19 The European Court has ruled against Sea-Watch 3’s emergency",https://medium.com/are-you-syrious/ays-daily-digest-25-6-19-the-european-court-has-ruled-against-sea-watch-3s-emergency-3f93066ba816
2019-06-25,"عمليات الإخلاء القسري تزيد من الصدمات المتراكمة",https://medium.com/are-you-syrious/%D8%B9%D9%85%D9%84%D9%8A%D8%A7%D8%AA-%D8%A7%D9%84%D8%A5%D8%AE%D9%84%D8%A7%D8%A1-%D8%A7%D9%84%D9%82%D8%B3%D8%B1%D9%8A-%D8%AA%D8%B2%D9%8A%D8%AF-%D9%85%D9%86-%D8%A7%D9%84%D8%B5%D8%AF%D9%85%D8%A7%D8%AA-%D8%A7%D9%84%D9%85%D8%AA%D8%B1%D8%A7%D9%83%D9%85%D8%A9-7bdeee86fd90
2019-06-25,"AYS Weekly News Summary in Persian, June 17–23",https://medium.com/are-you-syrious/ays-weekly-news-summary-in-persian-june-17-23-50f4b6d81e21
2019-06-25,"AYS Daily Digest 24/6/2019 Tunisia, World Refugee Day celebrated with arrests and beatings",https://medium.com/are-you-syrious/ays-daily-digest-24-6-2019-tunisia-world-refugee-day-celebrated-with-arrests-and-beatings-2ac14b5a17ad
2019-06-24,"AYS Weekend Digest 22–23/06/2019 Slovenian authorities publish country’s first strategy on…",https://medium.com/are-you-syrious/ays-weekend-digest-22-23-06-2019-slovenian-authorities-publish-countrys-first-strategy-on-861bbc0f23dc
2019-06-22,"AYS Daily Digest 21/06/2019: Greek Reception is a ‘Structural Failure’",https://medium.com/are-you-syrious/ays-daily-digest-21-06-2019-greek-reception-is-a-structural-failure-bc482c0c1a64
2019-06-22,"AYS Daily Digest 21/06/2019: Greek Reception is a ‘Structural Failure’",https://medium.com/are-you-syrious/ays-daily-digest-21-06-2019-greek-reception-is-a-structural-failure-b90571f1384b
2019-06-21,"AYS Daily Digest 20.06.19: Abandoned at Sea on World Refugee Day",https://medium.com/are-you-syrious/ays-daily-digest-20-06-19-abandoned-at-sea-on-world-refugee-day-1f1d70f67596
2019-06-20,"AYS Daily Digest 19/6/19: Children and minors suffer under fallible systems across the continent",https://medium.com/are-you-syrious/ays-daily-digest-19-6-19-children-and-minors-suffer-under-fallible-systems-across-the-continent-26cca07ab812
2019-06-18,"AYS Daily Digest 17/06/19: Postcards of desperate conditions in Montenegro and Bosnia",https://medium.com/are-you-syrious/ays-daily-digest-17-06-19-postcards-of-desperate-conditions-in-montenegro-and-bosnia-9f11b8da4175
2019-06-17,"AYS News Digest 16/6/19: Dispersion of responsibility at the cost of lives in Bihać",https://medium.com/are-you-syrious/ays-news-digest-16-6-19-dispersion-of-responsibility-at-the-cost-of-lives-in-biha%C4%87-235e7ad10a68
2019-06-16,"تصاعد الوضع على حساب أضعف فئات الناس",https://medium.com/are-you-syrious/%D8%AA%D8%B5%D8%A7%D8%B9%D8%AF-%D8%A7%D9%84%D9%88%D8%B6%D8%B9-%D8%B9%D9%84%D9%89-%D8%AD%D8%B3%D8%A7%D8%A8-%D8%A3%D8%B6%D8%B9%D9%81-%D9%81%D8%A6%D8%A7%D8%AA-%D8%A7%D9%84%D9%86%D8%A7%D8%B3-4853eb5584b5
2019-06-16,"محدود کردن آزادی حرکت و محرومیت از آزادی در بوسنی",https://medium.com/are-you-syrious/%D9%85%D8%AD%D8%AF%D9%88%D8%AF-%DA%A9%D8%B1%D8%AF%D9%86-%D8%A2%D8%B2%D8%A7%D8%AF%DB%8C-%D8%AD%D8%B1%DA%A9%D8%AA-%D9%88-%D9%85%D8%AD%D8%B1%D9%88%D9%85%DB%8C%D8%AA-%D8%A7%D8%B2-%D8%A2%D8%B2%D8%A7%D8%AF%DB%8C-%D8%AF%D8%B1-%D8%A8%D9%88%D8%B3%D9%86%DB%8C-8b88ed32934
2019-06-15,"AYS Daily Digest 14/06/2019: People are being moved to new “camp” in Vučjak, Bosnia",https://medium.com/are-you-syrious/ays-daily-digest-14-06-2019-people-are-being-moved-to-new-camp-in-vu%C4%8Djak-bosnia-d6b5bfad5ecd
2019-06-15,"AYS Daily Digest 14/06/2019: People are being moved to new “camp” in Vučjak, Bosnia",https://medium.com/are-you-syrious/ays-daily-digest-14-06-2019-people-are-being-moved-to-new-camp-in-vu%C4%8Djak-bosnia-e4cbd785b51b
2019-06-14,"AYS Daily Digest 13/6/2019 — Greece violated basic rights of 5 minors",https://medium.com/are-you-syrious/ays-daily-digest-13-6-2019-greece-violated-basic-rights-of-5-minors-c96712ac35a8
2019-06-11,"الحد من حرية الحركة والحرمان من الحرية في البوسنة",https://medium.com/are-you-syrious/%D8%A7%D9%84%D8%AD%D8%AF-%D9%85%D9%86-%D8%AD%D8%B1%D9%8A%D8%A9-%D8%A7%D9%84%D8%AD%D8%B1%D9%83%D8%A9-%D9%88%D8%A7%D9%84%D8%AD%D8%B1%D9%85%D8%A7%D9%86-%D9%85%D9%86-%D8%A7%D9%84%D8%AD%D8%B1%D9%8A%D8%A9-%D9%81%D9%8A-%D8%A7%D9%84%D8%A8%D9%88%D8%B3%D9%86%D8%A9-344a48b33e4d
2019-06-11,"AYS Daily Digest 10/6/19-Croatian Border: Illegal and violent pushback for a family of 15 people",https://medium.com/are-you-syrious/ays-daily-digest-10-6-19-2db6fc695b11
2019-06-08,"AYS Daily Digest 07/06/2019: Small victory — Italian ports open to 62 people saved by merchant ship!",https://medium.com/are-you-syrious/ays-daily-digest-07-06-2019-small-victory-italian-ports-open-to-62-people-saved-by-merchant-e4d6d4a3d430
2019-06-08,"AYS Daily Digest 07/06/2019: Small victory — Italian ports open to 62 people saved by merchant…",https://medium.com/are-you-syrious/ays-daily-digest-07-06-2019-small-victory-italian-ports-open-to-62-people-saved-by-merchant-437cab3c4a8b
2019-06-07,"AYS Daily Digest 6/6/2019- Libya: Between hell and hell",https://medium.com/are-you-syrious/ays-daily-digest-6-6-2019-libya-between-hell-and-hell-410aacc869b2
2019-06-05,"AYS Daily Digest 4/6/19 boat in distress with 50 people taken by Libyan Coast Guard",https://medium.com/are-you-syrious/ays-daily-digest-4-6-19-boat-in-distress-with-50-people-taken-by-libyan-coast-guard-2cdb345a6bf5
2019-06-04,"AYS Daily Digest 3/6/19: A call for prosecution of the EU",https://medium.com/are-you-syrious/ays-daily-digest-3-6-19-a-call-for-prosecution-of-the-eu-2ae93db92980
2019-06-03,"AYS Weekend Digest 1.-2./06/19 Teachers banned from tutoring refugee children",https://medium.com/are-you-syrious/ays-weekend-digest-1-2-06-19-teachers-banned-from-tutoring-refugee-children-70b921b1167b
2019-06-03,"يبدو أن شخصًا ما في الوزارة الكرواتية لا يهتم بأن الأطفال ووالديهم يفقدون الدعم",https://medium.com/are-you-syrious/%D9%8A%D8%A8%D8%AF%D9%88-%D8%A3%D9%86-%D8%B4%D8%AE%D8%B5%D9%8B%D8%A7-%D9%85%D8%A7-%D9%81%D9%8A-%D8%A7%D9%84%D9%88%D8%B2%D8%A7%D8%B1%D8%A9-%D8%A7%D9%84%D9%83%D8%B1%D9%88%D8%A7%D8%AA%D9%8A%D8%A9-%D9%84%D8%A7-%D9%8A%D9%87%D8%AA%D9%85-%D8%A8%D8%A3%D9%86-%D8%A7%D9%84%D8%A3%D8%B7%D9%81%D8%A7%D9%84-%D9%88%D9%88%D8%A7%D9%84%D8%AF%D9%8A%D9%87%D9%85-%D9%8A%D9%81%D9%82%D8%AF%D9%88%D9%86-%D8%A7%D9%84%D8%AF%D8%B9%D9%85-35e23e9d10fa
2019-06-03,"وزارت کرواسی به این موضوع اهمیت نمی‌دهد که بچه‌ها و والدین آن‌ها",https://medium.com/are-you-syrious/%D9%88%D8%B2%D8%A7%D8%B1%D8%AA-%DA%A9%D8%B1%D9%88%D8%A7%D8%B3%DB%8C-%D8%A8%D9%87-%D8%A7%DB%8C%D9%86-%D9%85%D9%88%D8%B6%D9%88%D8%B9-%D8%A7%D9%87%D9%85%DB%8C%D8%AA-%D9%86%D9%85%DB%8C-%D8%AF%D9%87%D8%AF-%DA%A9%D9%87-%D8%A8%DA%86%D9%87-%D9%87%D8%A7-%D9%88-%D9%88%D8%A7%D9%84%D8%AF%DB%8C%D9%86-%D8%A2%D9%86-%D9%87%D8%A7-89ae93a4dd2d
2019-06-03,"استقرار ناظران بیشتر در مرزها",https://medium.com/are-you-syrious/%D8%A7%D8%B3%D8%AA%D9%82%D8%B1%D8%A7%D8%B1-%D9%86%D8%A7%D8%B8%D8%B1%D8%A7%D9%86-%D8%A8%DB%8C%D8%B4%D8%AA%D8%B1-%D8%AF%D8%B1-%D9%85%D8%B1%D8%B2%D9%87%D8%A7-515a9134d5ce
2019-06-01,"AYS Daily Digest 31/05/2019 — People are returned to Libya faster than they are evacuated",https://medium.com/are-you-syrious/ays-daily-digest-31-05-2019-people-are-returned-to-libya-faster-than-they-are-evacuated-1e9ee5808049
2019-06-01,"AYS Daily Digest 31/05/2019 — People are returned to Libya faster than they are evacuated",https://medium.com/are-you-syrious/ays-daily-digest-31-05-2019-people-are-returned-to-libya-faster-than-they-are-evacuated-399acedc551a
2019-05-30,"AYS DAILY DIGEST 29/05/2019: What do you know about the European Migrant Smuggling Centre?",https://medium.com/are-you-syrious/ays-daily-digest-29-05-2019-what-do-you-know-about-the-european-migrant-smuggling-centre-b0ddd0df161f
2019-05-29,"AYS Daily Digest 28/5/19: Banned from helping",https://medium.com/are-you-syrious/ays-daily-digest-28-5-19-banned-from-helping-a0bc696dfeaf
2019-05-28,"AYS Daily Digest 27/5/19: What did Europe choose?",https://medium.com/are-you-syrious/ays-daily-digest-what-did-europe-choose-f2a25d4293a
2019-05-28,"نشر المزيد من هيئات الرقابة على الحدود",https://medium.com/are-you-syrious/%D9%86%D8%B4%D8%B1-%D8%A7%D9%84%D9%85%D8%B2%D9%8A%D8%AF-%D9%85%D9%86-%D9%87%D9%8A%D8%A6%D8%A7%D8%AA-%D8%A7%D9%84%D8%B1%D9%82%D8%A7%D8%A8%D8%A9-%D8%B9%D9%84%D9%89-%D8%A7%D9%84%D8%AD%D8%AF%D9%88%D8%AF-7ad54e5733d5
2019-05-27,"AYS Weekend Digest 25–26/5/19: Protestors on Samos met with Batons and Tear Gas",https://medium.com/are-you-syrious/ays-weekend-digest-25-26-5-19-protestors-on-samos-met-with-batons-and-tear-gas-228f072376b0
2019-05-27,"AYS Weekend Digest 25–26/5/19: Protestors on Samos met with Batons and Tear Gas",https://medium.com/are-you-syrious/ays-weekend-digest-25-26-5-19-protestors-on-samos-met-with-batons-and-tear-gas-67d9bee5cd51
2019-05-25,"AYS DAILY DIGEST 24/05/2019: Arrivals, Arrests, Closures, Confusion in Italy",https://medium.com/are-you-syrious/ays-daily-digest-24-05-2019-arrivals-arrests-closures-confusion-in-italy-4a91051e4586
2019-05-25,"AYS DAILY DIGEST 24/05/2019: Arrivals, Arrests, Closures, Confusion in Italy",https://areyousyrious.medium.com/ays-daily-digest-24-05-2019-arrivals-arrests-closures-confusion-in-italy-a04005c6bc3b
2019-05-24,"AYS Daily Digest 23/05/2019 — After 3 years reception in Greece is still an emergency",https://medium.com/are-you-syrious/ays-daily-digest-23-05-2018-after-3-years-reception-in-greece-is-still-an-emergency-67df0acf7787
2019-05-23,"AYS Daily Digest 22/5/19: EU’s hypocrisy effects in the Balkans, across the Mediterranean, all the…",https://medium.com/are-you-syrious/ays-daily-digest-22-5-19-eus-hypocrisy-effects-in-the-balkans-across-the-mediterranean-all-the-be0b114bc6a5
2019-05-22,"AYS Daily Digest 21/05/2019: Report shows that 1.007",https://medium.com/are-you-syrious/ays-daily-digest-21-05-2019-report-shows-that-1-007-52c10a72ea86
2019-05-21,"AYS Daily Digest 20/05/2019: Tortured, starved, shot — the dramatic situation of Zintan",https://medium.com/are-you-syrious/ays-daily-digest-20-05-2019-tortured-starved-shot-the-dramatic-situation-of-zintan-c0fcfe7bca40
2019-05-20,"AYS News Digest 18–19/5/19: Thanks to the political hypocrisy, 47 shipwrecked deprived of their…",https://medium.com/are-you-syrious/ays-news-digest-18-19-5-19-thanks-to-the-political-hypocrisy-47-shipwrecked-deprived-of-their-33c6941942f5
2019-05-20,"AYS News Digest 18–19/5/19: Thanks to the political hypocrisy, 47 shipwrecked deprived of their…",https://medium.com/are-you-syrious/ays-news-digest-18-19-5-19-thanks-to-the-political-hypocrisy-47-shipwrecked-deprived-of-their-a2081bb52e19
2019-05-18,"AYS Daily Digest 17/05/2019: A Secret Document Could Prove Turkey Is Not A Safe Third Country",https://medium.com/are-you-syrious/ays-daily-digest-17-05-2019-a-secret-document-could-prove-turkey-is-not-a-safe-third-country-a7a431afce72
2019-05-17,"AYS DIGEST 16/05/19: To Fight the Network of Repression, we need a Mosaic of Solidarity",https://medium.com/are-you-syrious/ays-digest-16-05-19-to-fight-the-network-of-repression-we-need-a-mosaic-of-solidarity-f81e8e168962
2019-05-15,"AYS Daily Digest 14/05/2019: Open Arms dismissed of charge for aiding illegal immigration",https://medium.com/are-you-syrious/ays-daily-digest-14-05-2019-open-arms-dismissed-of-charge-for-aiding-illegal-immigration-e9fc82e22851
2019-05-14,"AYS SPECIAL from Libya: On the Ben Ghasr Shooting",https://medium.com/are-you-syrious/ays-special-from-libya-on-the-ben-ghasr-shooting-85070b9532af
2019-05-14,"AYS Daily Digest 13/5/2019 Greece sending children to smugglers in the name of “reunification”",https://medium.com/are-you-syrious/ays-daily-digest-13-5-2019-greece-sending-children-to-smugglers-in-the-name-of-reunification-8f447cb4d1e3
2019-05-13,"AYS WEEKEND DIGEST 11–12/2019: Price per head, Salvini proposes 5,500 euro fine per person saved.",https://medium.com/are-you-syrious/ays-weekend-digest-11-12-2019-price-per-head-salvini-proposes-5-500-euro-fine-per-person-saved-6824c5e82443
2019-05-13,"AYS Weekly News Summary in Arabic, May 6–12",https://medium.com/are-you-syrious/ays-weekly-news-summary-in-arabic-may-6-12-d5e175229d45
2019-05-11,"AYS Daily Digest 10/05/2019: 70 People Died at Sea, 100 Others Sent to Death in Libya.",https://medium.com/are-you-syrious/ays-daily-digest-10-05-2019-70-people-died-at-sea-100-others-sent-to-death-in-libya-4d3b74bd373
2019-05-11,"AYS Daily Digest 10/05/2019: 70 People Died at Sea, 100 Others Sent to Death in Libya.",https://medium.com/are-you-syrious/ays-daily-digest-10-05-2019-70-people-died-at-sea-100-others-sent-to-death-in-libya-16095f4e81a1
2019-05-09,"Report on illegal practice of collective expulsion on Slovene-Croatian border",https://medium.com/are-you-syrious/report-on-illegal-practice-of-collective-expulsion-on-slovene-croatian-border-e1210bf7dd8f
2019-05-09,"AYS Daily Digest 8/5/19: Deportation straight to danger, violence and humiliation — widely…",https://medium.com/are-you-syrious/ays-daily-digest-8-5-19-deportation-straight-to-danger-violence-and-humiliation-widely-dbb23e380772
2019-05-08,"AYS Daily Digest 7/5/19: EU member states normalizing detention",https://medium.com/are-you-syrious/ays-daily-digest-7-5-19-eu-member-states-normalizing-detention-68f6138dc599
2019-05-07,"AYS Daily Digest 06/05/2019: Field workers striking to demand housing rights and regular contracts",https://medium.com/are-you-syrious/ays-daily-digest-06-05-2019-field-workers-striking-to-demand-housing-rights-and-regular-contracts-cdef07284050
2019-05-06,"AYS Weekend Digest 04–05/5/2019: Border agreement with Albania now operational",https://medium.com/are-you-syrious/ays-weekend-digest-04-05-5-2019-border-agreement-with-albania-now-operational-cef3237366b5
2019-05-05,"التحديثات الأسبوعية والأخبار من جميع انحاء العالم",https://medium.com/are-you-syrious/%D8%A7%D9%84%D8%AA%D8%AD%D8%AF%D9%8A%D8%AB%D8%A7%D8%AA-%D8%A7%D9%84%D8%A3%D8%B3%D8%A8%D9%88%D8%B9%D9%8A%D8%A9-%D9%88%D8%A7%D9%84%D8%A3%D8%AE%D8%A8%D8%A7%D8%B1-%D9%85%D9%86-%D8%AC%D9%85%D9%8A%D8%B9-%D8%A7%D9%86%D8%AD%D8%A7%D8%A1-%D8%A7%D9%84%D8%B9%D8%A7%D9%84%D9%85-6ad1f1a96889
2019-05-04,"AYS Daily Digest 03/05/2019: Deliberate Denial of Food in Hungarian Detention Centres",https://medium.com/are-you-syrious/ays-daily-digest-03-05-2019-deliberate-denial-of-food-in-hungarian-detention-centres-3ffaa72db3ce
2019-05-04,"AYS Daily Digest 03/05/2019: Deliberate Denial of Food in Hungarian Detention Centres",https://medium.com/are-you-syrious/ays-daily-digest-03-05-2019-deliberate-denial-of-food-in-hungarian-detention-centres-a39965bd7d46
2019-05-03,"AYS Daily Digest 02/05/2019: Italy deporting vulnerable cases to inadequate centre",https://medium.com/are-you-syrious/ays-daily-digest-02-05-2019-italy-deporting-vulnerable-cases-to-inadequate-centre-1ff892d073f0
2019-05-02,"AYS Daily Digest 1/5/19: (Save the) Children Sleeping Rough in Tuzla",https://medium.com/are-you-syrious/ays-daily-digest-1-5-19-save-the-children-sleeping-rough-in-tuzla-d6066f87c9b
2019-04-30,"AYS Daily Digest 29.04.19: Another Ship in Distress Ignored",https://medium.com/are-you-syrious/ays-daily-digest-29-04-19-another-ship-in-distress-ignored-598efc4b20b8
2019-04-29,"بسیاری از کودکان در راه خود به اروپا خشونت و سو استفاده را تجربه کرده‌اند",https://medium.com/are-you-syrious/%D8%A8%D8%B3%DB%8C%D8%A7%D8%B1%DB%8C-%D8%A7%D8%B2-%DA%A9%D9%88%D8%AF%DA%A9%D8%A7%D9%86-%D8%AF%D8%B1-%D8%B1%D8%A7%D9%87-%D8%AE%D9%88%D8%AF-%D8%A8%D9%87-%D8%A7%D8%B1%D9%88%D9%BE%D8%A7-%D8%AE%D8%B4%D9%88%D9%86%D8%AA-%D9%88-%D8%B3%D9%88-%D8%A7%D8%B3%D8%AA%D9%81%D8%A7%D8%AF%D9%87-%D8%B1%D8%A7-%D8%AA%D8%AC%D8%B1%D8%A8%D9%87-%DA%A9%D8%B1%D8%AF%D9%87-%D8%A7%D9%86%D8%AF-2d32650d15f2
2019-04-29,"AYS News Digest 27–28/4/19: At least 16 people died trying to reach the port of departure in…",https://medium.com/are-you-syrious/ays-news-digest-27-28-4-19-at-least-16-people-died-trying-to-reach-the-port-of-departure-in-8a1c84379986
2019-04-29,"AYS News Digest 27–28/4/19: At least 16 people died trying to reach the port of departure in…",https://medium.com/are-you-syrious/ays-news-digest-27-28-4-19-at-least-16-people-died-trying-to-reach-the-port-of-departure-in-e4026dbe7132
2019-04-27,"AYS Daily Digest 26/4/19- Croatian president: We’ve let in migrants who had money and knew how to…",https://medium.com/are-you-syrious/ays-daily-digest-26-4-19-croatian-president-weve-let-in-migrants-who-had-money-and-knew-how-to-1b7031ac18ba
2019-04-26,"AYS DAILY DIGEST 25/04/2019: Postcard from the Balkans",https://medium.com/are-you-syrious/ays-daily-digest-25-04-2019-postcard-from-the-balkans-936a6e23e6c4
2019-04-25,"AYS Daily Digest 24/04/19 Uncertain number of deaths in the Qaser Ben Ghashir in Tripoli",https://medium.com/are-you-syrious/ays-daily-digest-24-04-19-uncertain-number-of-deaths-in-the-qaser-ben-ghashir-in-tripoli-e38cf7151cf3
2019-04-23,"AYS Daily Digest 22/4/19: Weekend of violent push backs from Croatia and Bosnia & Herzegovina",https://medium.com/are-you-syrious/ays-daily-digest-23-4-19-weekend-of-violent-push-backs-from-croatia-and-bosnia-herzegovina-e3aee5bcaeaa
2019-04-23,"آلمان پیش‌نویس لایحه‌ای را تصویب کرد که برای تسریع دیپورت پناهجویان طراحی شده‌بود",https://medium.com/are-you-syrious/%D8%A2%D9%84%D9%85%D8%A7%D9%86-%D9%BE%DB%8C%D8%B4-%D9%86%D9%88%DB%8C%D8%B3-%D9%84%D8%A7%DB%8C%D8%AD%D9%87-%D8%A7%DB%8C-%D8%B1%D8%A7-%D8%AA%D8%B5%D9%88%DB%8C%D8%A8-%DA%A9%D8%B1%D8%AF-%DA%A9%D9%87-%D8%A8%D8%B1%D8%A7%DB%8C-%D8%AA%D8%B3%D8%B1%DB%8C%D8%B9-%D8%AF%DB%8C%D9%BE%D9%88%D8%B1%D8%AA-%D9%BE%D9%86%D8%A7%D9%87%D8%AC%D9%88%DB%8C%D8%A7%D9%86-%D8%B7%D8%B1%D8%A7%D8%AD%DB%8C-%D8%B4%D8%AF%D9%87-%D8%A8%D9%88%D8%AF-ac3becb894ea
2019-04-23,"مشروع قانون الترحيل يهدف إلى تسريع عملية ترحيل طالبي اللجوء",https://medium.com/are-you-syrious/%D9%85%D8%B4%D8%B1%D9%88%D8%B9-%D9%82%D8%A7%D9%86%D9%88%D9%86-%D8%A7%D9%84%D8%AA%D8%B1%D8%AD%D9%8A%D9%84-%D9%8A%D9%87%D8%AF%D9%81-%D8%A5%D9%84%D9%89-%D8%AA%D8%B3%D8%B1%D9%8A%D8%B9-%D8%B9%D9%85%D9%84%D9%8A%D8%A9-%D8%AA%D8%B1%D8%AD%D9%8A%D9%84-%D8%B7%D8%A7%D9%84%D8%A8%D9%8A-%D8%A7%D9%84%D9%84%D8%AC%D9%88%D8%A1-1f3c3147064
2019-04-20,"AYS Daily Digest 19/04/2019: Athens Evictions: People Demand Their Right to a Home",https://medium.com/are-you-syrious/ays-daily-digest-19-04-2019-athens-evictions-people-demand-their-right-to-a-home-c762a95c5e8e
2019-04-19,"AYS Daily Digest 18/4/19: Two squats evicted",https://medium.com/are-you-syrious/ays-daily-digest-18-4-19-two-squats-evicted-c069c9232ad1
2019-04-18,"افزایش تعداد بازگشت‌های دوبلین",https://medium.com/are-you-syrious/%D8%A7%D9%81%D8%B2%D8%A7%DB%8C%D8%B4-%D8%AA%D8%B9%D8%AF%D8%A7%D8%AF-%D8%A8%D8%A7%D8%B2%DA%AF%D8%B4%D8%AA-%D9%87%D8%A7%DB%8C-%D8%AF%D9%88%D8%A8%D9%84%DB%8C%D9%86-3bda1db922a3
2019-04-17,"AYS Daily Digest 16/4/19: How do the EU Commission’s funds manage to bypass those in need?",https://medium.com/are-you-syrious/ays-daily-digest-16-4-19-how-do-the-eu-commissions-funds-manage-to-bypass-those-in-need-9a386ccea010
2019-04-16,"AYS Daily Digest 15/4/19: Locked and detained in the midst of fights in Libya",https://medium.com/are-you-syrious/ays-daily-digest-15-4-19-locked-and-detained-in-the-midst-of-fights-in-libya-4ebbfd25ae20
2019-04-15,"AYS DAILY DIGEST 13–14/4/2019: Horror for people trapped in Libyan detention centres continues",https://medium.com/are-you-syrious/ays-daily-digest-13-14-4-2019-horror-for-people-trapped-in-libyan-detention-centres-continues-8438f811bff3
2019-04-14,"AYS SPECIAL: أين أنا؟ — Where am I?",https://medium.com/are-you-syrious/ays-special-%D8%A3%D9%8A%D9%86-%D8%A3%D9%86%D8%A7-where-am-i-ce0b31c3aff6
2019-04-13,"AYS Daily Digest 12/04/2019: EU Funded-Systemic-Race-Based Violence — The New Normal",https://medium.com/are-you-syrious/ays-daily-digest-12-04-2019-eu-funded-systemic-race-based-violence-the-new-normal-197e8f08fedf
2019-04-13,"AYS Daily Digest 12/04/2019: EU Funded-Systemic-Race-Based Violence — The New Normal",https://medium.com/are-you-syrious/ays-daily-digest-12-04-2019-eu-funded-systemic-race-based-violence-the-new-normal-9a81da10e44d
2019-04-08,"AYS Weekend Digest 6–7/4/2019 — Border regime or human rights?",https://medium.com/are-you-syrious/ays-weekend-digest-6-7-4-2019-border-regime-or-human-rights-8c5fcfcdc818
2019-04-08,"AYS Weekend Digest 6–7/4/2019 — Border regime or human rights?",https://medium.com/are-you-syrious/ays-weekend-digest-6-7-4-2019-border-regime-or-human-rights-8de3ba5bad8c
2019-04-07,"AYS SPECIAL: A right to hope is one of the basic human rights",https://medium.com/are-you-syrious/ays-special-a-right-to-hope-is-one-of-the-basic-human-rights-f769e27db018
2019-04-05,"AYS Daily Digest 4/4/19: The next Idomeni?",https://medium.com/are-you-syrious/ays-daily-digest-4-4-19-the-next-idomeni-d11139c642d4
2019-04-03,"AYS DAILY DIGEST 2/4/2019: Small victories worth celebrating",https://medium.com/are-you-syrious/ays-daily-digest-2-4-2019-small-victories-worth-celebrating-c5678abacfd3
2019-04-03,"تم الإبلاغ عن عدد متزايد من عمليات الإرجاع من قبل على الحدود اليونانية",https://medium.com/are-you-syrious/%D8%AA%D9%85-%D8%A7%D9%84%D8%A5%D8%A8%D9%84%D8%A7%D8%BA-%D8%B9%D9%86-%D8%B9%D8%AF%D8%AF-%D9%85%D8%AA%D8%B2%D8%A7%D9%8A%D8%AF-%D9%85%D9%86-%D8%B9%D9%85%D9%84%D9%8A%D8%A7%D8%AA-%D8%A7%D9%84%D8%A5%D8%B1%D8%AC%D8%A7%D8%B9-%D9%85%D9%86-%D9%82%D8%A8%D9%84-%D8%B9%D9%84%D9%89-%D8%A7%D9%84%D8%AD%D8%AF%D9%88%D8%AF-%D8%A7%D9%84%D9%8A%D9%88%D9%86%D8%A7%D9%86%D9%8A%D8%A9-cc1329fc0ca9
2019-04-02,"AYS Daily Digest 1/4/19: Croatia called out by the members of the EP",https://medium.com/are-you-syrious/ays-daily-digest-1-4-19-croatia-called-out-by-the-members-of-the-ep-c56d4c112f00
2019-04-01,"AYS Weekend Digest 30–31/03/2019 Minors in France: controversial assessments and unfair treatment",https://medium.com/are-you-syrious/ays-weekend-digest-30-31-03-2019-minors-in-france-controversial-assessments-and-unfair-treatment-86f92c2ce2bc
2019-03-30,"AYS Daily Digest 29/03/2019: Disillusioning Statistics — A Look At Greece in 2018.",https://medium.com/are-you-syrious/ays-daily-digest-29-03-2019-disillusioning-statistics-a-look-at-greece-in-2018-c68c8b3b2d8a
2019-03-28,"AYS SPECIAL FROM SAMOS: A(nother) landing",https://medium.com/are-you-syrious/ays-special-from-samos-a-nother-landing-b7e7842441b3
2019-03-28,"AYS Daily Digest 27/03/19 EU will discontinue Operation Sophia’s maritime patrols at sea",https://medium.com/are-you-syrious/ays-daily-digest-27-03-19-eu-will-discontinue-operation-sophias-maritime-patrols-at-sea-4c1a0dacc0d0
2019-03-28,"AYS Daily Digest 3/26/19: New Report on Torture in Libya",https://medium.com/are-you-syrious/ays-daily-digest-3-26-19-new-report-on-torture-in-libya-a851935f31fb
2019-03-26,"AYS Daily Digest 25/3/19: More children have died in the Aegean",https://medium.com/are-you-syrious/ays-daily-digest-25-3-19-more-childrean-have-died-in-the-aegean-2224c8fb2b3e
2019-03-25,"AYS Weekend Digest 23–24/03/2019 Institutional racism in the EU",https://medium.com/are-you-syrious/ays-weekend-digest-23-24-03-2019-institutional-racism-in-the-eu-1f1bf33bbeff
2019-03-25,"AYS Weekend Digest 23–24/03/2019 Institutional racism in the EU",https://medium.com/are-you-syrious/ays-weekend-digest-23-24-03-2019-institutional-racism-in-the-eu-8388cf030358
2019-03-23,"AYS Daily Digest 22/03/2019: Outpour of Solidarity For Brave and Noble Captain — Pietro Marrone",https://medium.com/are-you-syrious/ays-daily-digest-22-03-2019-outpour-of-solidarity-for-brave-and-noble-captain-pietro-marrone-640facbfbb1c
2019-03-23,"AYS Daily Digest 22/03/2019: Outpour of Solidarity For Brave and Noble Captain — Pierto Marrone",https://medium.com/are-you-syrious/ays-daily-digest-22-03-2019-outpour-of-solidarity-for-brave-and-noble-captain-pierto-marrone-4f7271ba31cd
2019-03-22,"AYS Daily Digest 21/3/19: Abandoned, attacked, apprehended",https://medium.com/are-you-syrious/ays-daily-digest-21-3-19-abandoned-attacked-apprehended-4bce4d78ce78
2019-03-20,"با ورود بیشتر به اروپا، تعداد اخراج ها نیز افزایش می یابد",https://medium.com/are-you-syrious/%D8%A8%D8%A7-%D9%88%D8%B1%D9%88%D8%AF-%D8%A8%DB%8C%D8%B4%D8%AA%D8%B1-%D8%A8%D9%87-%D8%A7%D8%B1%D9%88%D9%BE%D8%A7-%D8%AA%D8%B9%D8%AF%D8%A7%D8%AF-%D8%A7%D8%AE%D8%B1%D8%A7%D8%AC-%D9%87%D8%A7-%D9%86%DB%8C%D8%B2-%D8%A7%D9%81%D8%B2%D8%A7%DB%8C%D8%B4-%D9%85%DB%8C-%DB%8C%D8%A7%D8%A8%D8%AF-5d4e3d41c7f6
2019-03-18,"AYS Weekend Digest 16–17/03/2019 Protest of detainee in Italian CPR silenced",https://medium.com/are-you-syrious/ays-weekend-digest-16-17-03-2019-protest-of-detainee-in-italian-cpr-silenced-a7af490f819b
2019-03-16,"AYS Daily Digest 15/03/2019: Amnesty and HRW Propose Sea Rescue Action Plan to EU",https://medium.com/are-you-syrious/ays-daily-digest-15-03-2019-amnesty-and-hrw-propose-sea-rescue-action-plan-to-eu-db33eeda4f98
2019-03-15,"DAILY DIGEST 14/3/2019: 122,000 people granted refugee status in EU in 2018",https://medium.com/are-you-syrious/daily-digest-14-3-2019-122-000-people-granted-refugee-status-in-eu-in-2018-ebb62d11ad2d
2019-03-15,"AYS SPECIAL FROM ELLEBÆK DEPORTATION CAMP: Denmark’s forgotten, closed prison",https://medium.com/are-you-syrious/ays-special-from-elleb%C3%A6k-deportation-camp-denmarks-forgotten-closed-prison-bc7b5aa587f8
2019-03-14,"AYS SPECIAL: About the girl",https://medium.com/are-you-syrious/ays-special-about-the-girl-d70428ee141d
2019-03-13,"AYS Daily Digest 12/3/19 Amnesty International demanding accountability from Croatian government",https://medium.com/are-you-syrious/ays-daily-digest-12-3-19-amnesty-international-demanding-accountability-from-croatian-government-b090fb89091a
2019-03-12,"AYS Daily Digest 11/3/19: Violent official reaction to peaceful protest in Iceland",https://medium.com/are-you-syrious/ays-daily-digest-11-3-19-violent-official-reaction-to-peaceful-protest-in-iceland-43181c42893e
2019-03-12,"التغييرات في قانون اللجوء في الدنمارك",https://medium.com/are-you-syrious/%D8%A7%D9%84%D8%AA%D8%BA%D9%8A%D9%8A%D8%B1%D8%A7%D8%AA-%D9%81%D9%8A-%D9%82%D8%A7%D9%86%D9%88%D9%86-%D8%A7%D9%84%D9%84%D8%AC%D9%88%D8%A1-%D9%81%D9%8A-%D8%A7%D9%84%D8%AF%D9%86%D9%85%D8%A7%D8%B1%D9%83-b99e429d54ad
2019-03-12,"عوض شدن قوانین پناهندگی در دانمارک",https://medium.com/are-you-syrious/%D8%B9%D9%88%D8%B6-%D8%B4%D8%AF%D9%86-%D9%82%D9%88%D8%A7%D9%86%DB%8C%D9%86-%D9%BE%D9%86%D8%A7%D9%87%D9%86%D8%AF%DA%AF%DB%8C-%D8%AF%D8%B1-%D8%AF%D8%A7%D9%86%D9%85%D8%A7%D8%B1%DA%A9-7b984cac7a86
2019-03-11,"AYS SPECIAL: Slovenia faced with serious irregularities and corruption accusations in its politics…",https://medium.com/are-you-syrious/ays-special-slovenia-faced-with-serious-irregularities-and-corruption-accusations-in-its-politics-8aecebd6b102
2019-03-11,"AYS WEEKEND DIGEST 9–10/3/2019: Deadly weekend at the European frontiers, but looks like nobody…",https://medium.com/are-you-syrious/ays-weekend-digest-9-10-3-2019-deadly-weekend-at-the-european-frontiers-but-looks-like-nobody-ef9588a621ec
2019-03-11,"AYS WEEKEND DIGEST 9–10/3/2019: Deadly weekend at the European frontiers, but looks like nobody…",https://medium.com/are-you-syrious/ays-weekend-digest-9-10-3-2019-deadly-weekend-at-the-european-frontiers-but-looks-like-nobody-b4e7fa99f4dc
2019-03-09,"AYS Daily Digest 08/03/2019: 54 persons granted refugee status and 74 subsidiary protection in…",https://medium.com/are-you-syrious/ays-daily-digest-08-03-2019-54-persons-granted-refugee-status-and-74-subsidiary-protection-in-28a0068ee5c3
2019-03-09,"AYS Daily Digest 08/03/2019: 54 persons granted refugee status and 74 subsidiary protection in…",https://medium.com/are-you-syrious/ays-daily-digest-08-03-2019-54-persons-granted-refugee-status-and-74-subsidiary-protection-in-a21b41045592
2019-03-08,"AYS Daily Digest 07/03/2019 Italy: makeshift camp in San Ferdinando evicted",https://medium.com/are-you-syrious/ays-daily-digest-07-03-2019-italy-makeshift-camp-in-san-ferdinando-evicted-87b6acb6f885
2019-03-07,"AYS WEEKLY OVERVIEW: “There is something rotten going on in Denmark.”",https://medium.com/are-you-syrious/ays-weekly-overview-there-is-something-rotten-going-on-in-denmark-e67fab2c2184
2019-03-06,"AYS Daily Digest 5/3/19: Today’s Europe criminalizes human rights defenders — 20 years for saving…",https://medium.com/are-you-syrious/ays-daily-digest-5-3-19-todays-europe-criminalizes-human-rights-defenders-20-years-for-saving-da805e4fde18
2019-03-06,"AYS Daily Digest 5/3/19: Today’s Europe criminalizes human rights defenders — 20 years for saving…",https://medium.com/are-you-syrious/ays-daily-digest-5-3-19-todays-europe-criminalizes-human-rights-defenders-20-years-for-saving-587e177edbcf
2019-03-05,"ازدحام جمعیت در مرکزها و زندان‌های پناهندگی",https://medium.com/are-you-syrious/%D8%A7%D8%B2%D8%AF%D8%AD%D8%A7%D9%85-%D8%AC%D9%85%D8%B9%DB%8C%D8%AA-%D8%AF%D8%B1-%D9%85%D8%B1%DA%A9%D8%B2%D9%87%D8%A7-%D9%88-%D8%B2%D9%86%D8%AF%D8%A7%D9%86-%D9%87%D8%A7%DB%8C-%D9%BE%D9%86%D8%A7%D9%87%D9%86%D8%AF%DA%AF%DB%8C-f15b98efbd26
2019-03-04,"AYS Weekend Digest 2–3/3/19: Minors Tortured in Libya’s Triq al Sikka detention centre",https://medium.com/are-you-syrious/ays-weekend-digest-2-3-3-19-minors-tortured-in-libyas-triq-al-sikka-detention-centre-a31c8581894e
2019-03-02,"AYS Daily News Digest 1/3/19: Announced changes in the system, while dubious border practice…",https://medium.com/are-you-syrious/ays-daily-news-digest-1-3-19-announced-changes-in-the-system-while-dubious-border-practice-d1b53bc42cb9
2019-03-02,"AYS Daily News Digest 1/3/19: Announced changes in the system, while dubious border practice…",https://medium.com/are-you-syrious/ays-daily-news-digest-1-3-19-announced-changes-in-the-system-while-dubious-border-practice-88754f60b06f
2019-02-27,"AYS Daily Digest 26/02/2019: New air strikes around Idlib",https://medium.com/are-you-syrious/ays-daily-digest-26-02-2019-new-air-strikes-around-idlib-d712520588c2
2019-02-26,"AYS Daily Digest 25/02/2019 Nothing has changed on the Greek Islands",https://medium.com/are-you-syrious/ays-daily-digest-25-02-2019-nothing-has-changed-on-the-greek-islands-eae7a8f7da32
2019-02-26,"AYS Daily Digest 25/02/2019 Nothing change on the Greek Islands",https://medium.com/are-you-syrious/ays-daily-digest-25-02-2019-nothing-change-on-the-greek-islands-c70b1da592fd
2019-02-25,"AYS Weekend Digest 23–24/02/2019",https://medium.com/are-you-syrious/ays-weekend-digest-23-24-02-2019-e49c47edf897
2019-02-25,"AYS Weekend Digest 23–24/02/2019 IOM complicit in mistreatment of people on the move in Bosnia",https://medium.com/are-you-syrious/ays-weekend-digest-23-24-02-2019-iom-complicit-in-mistreatment-of-people-on-the-move-in-bosnia-560d47feb0d
2019-02-23,"AYS Daily Digest 22/2/19: Cries for help from behind the bars of detention centres",https://medium.com/are-you-syrious/ays-daily-digest-22-2-19-cries-for-help-from-behind-the-bars-of-detention-centres-e6cca4045b21
2019-02-23,"AYS Daily Digest 22/2/19: Cries for help from behind the bars of detention centres",https://medium.com/are-you-syrious/ays-daily-digest-22-2-19-cries-for-help-from-behind-the-bars-of-detention-centres-29a8b2d0281d
2019-02-21,"AYS Daily Digest 20.2.19:",https://medium.com/are-you-syrious/ays-daily-digest-20-2-19-9b1a1f50f88e
2019-02-20,"AYS SPECIAL from Chios: A place of encounters",https://medium.com/are-you-syrious/ays-special-from-chios-a-place-of-encounters-8bb6ab325d74
2019-02-20,"AYS Daily Digest 19/02/2019: Anti-torture committee criticises situation of patients in detention…",https://medium.com/are-you-syrious/ays-daily-digest-19-02-2019-anti-torture-committee-criticises-situation-of-patients-in-detention-24c7be432075
2019-02-19,"الظروف تزداد سوءً على حدود الاتحاد الأوروبي",https://medium.com/are-you-syrious/%D8%A7%D9%84%D8%B8%D8%B1%D9%88%D9%81-%D8%AA%D8%B2%D8%AF%D8%A7%D8%AF-%D8%B3%D9%88%D8%A1%D9%8B-%D8%B9%D9%84%D9%89-%D8%AD%D8%AF%D9%88%D8%AF-%D8%A7%D9%84%D8%A7%D8%AA%D8%AD%D8%A7%D8%AF-%D8%A7%D9%84%D8%A3%D9%88%D8%B1%D9%88%D8%A8%D9%8A-9121e6961516
2019-02-19,"AYS Daily Digest 18/2/19: Civilians targeted in Idlib, reasons to flee",https://medium.com/are-you-syrious/ays-daily-digest-18-2-19-civilians-targeted-in-idlib-reasons-to-flee-54ea936a1a58
2019-02-19,"AYS Daily Digest 18/2/19 Civilians targeted in Idlib, reasons to flee",https://medium.com/are-you-syrious/ays-daily-digest-18-2-19-civilians-targeted-in-idlib-reasons-to-flee-50690c4e4e34
2019-02-18,"AYS Weekend Digest 16–17/02/19: Dividing families to increase deportations",https://medium.com/are-you-syrious/ays-weekend-digest-16-17-02-19-dividing-families-to-increase-deportations-d2cbc6044ec8
2019-02-16,"AYS DAILY DIGEST 15/02/2019: Should we be afraid of the EU?",https://medium.com/are-you-syrious/ays-daily-digest-15-02-2019-should-we-be-afraid-of-the-eu-54ca629f0216
2019-02-16,"AYS DAILY DIGEST 15/02/2019: Should we be afraid of the EU?",https://medium.com/are-you-syrious/ays-daily-digest-15-02-2019-should-we-be-afraid-of-the-eu-9180282b6ee7
2019-02-13,"AYS Daily Digest 12/2/2019 — Denmark: leaving human rights behind, one law at the time",https://medium.com/are-you-syrious/ays-daily-digest-12-2-2019-denmark-leaving-human-rights-behind-one-law-at-the-time-59a4679cb04c
2019-02-13,"AYS Daily Digest 12/2/2019 Denmark: leaving human rights behind, one law at the time",https://medium.com/are-you-syrious/ays-daily-digest-12-2-2019-denmark-leaving-human-rights-behind-one-law-at-the-time-7247e7c54213
2019-02-12,"تظاهرات برای مخالفت با سیاست بسته بودن مرزها",https://medium.com/are-you-syrious/%D8%AA%D8%B8%D8%A7%D9%87%D8%B1%D8%A7%D8%AA-%D8%A8%D8%B1%D8%A7%DB%8C-%D9%85%D8%AE%D8%A7%D9%84%D9%81%D8%AA-%D8%A8%D8%A7-%D8%B3%DB%8C%D8%A7%D8%B3%D8%AA-%D8%A8%D8%B3%D8%AA%D9%87-%D8%A8%D9%88%D8%AF%D9%86-%D9%85%D8%B1%D8%B2%D9%87%D8%A7-457758feea96
2019-02-12,"AYS Daily News Digest 11/02/19: 150 people brought back to Libya",https://medium.com/are-you-syrious/ays-daily-news-digest-11-02-19-150-people-brought-back-to-libya-af07e131a9a3
2019-02-11,"الاْحتجاج على السياسات الأوروبية حول الحدود المغلقة",https://medium.com/are-you-syrious/%D8%A7%D9%84%D8%A7%D9%92%D8%AD%D8%AA%D8%AC%D8%A7%D8%AC-%D8%B9%D9%84%D9%89-%D8%A7%D9%84%D8%B3%D9%8A%D8%A7%D8%B3%D8%A7%D8%AA-%D8%A7%D9%84%D8%A3%D9%88%D8%B1%D9%88%D8%A8%D9%8A%D8%A9-%D8%AD%D9%88%D9%84-%D8%A7%D9%84%D8%AD%D8%AF%D9%88%D8%AF-%D8%A7%D9%84%D9%85%D8%BA%D9%84%D9%82%D8%A9-a0dba044308
2019-02-09,"AYS Daily News Digest 8/2/19: Violence in Morocco increases",https://medium.com/are-you-syrious/ays-daily-news-digest-8-2-19-violence-in-morocco-increases-25cc8d0c81b9
2019-02-08,"AYS Daily Digest 7/2/19 Protests against abolishing “humanitarian protection” residency in Italy",https://medium.com/are-you-syrious/ays-daily-digest-7-2-19-protests-against-abolishing-humanitarian-protection-residency-in-italy-6cdcca2d8254
2019-02-06,"AYS SPECIAL FROM BOSNIA: Nobody Calls an Ambulance for Dying Man Hit by Car Outside Camp Miral in…",https://medium.com/are-you-syrious/ays-special-from-bosnia-nobody-calls-an-ambulance-for-dying-man-hit-by-car-outside-camp-miral-in-79ec01af415b
2019-02-06,"AYS Daily Digest 05/02/2019: Local authorities in Bosnia demand State institutions to lift IOM’s…",https://medium.com/are-you-syrious/ays-daily-digest-05-02-2019-local-authorities-in-bosnia-demand-state-institutions-to-lift-ioms-af159fce1ff8
2019-02-05,"AYS DAILY DIGEST 4/2/2019: 15,980 people stranded on Greek islands",https://medium.com/are-you-syrious/ays-daily-digest-4-2-2019-15-980-people-stranded-on-greek-islands-3aa73c717776
2019-02-05,"AYS DAILY DIGEST 4/2/2019: 15.980 people stranded in Greek islands",https://medium.com/are-you-syrious/ays-daily-digest-4-2-2019-15-980-people-stranded-in-greek-islands-e0eeaadcf8f8
2019-02-04,"AYS DAILY DIGEST WEEKEND 2/3.2.2019: European deadly trap",https://medium.com/are-you-syrious/ays-daily-digest-weekend-2-3-2-2019-european-deadly-trap-e59476b9b91a
2019-02-04,"AYS DAILY DIGEST WEEKEND 2/3.2.2019: European deadly trap",https://medium.com/are-you-syrious/ays-daily-digest-weekend-2-3-2-2019-european-deadly-trap-f19131bb6123
2019-02-02,"AYS Daily Digest 01/02/2019: Young migrant kills himself after being denied humanitarian protection…",https://medium.com/are-you-syrious/ays-daily-digest-01-02-2019-young-migrant-kills-himself-after-being-denied-humanitarian-protection-fc0f720bf63f
2019-02-02,"AYS Daily Digest 01/02/2019: Young migrant kills himself after being denied humanitarian…",https://medium.com/are-you-syrious/ays-daily-digest-01-02-2019-young-migrant-kills-himself-after-being-denied-humanitarian-d005068518e1
2019-01-31,"AYS Daily News Digest 30/1/19: Solidarity and support to everyone at Sea Watch 3",https://medium.com/are-you-syrious/ays-daily-news-digest-30-1-19-solidarity-and-support-to-everyone-at-sea-watch-3-ff9f0e87060b
2019-01-30,"AYS Daily Digest 29/01/19: Evictions in Porte-de-la Chapelle",https://medium.com/are-you-syrious/ays-daily-digest-29-01-19-evictions-in-porte-de-la-chapelle-1fd252238a4e
2019-01-29,"تمويل الاتحاد الأوروبي يمنع إنقاذ الأرواح في البحر ، بينما يدعم المخيمات اللاإنسانية في دول البلقان",https://medium.com/are-you-syrious/%D8%AA%D9%85%D9%88%D9%8A%D9%84-%D8%A7%D9%84%D8%A7%D8%AA%D8%AD%D8%A7%D8%AF-%D8%A7%D9%84%D8%A3%D9%88%D8%B1%D9%88%D8%A8%D9%8A-%D9%8A%D9%85%D9%86%D8%B9-%D8%A5%D9%86%D9%82%D8%A7%D8%B0-%D8%A7%D9%84%D8%A3%D8%B1%D9%88%D8%A7%D8%AD-%D9%81%D9%8A-%D8%A7%D9%84%D8%A8%D8%AD%D8%B1-%D8%A8%D9%8A%D9%86%D9%85%D8%A7-%D9%8A%D8%AF%D8%B9%D9%85-%D8%A7%D9%84%D9%85%D8%AE%D9%8A%D9%85%D8%A7%D8%AA-%D8%A7%D9%84%D9%84%D8%A7%D8%A5%D9%86%D8%B3%D8%A7%D9%86%D9%8A%D8%A9-%D9%81%D9%8A-%D8%AF%D9%88%D9%84-%D8%A7%D9%84%D8%A8%D9%84%D9%82%D8%A7%D9%86-a7dc22e7bf7f
2019-01-28,"AYS Daily Digest 26–27/1/18: EU-funded misery on the Greek islands",https://medium.com/are-you-syrious/ays-daily-digest-26-27-1-18-eu-funded-misery-on-the-greek-islands-fbac9e8d0ca2
2019-01-28,"AYS Daily Digest 26–27/1/18: EU-funded misery on the Greek islands",https://medium.com/are-you-syrious/ays-daily-digest-26-27-1-18-eu-funded-misery-on-the-greek-islands-ff6cfe68fae3
2019-01-26,"AYS DAILY DIGEST 25/1/2019: SeaWatch 3 still needs port of safety",https://medium.com/are-you-syrious/ays-daily-digest-25-1-2019-seawatch-3-still-needs-port-of-safety-fe2ff4a4c133
2019-01-26,"AYS DAILY DIGEST 25/1/2019: SeaWatch 3 still needs port of safety",https://medium.com/are-you-syrious/ays-daily-digest-25-1-2019-seawatch-3-still-needs-port-of-safety-baef02a293e9
2019-01-26,"AYS DAILY DIGEST 25/1/2019: SeaWatch 3 still needs port of safety",https://areyousyrious.medium.com/seawatch-3-still-needs-port-of-safety-4e18515d912c
2019-01-25,"AYS Daily Digest 24/01/19: Cyclone Producing 7 Meter Waves Hits Mediterranean",https://medium.com/are-you-syrious/ays-daily-digest-24-01-19-cyclone-producing-7-meter-waves-hits-mediterranean-ce0997f00f6e
2019-01-25,"AYS Daily Digest 24/01/19: Cyclone producing 7 Meter Waves Hits Mediterranean",https://areyousyrious.medium.com/ays-daily-digest-24-01-19-cyclone-producing-7-meter-waves-hits-mediterranean-156f689ab334
2019-01-24,"AYS DAILY DIGEST 23/1/2018: People in Calais need help!",https://medium.com/are-you-syrious/ays-daily-digest-23-1-2018-people-in-calais-need-help-c6ff05da27f4
2019-01-23,"AYS Daily Digest 22.1.19: Approximately 300 people returned to the Libyan hell-camps — is this what",https://medium.com/are-you-syrious/ays-daily-digest-22-1-19-d11e28a61986
2019-01-22,"AYS Daily Digest 21/1/19 in the first 21 days of 2019, 200 people died on the Mediterranean",https://medium.com/are-you-syrious/ays-daily-digest-21-1-19-in-the-first-21-days-of-2019-200-people-died-on-the-mediterranean-abc25fc0de5b
2019-01-21,"AYS DAILY WEEKEND 19–20/1/2019: The letter from Samos",https://medium.com/are-you-syrious/ays-daily-weekend-19-20-1-2019-the-letter-from-samos-89470c65f0fa
2019-01-20,"AYS SPECIAL FROM BOSNIA: Killing solidarity in Velika Kladuša",https://medium.com/are-you-syrious/ays-special-from-bosnia-killing-solidarity-in-velika-kladu%C5%A1a-f7c18edd8826
2019-01-20,"AYS SPECIAL FROM BOSNIA: Killing solidarity in Velika Kladuša",https://medium.com/are-you-syrious/ays-special-from-bosnia-killing-solidarity-in-velika-kladu%C5%A1a-be9045b1dfec
2019-01-19,"AYS Daily News Digest 18/1/19: A system failing both the frontline states and people seeking safety",https://medium.com/are-you-syrious/ays-daily-news-digest-18-1-19-a-system-failing-both-the-frontline-states-and-people-seeking-safety-c18c918498c
2019-01-18,"AYS Daily Digest 17/01/2019 Insulted, threatened and beaten by Croatian authorities",https://medium.com/are-you-syrious/ays-daily-digest-17-01-2019-insulted-threatened-and-beaten-by-croatian-authorities-cb1a057bcc00
2019-01-18,"AYS Daily Digest 17/01/2019 Insulted, threatened and beaten by Croatian authorities",https://medium.com/are-you-syrious/ays-daily-digest-17-01-2019-insulted-threatened-and-beaten-by-croatian-authorities-c80f8ab0c017
2019-01-17,"AYS Daily Digest 16.01.19: Fire in Moria Camp",https://medium.com/are-you-syrious/ays-daily-digest-16-01-19-fire-in-moria-camp-839f424af599
2019-01-16,"AYS Daily Digest 15/01/19: A nine-year-old girl died when a dinghy sank off the Turkish coast",https://medium.com/are-you-syrious/ays-daily-digest-15-01-19-a-nine-year-old-girl-died-when-a-dinghy-sank-off-the-turkish-coast-1fc42e8da61
2019-01-15,"AYS Daily Digest 14/01/19: Open Arms Rescue Ship barred from leaving port once again",https://areyousyrious.medium.com/ays-daily-digest-14-01-19-open-arms-rescue-ship-barred-from-leaving-port-once-again-c044728e4c26
2019-01-14,"یک زمستان سخت دیگر برای پناهندگان در اروپا",https://medium.com/are-you-syrious/%DB%8C%DA%A9-%D8%B2%D9%85%D8%B3%D8%AA%D8%A7%D9%86-%D8%B3%D8%AE%D8%AA-%D8%AF%DB%8C%DA%AF%D8%B1-%D8%A8%D8%B1%D8%A7%DB%8C-%D9%BE%D9%86%D8%A7%D9%87%D9%86%D8%AF%DA%AF%D8%A7%D9%86-%D8%AF%D8%B1-%D8%A7%D8%B1%D9%88%D9%BE%D8%A7-998456a2a542
2019-01-14,"AYS Weekend Digest 12–13/1/19 Italian Minister of Interior reports fake numbers of those who died…",https://medium.com/are-you-syrious/ays-weekend-digest-12-13-1-19-italian-minister-of-interior-reports-fake-numbers-of-those-who-died-c92fa4bcdc
2019-01-14,"AYS Weekend Digest 12–13/1/19 Italian Minister of Interior reporting fake numbers of who died at…",https://medium.com/are-you-syrious/ays-weekend-digest-12-13-1-19-italian-minister-of-interior-reporting-fake-numbers-of-who-died-at-7bbd4db15025
2019-01-12,"AYS Daily Digest 11/1/2019 Over 100 people on Hunger Strike in French Detention Centres",https://medium.com/are-you-syrious/ays-daily-digest-11-1-2019-over-100-people-on-hunger-strike-in-french-detention-centres-b193ca1a301e
2019-01-10,"AYS News Digest 9/1/19: Sea Watch finally disembarks, permanent solution indispensable for th",https://medium.com/are-you-syrious/ays-news-digest-9-1-19-sea-watch-finally-disembarks-permanent-solution-indispensable-for-th-5cb0830f2d0
2019-01-09,"AYS Daily Digest 8/1/19 — Winter Kills in the Aegean Camps",https://medium.com/are-you-syrious/ays-daily-digest-8-1-19-winter-kills-in-the-aegean-camps-b1ec56f70b14
2019-01-08,"AYS DAILY DIGEST 7/1/2019: 18th days of agony in the Mediterranean Sea",https://medium.com/are-you-syrious/ays-daily-digest-7-1-2019-18th-days-of-agony-in-the-mediterranean-sea-7338728a6e12
2019-01-07,"AYS Weekend Digest 5–6.01.19: The Abuse of the Powerless",https://medium.com/are-you-syrious/ays-weekend-digest-5-6-01-19-the-abuse-of-the-powerless-4dc39dd85f3d
2019-01-05,"Border violence report: Winter in Velika Kladuša",https://medium.com/are-you-syrious/border-violence-report-winter-in-velika-kladu%C5%A1a-c15423c6e4fe
2019-01-05,"AYS Daily Digest 04/01/2019 Italy, 2018: record of asylum claim responses, record of rejections",https://medium.com/are-you-syrious/ays-daily-digest-04-01-2019-italy-2018-record-of-asylum-claim-responses-record-of-rejections-4c53576571da
2019-01-05,"Letter to citizens of the EU from the “periphery”: Politics of the closed borders are bringing us…",https://medium.com/are-you-syrious/letter-to-citizens-of-the-eu-from-the-periphery-politics-of-the-closed-borders-are-bringing-us-1a4ccf804142
2019-01-04,"AYS Daily Digest 03/01/2019: Italian mayors are defying Salvini",https://medium.com/are-you-syrious/ays-daily-digest-03-01-2019-italian-mayors-are-defying-salvini-4de2585975f1
2019-01-04,"Letter to citizens of the EU from the “periphery”: Politics of the closed borders are bringing us…",https://medium.com/are-you-syrious/letter-to-citizens-of-the-eu-from-the-periphery-politics-of-the-closed-borders-are-bringing-us-5e0f7012436e
2019-01-03,"AYS DAILY DIGEST 2/1/2019: Dangerous routes of Europe",https://medium.com/are-you-syrious/ays-daily-digest-2-1-2019-dangerous-routes-of-europe-a3b8c545cf8c
2019-01-02,"AYS SPECIAL — THE CASE OF OINOFYTA: From one hell to another — island to mainland",https://medium.com/are-you-syrious/ays-special-the-case-of-oinofyta-from-one-hell-to-another-island-to-mainland-5e7fcf3d190e
2019-01-02,"یک سال مرگبار دیگر برای پناهندگان و مهاجرانی که می خواهند به اروپا برسند",https://medium.com/are-you-syrious/%DB%8C%DA%A9-%D8%B3%D8%A7%D9%84-%D9%85%D8%B1%DA%AF%D8%A8%D8%A7%D8%B1-%D8%AF%DB%8C%DA%AF%D8%B1-%D8%A8%D8%B1%D8%A7%DB%8C-%D9%BE%D9%86%D8%A7%D9%87%D9%86%D8%AF%DA%AF%D8%A7%D9%86-%D9%88-%D9%85%D9%87%D8%A7%D8%AC%D8%B1%D8%A7%D9%86%DB%8C-%DA%A9%D9%87-%D9%85%DB%8C-%D8%AE%D9%88%D8%A7%D9%87%D9%86%D8%AF-%D8%A8%D9%87-%D8%A7%D8%B1%D9%88%D9%BE%D8%A7-%D8%A8%D8%B1%D8%B3%D9%86%D8%AF-debf05bcccb5
2019-01-02,"یک سال مرگبار دیگر برای پناهندگان و مهاجرانی که می خواهند به اروپا برسند",https://areyousyrious.medium.com/%DB%8C%DA%A9-%D8%B3%D8%A7%D9%84-%D9%85%D8%B1%DA%AF%D8%A8%D8%A7%D8%B1-%D8%AF%DB%8C%DA%AF%D8%B1-%D8%A8%D8%B1%D8%A7%DB%8C-%D9%BE%D9%86%D8%A7%D9%87%D9%86%D8%AF%DA%AF%D8%A7%D9%86-%D9%88-%D9%85%D9%87%D8%A7%D8%AC%D8%B1%D8%A7%D9%86%DB%8C-%DA%A9%D9%87-%D9%85%DB%8C-%D8%AE%D9%88%D8%A7%D9%87%D9%86%D8%AF-%D8%A8%D9%87-%D8%A7%D8%B1%D9%88%D9%BE%D8%A7-%D8%A8%D8%B1%D8%B3%D9%86%D8%AF-80e82c5340a7
2019-01-02,"AYS SPECIAL: Afghanistan is Not Safe — But Neither Is Europe for Afghan Refugees",https://medium.com/are-you-syrious/ays-special-afghanistan-is-not-safe-but-neither-is-europe-for-afghan-refugees-fd836afc260f
2019-01-02,"AYS SPECIAL — Prison Island: surviving another winter on Samos",https://medium.com/are-you-syrious/ays-special-prison-island-surviving-another-winter-on-samos-72ead10d5096
2019-01-01,"AYS SPECIAL: Afghanistan is Not Safe — But Neither Is Europe for Afghan Refugees",https://medium.com/are-you-syrious/ays-special-afghanistan-is-not-safe-but-neither-is-europe-for-afghan-refugees-ae37cf83fcd9
2019-01-01,"AYS SPECIAL: Violent year for refugees at the EU borders",https://medium.com/are-you-syrious/ays-special-violent-year-for-refugees-at-the-eu-borders-bff90750a553
2019-01-01,"AYS Special from Germany: Life in a limbo — the story of Navid",https://medium.com/are-you-syrious/ays-special-from-germany-life-in-a-limbo-the-story-of-navid-7469c0c1859d
2019-01-01,"AYS Weekend Digest 29–30/12/2018: French state “deliberately endangers” people on the move",https://medium.com/are-you-syrious/ays-weekend-digest-29-30-12-2018-french-state-deliberately-endangers-people-on-the-move-4c83197f1f5b
2018-12-31,"AYS SPECIAL: When governments turn against volunteers — the case of AYS",https://medium.com/are-you-syrious/ays-special-when-governments-turn-against-volunteers-the-case-of-ays-5635bf786fa3
2018-12-30,"سنة أخرى مميتة للاجئين والمهاجرين الذين يحاولون الوصول إلى أوروبا",https://medium.com/are-you-syrious/%D8%B3%D9%86%D8%A9-%D8%A3%D8%AE%D8%B1%D9%89-%D9%85%D9%85%D9%8A%D8%AA%D8%A9-%D9%84%D9%84%D8%A7%D8%AC%D8%A6%D9%8A%D9%86-%D9%88%D8%A7%D9%84%D9%85%D9%87%D8%A7%D8%AC%D8%B1%D9%8A%D9%86-%D8%A7%D9%84%D8%B0%D9%8A%D9%86-%D9%8A%D8%AD%D8%A7%D9%88%D9%84%D9%88%D9%86-%D8%A7%D9%84%D9%88%D8%B5%D9%88%D9%84-%D8%A5%D9%84%D9%89-%D8%A3%D9%88%D8%B1%D9%88%D8%A8%D8%A7-d95219fa6ed1
2018-12-30,"AYS SPECIAL: When governments turn against volunteers - the case of AYS",https://medium.com/are-you-syrious/ays-special-when-governments-turn-against-volunteers-the-case-of-ays-81fcfe0e80e7
2018-12-29,"AYS Daily Digest 28/12/18: EU turns its back on 32 stranded at sea",https://medium.com/are-you-syrious/ays-daily-digest-28-12-18-eu-turns-its-back-on-32-stranded-at-sea-69ef8251d1d8
2018-12-29,"AYS Daily Digest 28/12/18: EU turns its back on 32 stranded at sea",https://medium.com/are-you-syrious/ays-daily-digest-28-12-18-eu-turns-its-back-on-32-stranded-at-sea-5a008763d67f
2018-12-28,"AYS SPECIAL FROM ATHENS: One night in Exarcheia",https://medium.com/are-you-syrious/ays-special-from-athens-one-night-in-exarcheia-47ffe294a4cc
2018-12-28,"AYS SPECIAL: Notes from POLAND",https://medium.com/are-you-syrious/ays-special-notes-from-poland-ae65a3a83845
2018-12-28,"AYS Daily Digest 27/12/2018: 32 people left at sea for over 6 days — the odyssey of Sea Watch",https://medium.com/are-you-syrious/ays-daily-digest-27-12-2018-32-people-left-at-sea-for-over-6-days-the-odyssey-of-sea-watch-abe1415e8752
2018-12-25,"DAILY DIGEST 24/12/2018: More money to strengthen the EU borders in 2019",https://medium.com/are-you-syrious/daily-digest-24-12-2018-more-money-to-strengthen-the-eu-borders-in-2019-2ead609965ed
2018-12-25,"ما زال البحر الأبيض المتوسط ​​هو الطريق الأكثر فتكًا",https://medium.com/are-you-syrious/%D9%85%D8%A7-%D8%B2%D8%A7%D9%84-%D8%A7%D9%84%D8%A8%D8%AD%D8%B1-%D8%A7%D9%84%D8%A3%D8%A8%D9%8A%D8%B6-%D8%A7%D9%84%D9%85%D8%AA%D9%88%D8%B3%D8%B7-%D9%87%D9%88-%D8%A7%D9%84%D8%B7%D8%B1%D9%8A%D9%82-%D8%A7%D9%84%D8%A3%D9%83%D8%AB%D8%B1-%D9%81%D8%AA%D9%83%D9%8B%D8%A7-f77530944236
2018-12-24,"AYS Weekend Digest 22–23/12/2018 Italy and Malta = “Pure Cruelty”",https://medium.com/are-you-syrious/ays-weekend-digest-22-23-12-2018-italy-and-malta-pure-cruelty-753359434d7e
2018-12-24,"AYS Weekend Digest 22–23/12/2018 Italy and Malta = “Pure Cruelty”",https://medium.com/are-you-syrious/ays-weekend-digest-22-23-12-2018-italy-and-malta-pure-cruelty-de382aa82ef3
2018-12-22,"AYS Daily Digest 21/12/18 — Italian authorities leave refugees to drown or be returned to Libyan…",https://medium.com/are-you-syrious/ays-daily-digest-21-12-18-italian-authorities-leave-refugees-to-drown-or-be-returned-to-libyan-fa50faf24801
2018-12-22,"AYS Daily Digest 21/12/18 — Italian authorities leave refugees to drown or be returned to Libyan…",https://medium.com/are-you-syrious/ays-daily-digest-21-12-18-italian-authorities-leave-refugees-to-drown-or-be-returned-to-libyan-3976d068d48c
2018-12-21,"AYS DAILY DIGEST 20/12/2018: European union connection with unimaginable horrors in Libyan…",https://medium.com/are-you-syrious/ays-daily-digest-20-12-2018-european-union-connection-with-unimaginable-horrors-in-libyan-64073f8c1c4e
2018-12-21,"AYS DAILY DIGEST 20/12/2018: European union connection with unimaginable horrors in Libyan…",https://medium.com/are-you-syrious/ays-daily-digest-20-12-2018-european-union-connection-with-unimaginable-horrors-in-libyan-e337c27ccd13
2018-12-19,"خلاصه خبری هفتگیه آر.یو.س : شواهد و مدارک جمع آوری شده ی دیپورت کردن پناهندگان از کرواسی",https://medium.com/are-you-syrious/%D8%AE%D9%84%D8%A7%D8%B5%D9%87-%D8%AE%D8%A8%D8%B1%DB%8C-%D9%87%D9%81%D8%AA%DA%AF%DB%8C%D9%87-%D8%A2%D8%B1-%DB%8C%D9%88-%D8%B3-%D8%B4%D9%88%D8%A7%D9%87%D8%AF-%D9%88-%D9%85%D8%AF%D8%A7%D8%B1%DA%A9-%D8%AC%D9%85%D8%B9-%D8%A2%D9%88%D8%B1%DB%8C-%D8%B4%D8%AF%D9%87-%DB%8C-%D8%AF%DB%8C%D9%BE%D9%88%D8%B1%D8%AA-%DA%A9%D8%B1%D8%AF%D9%86-%D9%BE%D9%86%D8%A7%D9%87%D9%86%D8%AF%DA%AF%D8%A7%D9%86-%D8%A7%D8%B2-%DA%A9%D8%B1%D9%88%D8%A7%D8%B3%DB%8C-3c9b1df4f9e6
2018-12-18,"اقتراح التأشيرة الإنسانية لمكافحة حصيلة الموت غير المبرر على الحدود الأوروبية #SafePassage",https://medium.com/are-you-syrious/%D8%A7%D9%82%D8%AA%D8%B1%D8%A7%D8%AD-%D8%A7%D9%84%D8%AA%D8%A3%D8%B4%D9%8A%D8%B1%D8%A9-%D8%A7%D9%84%D8%A5%D9%86%D8%B3%D8%A7%D9%86%D9%8A%D8%A9-%D9%84%D9%85%D9%83%D8%A7%D9%81%D8%AD%D8%A9-%D8%AD%D8%B5%D9%8A%D9%84%D8%A9-%D8%A7%D9%84%D9%85%D9%88%D8%AA-%D8%BA%D9%8A%D8%B1-%D8%A7%D9%84%D9%85%D8%A8%D8%B1%D8%B1-%D8%B9%D9%84%D9%89-%D8%A7%D9%84%D8%AD%D8%AF%D9%88%D8%AF-%D8%A7%D9%84%D8%A3%D9%88%D8%B1%D9%88%D8%A8%D9%8A%D8%A9-safepassage-fabaeb9104ff
2018-12-18,"AYS Daily News Digest 17/12/18: What is a signed agreement for people freezing in&out of the camps?",https://medium.com/are-you-syrious/ays-daily-news-digest-17-12-18-what-is-a-signed-agreement-for-people-freezing-in-out-of-the-camps-7f3f0dec3891
2018-12-18,"AYS Daily News Digest 17/12/18: What is a signed agreement for people freezing in&out of the camps?",https://medium.com/are-you-syrious/ays-daily-news-digest-17-12-18-what-is-a-signed-agreement-for-people-freezing-in-out-of-the-camps-6b5580a924ef
2018-12-17,"AYS WEEKEND DIGEST 15–16/12/2018: Croatian Police “Facing the Facts”, but what now?",https://medium.com/are-you-syrious/ays-weekend-digest-15-16-12-2018-croatian-police-facing-the-facts-but-what-now-90957bb0613f
2018-12-17,"AYS WEEKEND DIGEST 15–16/12/2018: Croatian Police “Facing the Facts”, but what now?",https://medium.com/are-you-syrious/ays-weekend-digest-15-16-12-2018-croatian-police-facing-the-facts-but-what-now-1209e907ff5e
2018-12-15,"AYS Daily Digest 14/12/2018 Italy not safe for Vulnerable Dublin Returnees",https://medium.com/are-you-syrious/ays-daily-digest-14-12-2018-italy-not-safe-for-vulnerable-dublin-returnees-dbd81f816f64
2018-12-14,"AYS News Digest 13/12/18: EP debates about the situation in BiH",https://medium.com/are-you-syrious/https-www-facebook-com-photo-php-fbid-10212084107038699-set-pcb-10212084188400733-type-3-theateray-87c32cbdc65b
2018-12-13,"AYS Daily News Digest 12/12/18: Criminalisation of sea rescue continues",https://medium.com/are-you-syrious/ays-daily-news-digest-12-12-18-criminalisation-of-sea-rescue-continues-109486b7f623
2018-12-12,"AYS Daily Digest 11/12/2018: At least 30,000 people have died at EU borders since 2000",https://medium.com/are-you-syrious/ays-daily-digest-11-12-2018-at-least-30-000-people-have-died-at-eu-borders-since-2000-28f48d915498
2018-12-12,"AYS Daily Digest 11/12/2018: At Least 30,000 people have Died at EU Borders since year 2000",https://medium.com/are-you-syrious/ays-daily-digest-11-12-2018-at-least-30-000-people-have-died-at-eu-borders-since-year-2000-1b5fe79007d
2018-12-11,"AYS Daily News Digest 10/12/18: Human Rights — Nice anniversary, but no implementation",https://medium.com/are-you-syrious/ays-daily-news-digest-10-12-18-human-rights-nice-anniversary-but-no-implementation-c18f22ae03d0
2018-12-10,"خلاصه هفتگی خبریه آر.یو.س : تبعیض، خشونت پلیس و قوانین ضد مهاجرتی",https://medium.com/are-you-syrious/%D8%AE%D9%84%D8%A7%D8%B5%D9%87-%D9%87%D9%81%D8%AA%DA%AF%DB%8C-%D8%AE%D8%A8%D8%B1%DB%8C%D9%87-%D8%A2%D8%B1-%DB%8C%D9%88-%D8%B3-%D8%AA%D8%A8%D8%B9%DB%8C%D8%B6-%D8%AE%D8%B4%D9%88%D9%86%D8%AA-%D9%BE%D9%84%DB%8C%D8%B3-%D9%88-%D9%82%D9%88%D8%A7%D9%86%DB%8C%D9%86-%D8%B6%D8%AF-%D9%85%D9%87%D8%A7%D8%AC%D8%B1%D8%AA%DB%8C-1a44a0e29978
2018-12-10,"AYS Weekend Digest 8–9/12/2018 Police violence in Northern France",https://medium.com/are-you-syrious/ays-weekend-digest-8-9-12-2018-police-violence-in-northern-france-1d37a776367b
2018-12-09,"AYS SPECIAL: Baobab Experience — You can’t stop solidarity",https://medium.com/are-you-syrious/ays-special-baobab-experience-you-cant-stop-solidarity-80ee99d1b43a
2018-12-07,"AYS Daily Digest 06/12/18: Another month of brutality on the Balkan borders",https://medium.com/are-you-syrious/ays-daily-digest-06-12-18-another-month-of-brutality-on-the-balkan-borders-1b0045ee03a1
2018-12-07,"AYS Daily Digest 06/12/18: Another Month of Brutality on the Balkan Borders",https://medium.com/are-you-syrious/ays-daily-digest-06-12-18-another-month-of-brutality-on-the-balkan-borders-c714365b1e71
2018-12-06,"AYS Daily Digest 5/12/18: As Marrakesh Refugee Summit Approaches, Chaos in Countries of First Entry",https://medium.com/are-you-syrious/ays-daily-digest-5-12-18-as-marrakesh-refugee-summit-approaches-chaos-in-countries-of-first-entry-d3f06a212040
2018-12-05,"AYS Daily News Digest 4/12/18: Denmark’s concerning aims for isolation",https://medium.com/are-you-syrious/ays-daily-news-digest-4-12-18-denmarks-concerning-aims-for-isolation-147eddef42
2018-12-05,"AYS Daily News Digest 4/12/18: Denmark’s concerning aims for isolation",https://medium.com/are-you-syrious/ays-daily-news-digest-4-12-18-denmarks-concerning-aims-for-isolation-4bd06e5c0ceb
2018-12-04,"AYS Daily Digest 03/12/2018: 26 migrants expelled from their centre and 1.000",https://medium.com/are-you-syrious/ays-daily-digest-03-12-2018-26-migrants-expelled-from-their-centre-and-1-000-c3138f22bf02
2018-12-03,":خبرهای هفتگی آر. یو. س بازداشتگاه‌ ها در سه منطقه ی آلمان",https://medium.com/are-you-syrious/%D8%AE%D8%A8%D8%B1%D9%87%D8%A7%DB%8C-%D9%87%D9%81%D8%AA%DA%AF%DB%8C-%D8%A2%D8%B1-%DB%8C%D9%88-%D8%B3-%D8%A8%D8%A7%D8%B2%D8%AF%D8%A7%D8%B4%D8%AA%DA%AF%D8%A7%D9%87-%D9%87%D8%A7-%D8%AF%D8%B1-%D8%B3%D9%87-%D9%85%D9%86%D8%B7%D9%82%D9%87-%DB%8C-%D8%A2%D9%84%D9%85%D8%A7%D9%86-eff619e8ee0d
2018-12-03,"AYS Weekend Digest 1–2/12/2018 — More talk but no action over situation in Greece’s Hotspots",https://medium.com/are-you-syrious/ays-weekend-digest-1-2-12-2018-more-talk-but-no-action-over-situation-in-greeces-hotspots-66d08b1333a
2018-12-01,"AYS SPECIAL: Locals of Velika Kladuša Put International Organisations To Shame",https://medium.com/are-you-syrious/ays-special-locals-of-velika-kladu%C5%A1a-put-international-organisations-to-shame-55be90734ab9
2018-12-01,"AYS Daily Digest 30/11/18: Denmark unveils plan for Nauru-style deportation center on Lindholm…",https://medium.com/are-you-syrious/ays-daily-digest-30-11-18-denmark-unveils-plan-for-nauru-style-deportation-center-on-lindholm-fb6773ba4118
2018-12-01,"AYS Daily Digest 30/11/18: Denmark unveils plan for Nauru-style deportation center on Lindholm…",https://medium.com/are-you-syrious/ays-daily-digest-30-11-18-denmark-unveils-plan-for-nauru-style-deportation-center-on-lindholm-51e6d236cc09
2018-11-30,"AYS SPECIAL: Locals of Velika Kladuša Put International Organisations To Shame",https://medium.com/are-you-syrious/ays-special-locals-of-velika-kladu%C5%A1a-put-international-organisations-to-shame-5d4ba6b8eb2b
2018-11-29,"AYS Daily News Digest 28/11/18: EU countries reject trawvler with 12 refugees",https://medium.com/are-you-syrious/ays-daily-news-digest-28-11-18-eu-countries-reject-trawvler-with-12-refugees-39b1e3f46034
2018-11-28,"AYS DAILY DIGEST 27/11/2018: It’s no dream, it’s a nightmarish reality of Europe today!",https://medium.com/are-you-syrious/ays-daily-digest-27-11-2018-its-no-dream-it-s-a-nightmarish-reality-of-europe-today-22d61557f81
2018-11-28,"AYS DAILY DIGEST 27/11/2018: It’s no dream, it’s a nightmarish reality of Europe today!",https://medium.com/are-you-syrious/ays-daily-digest-27-11-2018-its-no-dream-it-s-a-nightmarish-reality-of-europe-today-3035ecc5748f
2018-11-27,"AYS Daily News Digest 26/11/18: Night deportations, detention, push backs and denial of the police",https://medium.com/are-you-syrious/ays-daily-news-digest-26-11-18-night-deportations-detention-push-backs-and-denial-of-the-police-d7aad96985c
2018-11-26,": AYS خلاصه هفتگی بیرون راندن و رفتار غیر انسانی با پناهندگان در اروپا",https://medium.com/are-you-syrious/ays-%D8%AE%D9%84%D8%A7%D8%B5%D9%87-%D9%87%D9%81%D8%AA%DA%AF%DB%8C-%D8%A8%DB%8C%D8%B1%D9%88%D9%86-%D8%B1%D8%A7%D9%86%D8%AF%D9%86-%D9%88-%D8%B1%D9%81%D8%AA%D8%A7%D8%B1-%D8%BA%DB%8C%D8%B1-%D8%A7%D9%86%D8%B3%D8%A7%D9%86%DB%8C-%D8%A8%D8%A7-%D9%BE%D9%86%D8%A7%D9%87%D9%86%D8%AF%DA%AF%D8%A7%D9%86-%D8%AF%D8%B1-%D8%A7%D8%B1%D9%88%D9%BE%D8%A7-27a8c9879ef1
2018-11-26,"الملخص الأسبوعي (ا.ي.س) : عمليات الإخلاء والمعاملة اللاإنسانية للاجئين في أوروبا",https://medium.com/are-you-syrious/%D8%A7%D9%84%D9%85%D9%84%D8%AE%D8%B5-%D8%A7%D9%84%D8%A3%D8%B3%D8%A8%D9%88%D8%B9%D9%8A-%D8%A7-%D9%8A-%D8%B3-%D8%B9%D9%85%D9%84%D9%8A%D8%A7%D8%AA-%D8%A7%D9%84%D8%A5%D8%AE%D9%84%D8%A7%D8%A1-%D9%88%D8%A7%D9%84%D9%85%D8%B9%D8%A7%D9%85%D9%84%D8%A9-%D8%A7%D9%84%D9%84%D8%A7%D8%A5%D9%86%D8%B3%D8%A7%D9%86%D9%8A%D8%A9-%D9%84%D9%84%D8%A7%D8%AC%D8%A6%D9%8A%D9%86-%D9%81%D9%8A-%D8%A3%D9%88%D8%B1%D9%88%D8%A8%D8%A7-f5b8200541a2
2018-11-26,"AYS Weekend Digest 24–25/11/2018 — Delaying rescues. A new criminal policy.",https://medium.com/are-you-syrious/ays-weekend-digest-24-25-11-2018-delaying-rescues-a-new-criminal-policy-89909412e264
2018-11-24,"AYS Daily Digest 23/11/18: After Protracted Battle, 3 Rescue Boats Return to Mediterranean",https://medium.com/are-you-syrious/ays-daily-digest-23-11-18-after-protracted-battle-3-rescue-boats-return-to-mediterranean-c2ba6b891acf
2018-11-24,"AYS Daily Digest 23/11/18: After Protracted Battle, 3 Rescue Boats Return to Mediterranean",https://medium.com/are-you-syrious/ays-daily-digest-23-11-18-after-protracted-battle-3-rescue-boats-return-to-mediterranean-34129a9c6001
2018-11-23,"AYS Daily Digest 22/11/18: Greek Interior ministry ‘deletes’ refugees from islands",https://medium.com/are-you-syrious/ays-daily-digest-22-11-18-greek-interior-ministry-deletes-refugees-from-islands-6a88ab14ce17
2018-11-23,"AYS Daily Digest 22.11.18: Why are the Greek Authorities Publishing False Information?",https://medium.com/are-you-syrious/ays-daily-digest-22-11-18-why-are-the-greek-authorities-publishing-false-information-a47e5ce89831
2018-11-22,"AYS SPECIAL: From the heart to those who walk the path of hope and pain",https://medium.com/are-you-syrious/ays-special-from-the-heart-to-those-who-walk-the-path-of-hope-and-pain-25ebcac7ff41
2018-11-22,"AYS Daily Digest 21/11/2018: Rome. Baobab evicted again by local authorities",https://medium.com/are-you-syrious/ays-daily-digest-21-11-2018-rome-baobab-evicted-again-by-local-authorities-2dfc58768bd3
2018-11-21,"AYS Daily Digest 20/11/18: Universal Children’s Day — not so universal after all",https://medium.com/are-you-syrious/ays-daily-digest-20-11-18-universal-childrens-day-not-so-universal-after-all-d41382c0bb39
2018-11-21,"AYS Daily Digest 20/11/18: Universal Children’s Day — not so universal after all",https://medium.com/are-you-syrious/ays-daily-digest-20-11-18-universal-childrens-day-not-so-universal-after-all-1888b555cfab
2018-11-20,"AYS Daily Digest 20/11/18: “Human rights in the trash.”",https://medium.com/are-you-syrious/ays-daily-digest-20-11-2018-human-rights-in-the-trash-c4f055e21e5d
2018-11-20,"AYS DAILY DIGEST 19/11/2018: “Human rights in the trash.”",https://medium.com/are-you-syrious/ays-daily-digest-20-11-2018-human-rights-in-the-trash-17d087db8712
2018-11-20,"AYS SPECIAL: Outside the EU borders",https://medium.com/are-you-syrious/ays-special-outside-the-eu-borders-94fcf67a85b7
2018-11-19,"AYS Weekend Digest 17–18/11/2018: Deportations to Afghanistan Must Stop",https://medium.com/are-you-syrious/ays-weekend-digest-17-18-11-2018-deportations-to-afghanistan-must-stop-30f37f698e54
2018-11-19,"AYS Weekend Digest 17–18/11/2018 — Deportations to Afghanistan Must stop",https://medium.com/are-you-syrious/ays-weekend-digest-17-18-11-2018-deportations-to-afghanistan-must-stop-d30c7a202973
2018-11-17,"AYS Daily Digest 16/11/2018:",https://medium.com/are-you-syrious/ays-daily-digest-16-11-2018-2a6a8f5a5e09
2018-11-16,"AYS Daily Digest 15/11/2018: “I would rather die on this cargo ship [than return to Libya]”",https://medium.com/are-you-syrious/ays-daily-digest-15-11-2018-i-would-rather-die-on-this-cargo-ship-than-return-to-libya-9978c07d1240
2018-11-16,"AYS Daily Digest 15/11/2018: “I Would Rather Die On This Cargo Ship [Than Return to Libya]”",https://medium.com/are-you-syrious/ays-daily-digest-15-11-2018-i-would-rather-die-on-this-cargo-ship-than-return-to-libya-3815eb14ccab
2018-11-15,"AYS Daily Digest 14/11/18: How to burn the EU funds",https://medium.com/are-you-syrious/ays-daily-digest-14-11-18-how-to-burn-the-eu-funds-aef1e1e874a5
2018-11-14,"AYS Daily Digest 13/11/18: Evictions, deportations and violence abuse testimonies",https://medium.com/are-you-syrious/ays-daily-digest-13-11-18-evictions-deportations-and-violence-abuse-testimonies-7df2d0dea819
2018-11-13,"AYS SPECIAL: Witnessing a pushback",https://medium.com/are-you-syrious/ays-special-witnessing-a-pushback-c52523048b2f
2018-11-13,"AYS DAILY DIGEST 12/11/2018: Fortress Europe has taken more lives",https://medium.com/are-you-syrious/ays-daily-digest-12-11-2018-fortress-europe-has-taken-more-lives-8f901edb00fd
2018-11-13,"AYS DAILY DIGEST 12/11/2018: Fortress Europe took more lives",https://medium.com/are-you-syrious/ays-daily-digest-12-11-2018-fortress-europe-took-more-lives-5afadf594ff9
2018-11-12,"AYS Weekend Digest 10–11/11/18 Racist attacks on AYS Integration Centre",https://medium.com/are-you-syrious/ays-weekend-digest-10-11-11-18-racist-attacks-on-ays-integration-centre-4a151a5ae435
2018-11-12,"AYS Weekend Digest 10-11/11/18 Racist attacks on AYS Integration Centre",https://medium.com/are-you-syrious/ays-weekend-digest-10-11-11-18-racist-attacks-on-ays-integration-centre-9625a9d4858b
2018-11-11,"AYS SPECIAL: “It’s Been A Long Time.”",https://medium.com/are-you-syrious/ays-special-its-been-a-long-time-65bce90b97bd
2018-11-11,"AYS SPECIAL: “It’s Been A Long Time.”",https://medium.com/are-you-syrious/ays-special-its-been-a-long-time-d10f12b2265b
2018-11-10,"AYS Daily Digest 09.11.18: Crisis on Samos",https://medium.com/are-you-syrious/ays-daily-digest-09-11-18-crisis-on-samos-930f63c8252d
2018-11-10,"AYS Daily Digest 09.11.18: Crisis on Samos",https://medium.com/are-you-syrious/ays-daily-digest-09-11-18-crisis-on-samos-9a216ea2a180
2018-11-09,"AYS Daily Digest 08/11/2018: Hundreds Demonstrate as 7 Activists face 10 years in Prison in France",https://medium.com/are-you-syrious/ays-daily-digest-08-11-2018-hundreds-demonstrate-as-7-activists-face-10-years-in-prison-in-france-ed566b99f22b
2018-11-08,"AYS Dialy Digest 07/11/2018 — Riace: What happens now?",https://medium.com/are-you-syrious/ays-dialy-digest-07-11-2018-riace-what-happens-now-3fe4327ffaf2
2018-11-07,"AYS DAILY DIGEST 06/11/18: After latest tragedy, death toll in Mediterranean reaches 2000 this year",https://medium.com/are-you-syrious/ays-daily-digest-06-11-18-after-latest-tragedy-death-toll-in-mediterranean-reaches-2000-this-year-2bc994b09e44
2018-11-06,"AYS Daily Digest 05/11/18: Ventimiglia echoes Balkan route issues",https://medium.com/are-you-syrious/ays-daily-digest-05-11-18-ventimiglia-echoes-balkan-route-issues-67cd0a92b50
2018-11-06,"AYS Daily Digest 05/11/18: Ventimiglia echoes Balkan route issues",https://medium.com/are-you-syrious/ays-daily-digest-05-11-18-ventimiglia-echoes-balkan-route-issues-a61743f055c5
2018-11-05,"AYS Weekend Digest 3–4/11/2018: Fake news and hate propaganda in Austrian media",https://medium.com/are-you-syrious/ays-weekend-digest-3-4-11-2018-fake-news-and-hate-propaganda-in-austrian-media-3ffb8e1413f6
2018-11-04,"ILLEGAL PUSH-BACKS AND BORDER VIOLENCE REPORT",https://medium.com/are-you-syrious/illegal-push-backs-and-border-violence-report-e5741e95f835
2018-11-03,"AYS Daily Digest 02/11/2018: For refugees, mental health care access is crucial",https://medium.com/are-you-syrious/ays-daily-digest-02-11-2018-for-refugees-mental-health-care-access-is-crucial-60f9b2c16916
2018-11-03,"AYS Daily Digest 02/11/2018: For refugees, mental health care access is crucial",https://areyousyrious.medium.com/ays-daily-digest-02-11-2018-for-refugees-mental-health-care-access-is-crucial-9d12deab3f89
2018-11-01,"AYS Daily Digest 31/10/2018: No Policy About Us Without Us.",https://medium.com/are-you-syrious/ays-daily-digest-31-10-2018-no-policy-about-us-without-us-3970466bf4e1
2018-10-31,"AYS Daily Digest 30/10/18: Repressive migration policies’ effect on the rights of minors and…",https://medium.com/are-you-syrious/ays-daily-digest-30-10-18-repressive-migration-policies-effect-on-the-rights-of-minors-and-67cd110991cc
2018-10-31,"AYS Daily Digest 30/10/18: Repressive migration policies’ affect on the rights of minors and…",https://medium.com/are-you-syrious/ays-daily-digest-30-10-18-repressive-migration-policies-affect-on-the-rights-of-minors-and-3e4c20b781b6
2018-10-30,"AYS Daily Digest 29/10/2018: Calais, 2 years after the eviction of the Jungle",https://medium.com/are-you-syrious/ays-daily-digest-29-10-2018-calais-2-years-after-the-eviction-of-the-jungle-6d79c78a2463
2018-10-30,"AYS Daily Digest 29/10/2018: Calais, 2 year after the eviction of the Jungle",https://medium.com/are-you-syrious/ays-daily-digest-29-10-2018-calais-2-year-after-the-eviction-of-the-jungle-f686b5f8c2ab
2018-10-29,"AYS Weekend Digest 27–28/10/2018 Volunteers report from the Bosnian-Croatian border",https://medium.com/are-you-syrious/ays-weekend-digest-27-28-10-2018-volunteers-report-from-the-bosnian-croatian-border-4fba554e3845
2018-10-29,"AYS Weekend Digest 27–28/10/2018 Volunteers report from the Bosnian-Croatian border",https://medium.com/are-you-syrious/ays-weekend-digest-27-28-10-2018-volunteers-report-from-the-bosnian-croatian-border-d6b6bde140f8
2018-10-27,"AYS DAILY DIGEST 26/10/2018: Money over lives: the consistent trend in Europe",https://medium.com/are-you-syrious/ays-daily-digest-26-10-2018-money-over-lives-the-consistent-trend-in-europe-d9bae566c11a
2018-10-27,"AYS DAILY DIGEST 26/10/2018: Money over lives: the consistent trend in Europe",https://medium.com/are-you-syrious/ays-daily-digest-26-10-2018-money-over-lives-the-consistent-trend-in-europe-e1990769128b
2018-10-26,"AYS Daily Digest 25/10/18: Medical racism on Chios",https://medium.com/are-you-syrious/ays-daily-digest-25-10-18-medical-racism-on-chios-8b705edd4374
2018-10-26,"AYS Daily Digest 25.10.18: Medical Racism on Chios",https://medium.com/are-you-syrious/ays-daily-digest-25-10-18-medical-racism-on-chios-8b44be801d30
2018-10-25,"AYS Daily Digest 24/10/2018: People call for borders to open",https://medium.com/are-you-syrious/ays-daily-digest-24-10-2018-people-call-for-border-with-croatia-to-open-1f89ada99b67
2018-10-23,"AYS Daily Digest 22/10/18: Desperate steps towards the Croatian border",https://medium.com/are-you-syrious/ays-daily-digest-22-10-18-desperate-steps-towards-the-croatian-border-d077061cd453
2018-10-23,"AYS Daily Digest 22/10/18: Desperate steps towards the Croatian border",https://medium.com/are-you-syrious/ays-daily-digest-22-10-18-desperate-steps-towards-the-croatian-border-cd33efd2cea1
2018-10-22,"AYS Weekend Digest 20–21/10/18: Starvation on Samos",https://medium.com/are-you-syrious/ays-weekend-digest-20-21-10-18-starvation-on-samos-f4fac652c0d3
2018-10-22,"AYS Weekend Digest 20–21/10/18: Starvation on Samos",https://medium.com/are-you-syrious/ays-weekend-digest-20-21-10-18-starvation-on-samos-5496538ac5f0
2018-10-20,"AYS DAILY DIGEST 19/10/2018: Up to 1000 people enter Bosnia daily",https://medium.com/are-you-syrious/ays-daily-digest-19-10-2018-up-to-1000-people-enter-bosnia-daily-c98082d3bfab
2018-10-19,"AYS DAILY DIGEST 18/10/2018: Another EU Council meeting, another failure",https://medium.com/are-you-syrious/ays-daily-digest-18-10-2018-another-eu-council-meeting-another-failure-f9d211912e3
2018-10-18,"AYS DAILY DIGEST 17/10/18: The Human Cost of Mismanaged Funds in Greece",https://medium.com/are-you-syrious/ays-daily-digest-17-10-18-the-human-cost-of-mismanaged-funds-in-greece-c22c181f3822
2018-10-17,"AYS Newsletter 16/10/2018 — Winter is coming on the Bosnian-Croatian border",https://medium.com/are-you-syrious/ays-newsletter-16-10-2018-winter-is-coming-on-the-bosnian-croatian-border-b575e01acd0c
2018-10-16,"AYS DAILY DIGEST 15/10/2018: Thousands at risk of loosing support",https://medium.com/are-you-syrious/ays-daily-digest-15-10-2018-thousands-at-risk-of-loosing-support-7d41b85d8c7d
2018-10-15,"AYS digest 13–14.10.2018: One rape a week in Moria camp",https://medium.com/are-you-syrious/ays-digest-13-14-10-2018-one-rape-a-week-in-moria-camp-909b8024fba7
2018-10-15,"AYS digest 13./14.10.2018: One rape a week in Moria camp",https://medium.com/are-you-syrious/ays-digest-13-14-10-2018-one-rape-a-week-in-moria-camp-d7779808534c
2018-10-13,"AYS DAILY DIGEST 12/10/2018: 800 people arrived in October to Samos",https://medium.com/are-you-syrious/ays-daily-digest-12-10-2018-800-people-arrived-in-october-to-samos-6e92c0420819
2018-10-13,"AYS DAILY DIGEST 12/10/2018: 800 people arrived in October to Samos",https://medium.com/are-you-syrious/ays-daily-digest-12-10-2018-800-people-arrived-in-october-to-samos-9aaee6d21265
2018-10-12,"AYS DAILY DIGEST 11/10/2018: Sea-Watch aircraft Moonbird resumes operations",https://medium.com/are-you-syrious/ays-daily-digest-11-10-2018-sea-watch-aircraft-moonbird-resumes-operations-5017bc3aa9f2
2018-10-11,"AYS Daily Digest 10/10/2018: 3 Women Found Brutally Murdered Near River Evros, Greece",https://medium.com/are-you-syrious/ays-daily-digest-10-10-2018-3-women-found-brutally-murdered-near-river-evros-greece-8b25340d6d64
2018-10-10,"AYS NEWSLETTER 09/10/18: Winter is coming and help is needed",https://medium.com/are-you-syrious/ays-newsletter-09-10-18-winter-is-coming-and-help-is-needed-56852d7715f7
2018-10-10,"AYS DAILY DIGEST 09/10/18: Winter is coming and help needed",https://medium.com/are-you-syrious/ays-daily-digest-09-10-18-winter-is-coming-and-help-needed-c1c34454b4d9
2018-10-09,"AYS DAILY DIGEST 08/10/18: Greek Prosecutor opens investigation into misuse of EU funds meant for…",https://medium.com/are-you-syrious/ays-daily-digest-08-10-18-greek-prosecutor-opens-investigation-into-misuse-of-eu-funds-meant-for-3cb07bc704c8
2018-10-08,"AYS WEEKEND DIGEST 6/7.10.2018: Are we strong enough to say No Pasarán together?",https://medium.com/are-you-syrious/ays-weekend-digest-6-7-10-2018-are-we-strong-enough-to-say-no-pasar%C3%A1n-together-70be61b8788c
2018-10-08,"AYS WEEKEND DIGEST 6/7.10.2018: Are we strong enough to say no pasarán together?",https://medium.com/are-you-syrious/ays-weekend-digest-6-7-10-2018-are-we-strong-enough-to-say-no-pasar%C3%A1n-together-cdde7c955889
2018-10-06,"AYS DAILY DIGEST 05/10/2018: Croatian police deny any wrongdoing or illegal pushbacks…",https://medium.com/are-you-syrious/ays-daily-digest-05-10-2018-croatian-police-deny-any-wrongdoing-or-illegal-pushbacks-e5fb99a85829
2018-10-06,"AYS DAILY DIGEST 05/10/2018: Croatian police deny any wrongdoing or illegal pushbacks",https://medium.com/are-you-syrious/ays-daily-digest-05-10-2018-croatian-police-deny-any-wrongdoing-or-illegal-pushbacks-c887ec2c3a2f
2018-10-05,"AYS SPECIAL: Violence at the EU border: “It is a crime!”",https://medium.com/are-you-syrious/ays-special-violence-at-the-eu-border-it-is-a-crime-3228533e511c
2018-10-05,"AYS SPECIAL: EU BORDER VIOLENCE (Update from Bosnian-Croatian border fro September)",https://medium.com/are-you-syrious/ays-special-eu-border-violence-update-from-bosnian-croatian-border-fro-september-3f2a6227d383
2018-10-05,"AYS Daily Digest 04/10/18: Greek director of refugee camps is fired for advocating for refugees",https://medium.com/are-you-syrious/ays-daily-digest-04-10-18-greek-director-of-refugee-camps-is-fired-for-advocating-for-refugees-ea63c9d5018
2018-10-04,"AYS DAILY DIGEST 03/10/2018: VICTORY FOR DUBS AMENDMENT IN UK COURT OF APPEALS",https://medium.com/are-you-syrious/ays-daily-digest-03-10-2018-victory-for-dubs-amendment-in-uk-court-of-appeals-2bcc3a37ab
2018-10-03,"AYS NEWSLETTER 02/10/2018: Hands off Mimmo Lucano! AYS expresses solidarity with the mayor of Riace",https://medium.com/are-you-syrious/ays-newsletter-02-10-2018-hands-off-mimmo-lucano-ays-expresses-solidarity-with-the-mayor-of-riace-359b22b89400
2018-10-03,"AYS DAILY DIGEST 02/10/2018: Hands off Mimmo Lucano!",https://medium.com/are-you-syrious/ays-daily-digest-02-10-2018-hands-off-mimmo-lucano-ea5ea1bc3270
2018-10-02,"AYS digest 1/10/2018: Death toll in Mediterranean reaches a historic high",https://medium.com/are-you-syrious/ays-digest-1-10-2018-death-toll-in-mediterranean-reaches-a-historic-high-e71170e3f7ac
2018-10-01,"AYS WEEKEND DIGEST 29–30/09/18: Fighting the poison of “saving people.”",https://medium.com/are-you-syrious/ays-weekend-digest-28-29-09-18-fighting-the-poison-of-saving-people-730124eabc77
2018-10-01,"AYS WEEKEND DIGEST 29–30/09/18: Fighting the poison of “saving people.”",https://medium.com/are-you-syrious/ays-weekend-digest-28-29-09-18-fighting-the-poison-of-saving-people-636dcad40e9d
2018-09-29,"AYS DAILY DIGEST 28/9/2018: Syrians are the biggest groups among new arrivals in Europe",https://medium.com/are-you-syrious/ays-daily-digest-28-9-2018-syrians-are-the-biggest-groups-among-new-arrivals-in-europe-303946541780
2018-09-28,"AYS DAILY DIGEST 27/9/2018: With the winter approaching, help is need all over Europe",https://medium.com/are-you-syrious/ays-daily-digest-27-9-2018-with-the-winter-approaching-help-is-need-all-over-europe-17644056aa16
2018-09-27,"AYS DAILY DIGEST 26/09/2018: Unaccompanied 18 year-old boy forced to sleep rough in Bosnia and…",https://medium.com/are-you-syrious/ays-daily-digest-26-09-2018-unaccompanied-18-year-old-boy-forced-to-sleep-rough-in-bosnia-and-c5be03ff21c3
2018-09-26,"AYS DAILY DIGEST 25/09/18: STATEMENT ON A UNJUST VERDICT AGAINST AYS VOLUNTEER",https://areyousyrious.medium.com/ays-daily-digest-25-09-18-statement-on-a-unjust-verdict-against-ays-volunteer-b91baab377ba
2018-09-24,"AYS NEWSLETTER: Weekend Digest 22-23/9/2018 Asylum seekers in Albania held in prison-like…",https://medium.com/are-you-syrious/ays-newsletter-weekend-digest-22-23-9-2018-asylum-seekers-in-albania-held-in-prison-like-1db808aa759d
2018-09-22,"AYS DAILY DIGEST 21/09/2018: International Day of Peace in 2018, Human Rights in Pieces.",https://medium.com/are-you-syrious/ays-daily-digest-21-09-2018-international-day-of-peace-in-2018-human-rights-in-pieces-3fb71ab68f95
2018-09-22,"AYS DAILY DIGEST 21/09/2018: International Day of Peace in 2018, Human Rights in Pieces.",https://medium.com/are-you-syrious/ays-daily-digest-21-09-2018-international-day-of-peace-in-2018-human-rights-in-pieces-b15003398ed4
2018-09-20,"AYS Daily Digest 19/09/2018: At Salzburg Summit, EU leaders once more push border externalization",https://medium.com/are-you-syrious/ays-daily-digest-19-09-2018-at-salzburg-summit-eu-leaders-once-more-push-border-externalization-78410a342d4e
2018-09-20,"AYS Daily Digest 19/09/2018: At Salzburg Summit, EU leaders once more push border externalization",https://areyousyrious.medium.com/ays-daily-digest-19-09-2018-at-salzburg-summit-eu-leaders-once-more-push-border-externalization-af196c943744
2018-09-19,"AYS Daily Digest 18/9/18: Reports of Human Rights violations in Morocco",https://medium.com/are-you-syrious/ays-daily-digest-18-9-18-reports-of-human-rights-violations-in-morocco-e596d712b9ef
2018-09-18,"AYS Daily Digest 17/9/18: Emergency evacuation desperately needed for people in Moria",https://medium.com/are-you-syrious/ays-daily-digest-17-9-18-emergency-evacuation-desperately-needed-for-people-in-moria-c7c7a93bcada
2018-09-17,"AYS NEWSLETTER: Weekend Digest 15–16/09/18: Rome refuses to rescue 100 people",https://medium.com/are-you-syrious/ays-newsletter-weekend-digest-15-16-09-18-rome-refuses-to-rescue-100-people-d83f23b5bc90
2018-09-17,"AYS Weekend Digest 15-16/09/18: Rome refuses to rescue 100 people",https://medium.com/are-you-syrious/ays-weekend-edition-digest-16-09-18-rome-refuses-to-rescue-100-people-libyan-coast-guard-brings-8ea9ea4102bf
2018-09-15,"AYS DAILY DIGEST 14/09/18: Refugees trapped in limbo",https://medium.com/are-you-syrious/ays-daily-digest-14-09-18-refugees-trapped-in-limbo-68c47a16d9f5
2018-09-14,"AYS Special from Northern France: Odyssee of evictions",https://medium.com/are-you-syrious/ays-special-from-northern-france-odyssee-of-evictions-9915de526389
2018-09-14,"AYS DAILY DIGEST 13/9/2018: Dire living conditions for migrants in Brussels.",https://medium.com/are-you-syrious/ays-daily-digest-13-9-2018-dire-living-conditions-for-migrants-in-brussels-f8a254f336db
2018-09-13,"AYS NEWSLETTER: Violent Robberies and Deportations of Refugees in Greece’s Evros Region",https://medium.com/are-you-syrious/ays-newsletter-violent-robberies-and-deportations-of-refugees-in-greeces-evros-region-e492823a2934
2018-09-13,"AYS DAILY DIGEST 12/09/18: A reinforced EU Agency for Asylum",https://medium.com/are-you-syrious/ays-daily-digest-12-09-18-a-reinforced-eu-agency-for-asylum-60784a87cbfd
2018-09-12,"AYS DAILY DIGEST 11/09/18: Human rights violations across Europe, strongly worded statements, and…",https://medium.com/are-you-syrious/ays-daily-digest-11-09-18-human-rights-violations-across-europe-strongly-worded-statements-and-d0a9b401270d
2018-09-12,"AYS DAILY DIGEST 11/09/18: Human rights violations across Europe, strongly worded statements, and…",https://areyousyrious.medium.com/ays-daily-digest-11-09-18-human-rights-violations-across-europe-strongly-worded-statements-and-ece45c902745
2018-09-11,"AYS Newsletter: AYS SPECIAL from Bosnia — The game",https://medium.com/are-you-syrious/ays-newsletter-ays-special-from-bosnia-the-game-bdcadd6b9c3
2018-09-11,"AYS SPECIAL: Violent Robberies and Forced Returns of Refugees in Greece’s Evros Region",https://medium.com/are-you-syrious/ays-special-violent-robberies-and-deportations-of-refugees-in-greeces-evros-region-2056ba6195b0
2018-09-11,"AYS DAILY DIGEST 10/9/2018: The end of Moria?",https://medium.com/are-you-syrious/ays-daily-digest-10-9-2018-the-end-of-moria-4c58607d53e5
2018-09-10,"AYS SPECIAL from Bosnia: The game",https://medium.com/are-you-syrious/ays-special-from-bosnia-the-game-5a56eb2e9a6e
2018-09-10,"AYS Weekend Digest 08–09/09/18: UNHCR Finally States the Obvious — Libya is not safe for refugees!",https://medium.com/are-you-syrious/ays-weekend-digest-08-09-09-18-unhcr-finally-states-the-obvious-libya-is-not-safe-for-refugees-ba86caea16e1
2018-09-08,"AYS DAILY DIGEST 07/09/2018: Detainees from the ship Diciotti again persecuted",https://medium.com/are-you-syrious/ays-daily-digest-07-09-2018-detainees-from-the-ship-diciotti-again-persecuted-324281bb96fe
2018-09-07,"Illegal push-backs and border violence from the EU external borders to Bosnia",https://medium.com/are-you-syrious/illegal-push-backs-and-border-violence-from-the-eu-external-borders-to-bosnia-5f2ef2b941f
2018-09-06,"AYS DAILY DIGEST 5/9/2018: The Dunkirk jungle is about to be cleared",https://medium.com/are-you-syrious/ays-daily-digest-5-9-2018-the-dunkirk-jungle-is-about-to-be-cleared-ae50c46035e6
2018-09-05,"AYS SPECIAL from Chios: Dangerous rumors in the refugee camp of Vial",https://medium.com/are-you-syrious/ays-special-from-chios-dangerous-rumors-in-the-refugee-camp-of-vial-de66afd7ac10
2018-09-04,"AYS SPECIAL from Chios: Dangerous rumors in the refugee camp of Vial",https://medium.com/are-you-syrious/ays-special-from-chios-dangerous-rumors-in-the-refugee-camp-of-vial-1809674cbd68
2018-09-04,"AYS SPECIAL: A midsummer night in Ventimiglia.",https://medium.com/are-you-syrious/ays-special-a-midsummer-night-in-ventimiglia-5317b3df7fe7
2018-09-03,"AYS SPECIAL from Athens: “We were forced to go illegally.”",https://medium.com/are-you-syrious/ays-special-from-athens-we-were-forced-to-go-illegally-a81d6856f217
2018-09-02,"AYS Daily Digest 31/08/18: Immigration detention in Libya a “Human Rights Crisis”",https://medium.com/are-you-syrious/ays-daily-digest-31-08-18-immigration-detention-in-libya-a-human-rights-crisis-b402f1a8acd
2018-09-01,"AYS SPECIAL from Athens: “We were forced to go illegally.”",https://medium.com/are-you-syrious/ays-special-from-athens-we-were-forced-to-go-illegally-a002cf09990f
2018-08-31,"AYS SPECIAL: A midsummer night in Ventimiglia.",https://medium.com/are-you-syrious/ays-special-a-midsummer-night-in-ventimiglia-d5b618d694ba
2018-08-31,"AYS Daily Digest 30/08/2018: Reception centre in Messina, Sicily, denounced for irregularities…",https://medium.com/are-you-syrious/ays-daily-digest-30-8-2018-reception-centre-in-messina-sicily-denounced-for-irregularities-40ea8fd8ff03
2018-08-30,"AYS Daily Digest 29/08/18: Tunisia badly prepared for a potentially increasing influx of refugees…",https://medium.com/are-you-syrious/ays-daily-digest-29-08-18-tunisia-badly-prepared-for-a-potentially-increasing-influx-of-refugees-7cdba2c8a117
2018-08-29,"AYS Daily Digest 28/08/18: 30 volunteers in Greece accused of conspiring in human trafficking…",https://medium.com/are-you-syrious/ays-daily-digest-28-08-18-30-volunteers-in-greece-accused-of-conspiring-in-human-trafficking-5c0f19998b03
2018-08-27,"AYS Weekend Digest 25–26/08/2018: 177 people from the ship Diciotti finally free",https://medium.com/are-you-syrious/ays-weekend-digest-25-26-08-2018-177-people-from-the-ship-diciotti-finally-free-cafedcdc715d
2018-08-25,"AYS DAILY DIGEST 24/08/2018: Let people off the Diciotti ship",https://medium.com/are-you-syrious/ays-daily-digest-24-08-2018-let-people-off-the-diciotti-ship-ff2f955e782c
2018-08-23,"AYS DAILY DIGEST 22/08/2018: FRONTEX celebrates as people suffer",https://medium.com/are-you-syrious/ays-daily-digest-23-08-2018-frontex-celebrates-as-people-suffer-2db7e3d40d03
2018-08-20,"AYS Weekend Digest 18-19/08/18: AYS volunteers bullied by police in Sarajevo",https://medium.com/are-you-syrious/ays-weekend-digest-18-19-08-18-ays-volunteers-bullied-by-police-in-sarajevo-ccfe63b6984c
2018-08-18,"AYS SPECIAL from Bihać and Velika Kladuša: Games of batons",https://medium.com/are-you-syrious/ays-special-from-biha%C4%87-and-velika-kladu%C5%A1a-games-of-batons-14566303da55
2018-08-17,"AYS Daily Digest 16/08/2018: Discrimination makes people think about going back to Syria",https://medium.com/are-you-syrious/ays-daily-digest-16-8-2018-discrimination-makes-people-think-about-going-back-to-syria-498a86fb95e1
2018-08-16,"AYS Daily Digest 15/08/2018: Criticism and relief after Aquarius finally granted port of safety",https://medium.com/are-you-syrious/ays-daily-digest-15-08-2018-criticism-and-relief-after-aquarius-finally-granted-port-of-safety-291288327c8a
2018-08-15,"AYS DAILY DIGEST 14/8/2018: Police continues to harass refugees in France",https://medium.com/are-you-syrious/ays-daily-digest-14-8-2018-police-continues-to-harass-refugees-in-france-5d3b0c001d62
2018-08-15,"AYS DAILY DIGEST 14/8/2018: Police continues to harass refugees in France",https://medium.com/are-you-syrious/ays-daily-digest-14-8-2018-police-continues-to-harass-refugees-in-france-f6a40e37bec7
2018-08-14,"AYS DAILY DIGEST 13.08.2018: Shell Games as 141 souls are kept on the Aquarius again.",https://medium.com/are-you-syrious/ays-daily-digest-13-08-2018-shell-games-as-141-souls-are-kept-on-the-aquarius-again-63059b8ba98c
2018-08-13,"AYS SPECIAL from Bosnia: Violent push-backs of women from Croatia and Slovenia",https://medium.com/are-you-syrious/ays-special-from-bosnia-violent-push-backs-of-women-from-croatia-and-slovenia-33ed704f87ef
2018-08-13,"AYS Daily Digest 12/08/18: Another Week, Another Rescue Ship Stranded",https://medium.com/are-you-syrious/ays-daily-digest-12-08-18-another-week-another-rescue-ship-stranded-bd812e0da910
2018-08-13,"AYS SPECIAL: Violent push-backs continue across the Balkans",https://medium.com/are-you-syrious/ays-special-violent-push-backs-continue-across-the-balkans-801f5c3cbd90
2018-08-12,"AYS Daily Digest 11/08/2018: Vial Hotspot: A Shameful and Dangerous Disgrace.",https://medium.com/are-you-syrious/ays-daily-digest-11-08-2018-vial-hotspot-a-shameful-and-dangerous-disgrace-6b52718043d1
2018-08-10,"AYS Daily Digest 09/08/2018 Devastating police raids in Morocco, following in Libya’s EU funding…",https://medium.com/are-you-syrious/ays-daily-digest-09-08-2018-devastating-police-raids-in-morocco-following-in-libyas-eu-funding-afd07d2f35ff
2018-08-09,"AYS Daily Digest 08/08/2018: Damning report on huge increase in deaths at sea and detention in…",https://medium.com/are-you-syrious/ays-daily-digest-08-08-2018-damning-report-on-huge-increase-in-deaths-at-sea-and-detention-in-6bdf4e6bca0a
2018-08-09,"AYS Daily Digest 08/08/2018: Damning report on huge increase in deaths at sea and detention in…",https://areyousyrious.medium.com/ays-daily-digest-08-08-2018-damning-report-on-huge-increase-in-deaths-at-sea-and-detention-in-5d8493b26e59
2018-08-08,"AYS Daily Digest 07/08/2018: This is not a welcome Europe — but it could be",https://medium.com/are-you-syrious/ays-daily-digest-07-08-2018-this-is-not-a-welcome-europe-but-it-could-be-210a1675b041
2018-08-05,"AYS DAILY DIGEST 4/8/2018: The EU member states are deporting children to Afghanistan",https://medium.com/are-you-syrious/ays-daily-digest-4-8-2018-the-eu-member-states-are-deporting-children-to-afghanistan-df0152e3ec4
2018-08-05,"Report about violance and illigal push backs from Croatian and Slovenian border",https://medium.com/are-you-syrious/report-about-violance-and-illigal-push-backs-from-croatian-and-slovenian-border-109636d6e86b
2018-08-05,"AYS SPECIAL FROM IRAQ: Four years after genocide against Yazidis",https://medium.com/are-you-syrious/ays-special-from-iraq-four-years-after-genocide-against-jazidis-e0c1173463dd
2018-08-05,"AYS DAILY DIGEST 4/8/2018: The EU member states are deporting children to Afghanistan",https://medium.com/are-you-syrious/ays-daily-digest-4-8-2018-the-eu-member-states-are-deporting-children-to-afghanistan-547752172cb9
2018-08-04,"ILLEGAL PUSH-BACKS AND BORDER VIOLENCE REPORTS, VELIKA KLADUŠA (BOSNIA AND HERCEGOVINA), JULY 2018",https://medium.com/are-you-syrious/illegal-push-backs-and-border-violence-reports-velika-kladu%C5%A1a-bosnia-and-hercegovina-july-2018-da04fe8784de
2018-08-04,"AYS DAILY DIGEST 03/08/2018: Safe Harbours for All",https://medium.com/are-you-syrious/ays-daily-digest-03-08-2018-safe-harbours-for-all-ec84729fbaf7
2018-08-04,"AYS DAILY DIGEST 03/08/2018: Safe Harbours for All",https://medium.com/are-you-syrious/ays-daily-digest-04-08-2018-safe-harbours-for-all-a5c18bcff3db
2018-08-03,"AYS Daily Digest 02/08/18: 700 people die in Mediterranean in past six weeks alone",https://medium.com/are-you-syrious/ays-daily-digest-02-08-18-700-people-died-in-the-med-just-in-the-past-6-weeks-71115406db99
2018-08-03,"AYS Daily Digest 02/08/18: 700 people die in Mediterranean in past six weeks alone",https://medium.com/are-you-syrious/ays-daily-digest-02-08-18-700-people-died-in-the-med-just-in-the-past-6-weeks-cb37ab4deadb
2018-08-02,"AYS DAILY DIGEST 01/08/18: Greece to receive more emergency funding to improve standards",https://medium.com/are-you-syrious/ays-daily-digest-01-08-18-greece-to-receive-more-emergency-funding-to-improve-standards-c7fbda54f7c1
2018-08-02,"AYS DAILY DIGEST 01/08/18: Greece to receive more emergency funding to improve standards",https://medium.com/are-you-syrious/ays-daily-digest-01-08-18-greece-to-receive-more-emergency-funding-to-improve-standards-de995b88546b
2018-08-01,"AYS DAILY DIGEST 31/7/2018: Italy violate the basic human rights of people on the move",https://medium.com/are-you-syrious/ays-daily-digest-31-7-2018-italy-violate-the-basic-human-rights-of-people-on-the-move-6f2feba22be
2018-07-31,"AYS Daily Digest 30/07/18: Children are victims of slavery in Italy",https://medium.com/are-you-syrious/ays-daily-digest-30-07-18-children-are-victims-of-slavery-in-italy-6f66955852ad
2018-07-30,"DAILY DIGEST 29/7/2018",https://medium.com/are-you-syrious/daily-digest-29-7-2018-3a2674827b7
2018-07-29,"AYS DAILY DIGEST 28/7/2018",https://medium.com/are-you-syrious/ays-daily-digest-28-7-2018-330122c494fe
2018-07-28,"AYS DAILY DIGEST 27/07/2018: Spain overtakes Italy as main point of entry",https://medium.com/are-you-syrious/ays-daily-digest-27-07-2018-spain-overtakes-italy-as-main-point-of-entry-5252f15d6730
2018-07-27,"AYS DAILY DIGEST 26/7/18: Spain with the largest number of new arrivals in 2018, police clashes at…",https://medium.com/are-you-syrious/daily-digest-july-26th-2018-6aa3fd0d26fe
2018-07-26,"AYS DAILY DIGEST 25/7/18: EC moves forward with suggestions on ‘controlled centers’ and external…",https://medium.com/are-you-syrious/ays-daily-digest-25-7-18-ec-moves-forward-with-suggestions-on-external-centers-and-platforms-566e32f69432
2018-07-25,"AYS DAILY DIGEST",https://medium.com/are-you-syrious/ays-daily-digest-997db1c452ea
2018-07-25,"AYS SPECIAL from Bosnia: “The game” that leads to the European Union",https://medium.com/are-you-syrious/ays-special-from-bosnia-the-game-that-leads-to-european-union-f6d8bf229d76
2018-07-25,"AYS DAILY DIGEST 24/07/18: Wildfires and Solidarity in Greece",https://medium.com/are-you-syrious/ays-daily-digest-24-07-18-wildfires-and-solidarity-in-greece-235e72458d2a
2018-07-23,"AYS Daily Digest 22.07.18: Asylum Cases Backlogged for Years on Lesvos",https://medium.com/are-you-syrious/ays-daily-digest-22-07-18-asylum-cases-backlogged-for-years-on-lesvos-8e41f73b9eb5
2018-07-22,"AYS DAILY DIGEST 21/07/18: Syria is safe now? Russia, the US think maybe…",https://medium.com/are-you-syrious/ays-daily-digest-21-07-18-syria-is-safe-now-russia-the-us-think-maybe-84acb23d6cc1
2018-07-21,"AYS Daily Digest 20/07/2018: Bodies of Woman and Child Abandoned at Sea by Libyan Coast Guard to be…",https://medium.com/are-you-syrious/ays-daily-digest-20-07-2018-bodies-of-woman-and-child-abandoned-at-sea-by-libyan-coast-guard-to-be-7268f4c84d27
2018-07-21,"AYS Daily Digest 20/07/2018: Bodies of Woman and Child Abandoned at Sea by Libyan Coast Guard to be…",https://medium.com/are-you-syrious/ays-daily-digest-20-07-2018-proactiva-open-arms-returns-bodies-of-woman-and-child-abandoned-at-sea-14e7a933d03b
2018-07-21,"AYS Daily Digest 20/07/2018:",https://areyousyrious.medium.com/ays-daily-digest-20-07-2018-fd71261bc2af
2018-07-20,"19/7/18 Pushbacks from Slovenia: Undeniable Abuse",https://medium.com/are-you-syrious/19-7-18-pushbacks-from-slovenia-undeniable-abuse-fa5186cbb4c2
2018-07-19,"AYS Daily Digest 18/07/2018: Turkey stops registering newly arriving Syrians",https://medium.com/are-you-syrious/ays-daily-digest-18-7-2018-turkey-stops-registering-newly-arriving-syrians-eaeb63744d16
2018-07-18,"AYS DAILY DIGEST 17/7/2018: The situation in Bosnia — from bad to worse",https://medium.com/are-you-syrious/ays-daily-digest-17-7-2018-the-situation-in-bosnia-from-bad-to-worse-ac9ec889a649
2018-07-17,"AYS DAILY DIGEST 16/7/2018: Six children suffocated while dreaming to reach Europe",https://medium.com/are-you-syrious/ays-daily-digest-16-7-2018-six-children-suffocated-while-dreaming-to-reach-europe-557b70b2e4f8
2018-07-17,"AYS DAILY DIGEST 16/7/2018: Six children suffocated while dreaming to reach Europe",https://areyousyrious.medium.com/ays-daily-digest-16-7-2018-six-children-suffocated-while-dreaming-to-reach-europe-38e2e1ec9d40
2018-07-16,"AYS Daily Digest 15/07/2018 Not Gay Enough",https://medium.com/are-you-syrious/ays-daily-digest-15-07-2018-not-gay-enough-8c6b2a4ab971
2018-07-14,"AYS Daily Digest 13/7/2018: European failure in numbers",https://medium.com/are-you-syrious/daily-digest-13-7-2018-european-failure-in-numbers-97f6194f80cf
2018-07-13,"AYS Daily Digest 12/07/2018: Universal obligations ignored to instead criminalize victims",https://medium.com/are-you-syrious/ays-daily-digest-12-7-2018-universal-obligations-ignored-to-instead-criminalize-victims-4d56889115e1
2018-07-12,"AYS DAILY DIGEST 11/07/2018: “World Champions in letting people drown”",https://areyousyrious.medium.com/ays-daily-digest-11-07-2018-world-champions-in-letting-people-drown-90950ad45a3c
2018-07-10,"AYS Daily Digest 09/07/2018: 5 Persons from Committee of the Sans Papiers Paris Arrested in Calais",https://medium.com/are-you-syrious/ays-daily-digest-09-07-2018-5-persons-from-committee-of-the-sans-papiers-paris-arrested-in-calais-3d9abf3dec32
2018-07-10,"AYS SPECIAL: Lessons to be learned from Italy",https://medium.com/are-you-syrious/ays-special-lessons-to-be-learned-from-italy-95bf199b8bd5
2018-07-09,"AYS Daily Digest 8/7/2018 Morocco: a dangerous precedent",https://medium.com/are-you-syrious/ays-daily-digest-8-7-2018-morocco-a-dangerous-precedent-bc43bab13265
2018-07-08,"AYS Daily Digest 07/07/2018 “Human life is inviolable” Art. 1 of the EU Charter",https://medium.com/are-you-syrious/ays-daily-digest-07-07-2018-human-life-is-inviolable-art-1-of-the-eu-charter-5654dd033db7
2018-07-07,"AYS DAILY DIGEST 6/07/2018: Solidarity is not a crime!",https://medium.com/are-you-syrious/ays-daily-digest-6-07-2018-solidarity-is-not-a-crime-b22bf179695a
2018-07-06,"AYS Daily Digest 05/07/18: Aegean Island detention camps grow more overcrowded",https://medium.com/are-you-syrious/ays-daily-digest-05-07-18-aegean-island-detention-camps-grow-more-overcrowded-ca0d03c3274d
2018-07-04,"AYS Daily Digest: 03.06.2018:",https://medium.com/are-you-syrious/ays-daily-digest-03-06-2018-5d5069eb75c3
2018-07-04,"AYS Daily Digest: 03.06.2018:",https://medium.com/are-you-syrious/ays-daily-digest-03-06-2018-46b70c888099
2018-07-03,"AYS SPECIAL from Chios: Truth about hotspot Vial",https://medium.com/are-you-syrious/ays-special-from-chios-truth-about-hotspot-vial-616a5e852a80
2018-07-03,"DAILY DIGEST 2/7/2018: Germany to establish closed centers near its border with Austria",https://medium.com/are-you-syrious/daily-digest-2-7-2018-germany-to-establish-closed-centers-near-its-border-with-austria-8b9e0a0f7f68
2018-07-02,"AYS daily digest 1/7/2018: Norway deports a journalist to Kabul, he comes back only to be beaten by…",https://areyousyrious.medium.com/ays-daily-digest-1-7-2018-norway-deports-a-journalist-to-kabul-he-comes-back-only-to-be-beaten-by-df6044c2eee8
2018-07-02,"AYS daily digest 1/7/2018: Norway deports a journalist to Kabul, he comes back only to be beaten by…",https://medium.com/are-you-syrious/ays-daily-digest-1-7-2018-norway-deports-a-journalist-to-kabul-he-comes-back-only-to-be-beaten-by-fed531716303
2018-07-01,"AYS Daily Digest 30/06/2018: Welcome to Europe* (Terms and Conditions May Apply)",https://medium.com/are-you-syrious/ays-daily-digest-30-06-2018-welcome-to-europe-terms-and-conditions-may-apply-de0245008a02
2018-06-30,"DAILY DIGEST 29/06/2018: Fear over compassion — the EU choice",https://medium.com/are-you-syrious/daily-digest-29-06-2018-fear-over-compassion-the-eu-choice-59f04ce16940
2018-06-29,"AYS Daily Digest 28/06/2018: Is this the Europe that we want?",https://medium.com/are-you-syrious/ays-daily-digest-28-06-2018-is-this-the-europe-that-we-want-9423bb214dfe
2018-06-28,"AYS Daily Digest 27/06/18: Union of Cowards",https://medium.com/are-you-syrious/ays-daily-digest-27-06-18-union-of-cowards-9e0344bbe715
2018-06-27,"AYS Daily Digest 26/06/2018: Inactivity and irresponsiblity",https://medium.com/are-you-syrious/ays-daily-digest-26-06-2018-inactivity-and-irresponsiblity-40250ba9c744
2018-06-26,"AYS Daily Digest 25/06/2018: Salvini Refutes Torture in Libya",https://medium.com/are-you-syrious/ays-daily-digest-25-06-2018-salvini-refutes-torture-in-libya-d5fe1efaa50a
2018-06-26,"AYS Daily Digest 25/06/2018: Salvini Refutes Torture in Libya",https://areyousyrious.medium.com/ays-daily-digest-25-06-2018-salvini-refutes-torture-in-libya-99a6610434b5
2018-06-25,"AYS Daily Digest 24/06/18: Stranded on the “Lifeline”",https://medium.com/are-you-syrious/ays-daily-digest-24-06-18-stranded-on-the-lifeline-50e63bf240de
2018-06-24,"AYS Daily Digest 23/06/2018: “Saving lives is our duty”",https://medium.com/are-you-syrious/ays-daily-digest-23-06-2018-saving-lives-is-our-duty-7b533e74897e
2018-06-22,"AYS Daily Digest 21/06/2018: Italy to seize two rescue ships",https://medium.com/are-you-syrious/ays-daily-digest-21-06-2018-italy-to-seize-two-rescue-ships-f13ad5abca47
2018-06-21,"AYS DAILY DIGEST 20/06/2018: International Day of Hypocrisy",https://medium.com/are-you-syrious/ays-daily-digest-20-06-2018-the-international-day-of-hypocrisies-966c0b922c33
2018-06-20,"AYS Daily Digest 19/06/2018: The occupants of Paris-8 University continue their struggle",https://medium.com/are-you-syrious/ays-daily-digest-19-06-2018-the-occupants-of-paris-8-university-continue-their-struggle-2e0adc893869
2018-06-19,"AYS Daily Digest 18/6/18: Children will always pay the price",https://medium.com/are-you-syrious/ays-daily-digest-children-will-always-pay-the-price-1bdc30efe126
2018-06-17,"AYS DAILY DIGEST 16/06/2018: Protect People, Not Borders",https://medium.com/are-you-syrious/ays-daily-digest-16-06-2018-protect-people-not-borders-1b8162f8c2d
2018-06-16,"AYS DAILY DIGEST 15/06/2018: Bosnia — the end of the road?",https://medium.com/are-you-syrious/ays-daily-digest-15-06-2018-bosnia-the-end-of-the-road-df98297b4594
2018-06-15,"AYS Daily Digest 14/06/18: Aquarius changes course due to bad weather",https://medium.com/are-you-syrious/ays-daily-digest-14-06-18-aquarius-changes-course-due-to-bad-weather-a03b80c644db
2018-06-14,"AYS Daily Digest 13/06/2018 EU’s disturbing priorities",https://medium.com/are-you-syrious/ays-daily-digest-13-06-2018-eus-disturbing-priorities-3539327eaa96
2018-06-13,"AYS Daily News Digest 12/6/18: Vocal Response to Italy’s refusal to accept rescued people to dock.",https://medium.com/are-you-syrious/ays-daily-news-digest-12-6-18-e93f4d761081
2018-06-12,"AYS Daily Digest 11/06/18: 629 People are Still Stranded at Sea",https://medium.com/are-you-syrious/ays-daily-digest-11-06-18-629-people-are-still-stranded-at-sea-ce505e644009
2018-06-11,"AYS Daily Digest 10/06/18: Aquarius prohibited from docking in Italy",https://medium.com/are-you-syrious/ays-daily-digest-10-06-18-aquarius-prohibited-from-docking-in-italy-d68829054a33
2018-06-10,"AYS Daily Digest 9/6/18: Dangerous fruits of the (in)securitisation",https://medium.com/are-you-syrious/ays-daily-digest-9-6-18-dangerous-fruits-of-the-in-securitisation-195b81efa3ec
2018-06-08,"AYS DAILY DIGEST 07/06/2018: Italy closes its case against Proactiva Open Arms",https://medium.com/are-you-syrious/ays-daily-digest-07-06-2018-italy-closes-its-case-against-proactiva-open-arms-bf099fff554b
2018-06-07,"AYS Daily Digest: 06.06.2018: The Rule of Lawlessness",https://medium.com/are-you-syrious/ays-daily-digest-06-06-2018-the-rule-of-lawlessness-3f0fd9e18717
2018-06-06,"AYS Daily Digest 5/6/2018 Refugees Welcome",https://medium.com/are-you-syrious/ays-daily-digest-5-6-2018-refugees-welcome-fe2801bc4206
2018-06-06,"Refugees Welcome!",https://medium.com/are-you-syrious/refugees-welcome-582caf5985ad
2018-06-04,"AYS Daily Digest 03/06/2018: And dozens more lives are lost at sea...",https://medium.com/are-you-syrious/ays-daily-digest-03-06-2018-and-dozens-more-lives-are-lost-at-sea-3c246f30f68
2018-06-04,"AYS SPECIAL: Open letter from Turkey",https://medium.com/are-you-syrious/ays-special-open-letter-from-turkey-daaf5e1f7b30
2018-06-03,"AYS SPECIAL — Oinofyta Camp: The overwhelming sense of nothingness",https://medium.com/are-you-syrious/ays-special-oinofyta-camp-the-overwhelming-sense-of-nothingness-c37d4037a65
2018-06-03,"AYS DAILY DIGEST 2/6/2018: Frontex aggressively tries to stop a vessel off Greece — report",https://medium.com/are-you-syrious/ays-daily-digest-2-6-2018-frontex-aggressively-tries-to-stop-a-vessel-off-greece-report-98bf610482c1
2018-06-02,"AYS DAILY DIGEST 1/6/2018: Who is responsible for the horror we are living in?",https://medium.com/are-you-syrious/ays-daily-digest-1-6-2018-who-is-responsible-for-the-horrow-we-are-living-in-85ee87c1c3a7
2018-06-01,"AYS Daily Digest 31/05/2018: Two refugee children shot by Croatian police",https://medium.com/are-you-syrious/ays-daily-digest-31-05-2018-two-refugee-children-shot-by-croatian-police-5c3c811e0f07
2018-05-31,"AYS Daily Digest 30/05/2018–1,016 People Evicted in Paris",https://medium.com/are-you-syrious/ays-daily-digest-30-05-2018-1-016-people-evicted-in-paris-38b1014204ec
2018-05-30,"AYS Daily Digest 29/05/18: Thugs in Uniform — When will the Calais police be held accountable?",https://medium.com/are-you-syrious/ays-daily-digest-29-05-18-thugs-in-uniform-when-will-the-calais-police-be-held-accountable-c40ca24856c7
2018-05-29,"AYS Daily Digest 28/5/18: A surge of arrivals opens new-old questions",https://medium.com/are-you-syrious/ays-daily-digest-28-5-18-a-surge-of-arrivals-opens-new-old-questions-a258790fb44c
2018-05-28,"AYS Daily Digest 27/05/2018: Nine teenage refugees attacked at secondary school in Serbia",https://medium.com/are-you-syrious/ays-daily-digest-27-05-2018-nine-teenage-refugees-attacked-at-elementary-school-in-serbia-fb80ae26f8c1
2018-05-28,"AYS SPECIAL: How to lower the money transaction costs of remittances for people on the move?",https://medium.com/are-you-syrious/ays-special-how-to-lower-the-money-transaction-costs-of-remittances-for-people-on-the-move-734d69ac2538
2018-05-26,"AYS DAILY DIGEST 25/05/2018: Another absurd deal to stop people from coming to the EU",https://medium.com/are-you-syrious/ays-daily-digest-25-05-2018-another-absurd-deal-to-stop-people-from-coming-to-the-eu-1038f888da52
2018-05-25,"AYS Daily Digest 24/05/2018: Evacuation in Grande-Synthe",https://medium.com/are-you-syrious/ays-daily-digest-24-05-2018-evacuation-in-grande-synthe-5fa33a4eafdc
2018-05-24,"AYS Special from Bosnia — The unique solidarity of Velika Kladuša",https://medium.com/are-you-syrious/ays-special-from-bosnia-the-unique-solidarity-of-velika-kladu%C5%A1a-a34ed8140357
2018-05-24,"AYS Daily Digest 23/05/2018 The many faces of the UN",https://medium.com/are-you-syrious/ays-daily-digest-23-05-2018-the-many-faces-of-the-un-690e37408a52
2018-05-23,"AYS Daily Digest 22/5/18: The number of victims of bad policies pile up",https://medium.com/are-you-syrious/ays-daily-digest-22-5-18-the-number-of-victims-of-bad-policies-pile-up-cf74626952c9
2018-05-22,"AYS Daily Digest 21.05.18: “See no Evil” is the EU Border Policy",https://medium.com/are-you-syrious/ays-daily-digest-21-05-18-see-no-evil-is-eu-border-policy-3ee5d4060880
2018-05-21,"AYS Daily Digest 20/05/2018: Hollow “victories” serve only Publicity",https://medium.com/are-you-syrious/ays-daily-digest-20-05-2018-hollow-victories-serve-only-publicity-8d204897c984
2018-05-20,"AYS DAILY DIGEST 19/05/2018: New statistics of Greek Asylum Service report extremely low number of…",https://medium.com/are-you-syrious/ays-daily-digest-19-05-2018-new-statistics-of-greek-asylum-service-report-extremely-low-number-of-4f53a55b0cf2
2018-05-19,"AYS Special: Rough road from Serbia to Bosnia",https://medium.com/are-you-syrious/ays-special-rough-road-from-serbia-to-bosnia-f18b106d8e5d
2018-05-18,"AYS Daily Digest 17/05/2018: Fortress Europe claims life of 2 year old girl in Belgium following a…",https://medium.com/are-you-syrious/ays-daily-digest-17-05-2018-fortress-europe-claims-life-of-2-year-old-girl-in-belgium-following-a-5e44cf93e565
2018-05-16,"AYS Daily Digest 15/5/18: Commissioner for Human Rights addresses authorities of Bosnia and…",https://medium.com/are-you-syrious/ays-daily-digest-15-5-18-commissioner-for-human-rights-addresses-authorities-of-bosnia-and-524789efccc8
2018-05-15,"AYS DAILY DIGEST 14/05/18: Deaths in the Aegean, the Eastern Mediterranean and Palestine",https://medium.com/are-you-syrious/ays-daily-digest-14-05-18-deaths-in-the-aegean-the-eastern-mediterranean-and-palestine-fc745982529c
2018-05-15,"AYS Special from Germany: Young people in Bremen pushed out of the system",https://medium.com/are-you-syrious/ays-special-from-germany-young-people-in-bremen-pushed-out-of-the-system-87c1fca35dc4
2018-05-13,"AYS Daily Digest 12/05/2018: Ireland introduces new family reunification scheme",https://medium.com/are-you-syrious/ays-daily-digest-12-05-2018-ireland-introduces-new-family-reunification-scheme-5c6fc70ed393
2018-05-12,"AYS Daily Digest 11/05/18: More than 3,000 people came to Bosnia since January",https://medium.com/are-you-syrious/ays-daily-digest-11-05-2018-more-than-3-000-people-came-to-bosnia-since-january-67ea45ec12d7
2018-05-10,"AYS Daily Digest 09/05/18: European disunion in common values",https://medium.com/are-you-syrious/ays-daiy-digest-9-5-18-european-disunion-in-common-values-d90388b270dd
2018-05-09,"AYS Daily Digest 08/05/2018 Concerns for human trafficking victims in Hungary",https://medium.com/are-you-syrious/ays-daily-digest-08-05-2018-concerns-for-human-traffic-victims-in-hungary-64ba2648d2e2
2018-05-08,"AYS Daily Digest 07/05/2018: Seven of the Moria35 face deportation",https://medium.com/are-you-syrious/ays-daily-digest-06-05-2018-seven-of-the-moria35-face-deportation-b260ec073e5f
2018-05-07,"AYS Daily Digest 06/05/2018: A Syrian man caught up in a racist attack is fighting for his life in…",https://medium.com/are-you-syrious/ays-daily-digest-06-05-2018-a-syrian-man-caught-up-in-a-racist-attack-is-fighting-for-his-life-in-a3969af7f825
2018-05-05,"AYS Daily Digest 04/05/18 /: Lesvos at “breaking point”",https://medium.com/are-you-syrious/ays-daily-digest-04-05-18-lesvos-at-a-breaking-point-eca315b4a83f
2018-05-04,"AYS Daily Digest 03/05/2018: Protests surrounding Tsipras’s visit to Lesvos",https://medium.com/are-you-syrious/ays-daily-digest-3-5-2018-protests-surrounding-tsiprass-visit-to-lesvos-2ffade346e81
2018-05-03,"AYS Daily Digest: 2/5/18: More than 3000 new arrivals in Greece in April",https://medium.com/are-you-syrious/ays-daily-digest-2-5-18-more-than-3000-new-arrivals-in-greece-in-april-3684b8483114
2018-05-02,"AYS Daily Digest: 1/5/18: Active in solidarity",https://medium.com/are-you-syrious/ays-daily-digest-1-5-18-active-in-solidarity-e3f656972fb7
2018-05-01,"AYS DAILY DIGEST 30/04/2018: Another deadly attack in a safe country",https://medium.com/are-you-syrious/ays-daily-digest-30-04-2018-another-deadly-attack-in-a-safe-country-cc8c61207df8
2018-04-30,"AYS Special — What is going on in Bosnia?",https://medium.com/are-you-syrious/ays-special-what-is-going-on-in-bosnia-1f8d2bc2dc4e
2018-04-30,"AYS DAILY DIGEST 29/04/2018: Hungary to send Montenegro barbed wire to protect its borders",https://medium.com/are-you-syrious/ays-daily-digest-29-04-2018-hungary-to-send-montenegro-barbed-wire-to-protect-its-borders-1d737065ef21
2018-04-29,"AYS DAILY DIGEST 28/04/2018: Evacuation of the camp in via di Vannina in Rome",https://medium.com/are-you-syrious/ays-daily-digest-28-04-2018-evacuation-of-the-camp-in-via-di-vannina-in-rome-e0b7d2f37a40
2018-04-28,"DAILY DIGEST 27/4/2018: Close to 3000 people crossed Evros in April",https://medium.com/are-you-syrious/daily-digest-27-4-2018-close-to-3000-people-crossed-evros-in-april-c5b428ebc9e4
2018-04-27,"AYS SPECIAL: The humanitarian crisis in the Mediterranean continues",https://medium.com/are-you-syrious/ays-special-the-humanitarian-crisis-in-the-mediterranean-continues-b77f28e81d6e
2018-04-27,"AYS Daily Digest 26/04/2018: Syrians potentially facing property loss due to new law",https://medium.com/are-you-syrious/ays-daily-digest-26-04-2018-syrians-about-to-lose-their-property-by-law-c42cc47255be
2018-04-26,"AYS DAILY DIGEST 25/04/2018: Attack in Exarchia has Greater Symbolism",https://medium.com/are-you-syrious/ays-digest-25-04-2018-attack-in-exarchia-has-greater-symbolism-d9e9a1638355
2018-04-24,"AYS Daily Digest 23/04/18: Fascists attack Refugees on Lesvos",https://medium.com/are-you-syrious/ays-daily-digest-23-04-18-fascists-attack-refugees-on-lesvos-1e65534a5726
2018-04-23,"AYS Interview mit Jugend Rettet: “Die Anschuldigungen sind nur leere Behauptungen.”",https://areyousyrious.medium.com/ays-interview-mit-jugend-rettet-die-anschuldigungen-sind-nur-leere-behauptungen-80850d927a3c
2018-04-23,"AYS DAILY DIGEST 22/04/2018: Italian court to decide on release of rescue ship Iuventa",https://medium.com/are-you-syrious/ays-daily-digest-22-04-2018-italian-court-to-decide-over-release-of-rescue-ship-iuventa-d43005ed6ffa
2018-04-22,"AYS Interview with Jugend Rettet: “The accusations are just empty claims.”",https://medium.com/are-you-syrious/ays-interview-with-jugend-rettet-the-accusations-are-just-empty-claims-ba873e0f53f4
2018-04-22,"AYS DAILY DIGEST 21/04/2018: More than 500 people rescued in the Mediterranean",https://medium.com/are-you-syrious/ays-daily-digest-20-04-2018-more-than-500-people-rescued-in-the-mediterranean-44953c35ef33
2018-04-21,"AYS DAILY DIGEST 20/04/2018: Are we heading back in 2015?",https://medium.com/are-you-syrious/ays-daily-digest-20-04-2018-are-we-heading-back-in-2015-c12bad1cb654
2018-04-20,"AYS Daily Digest 19/04/18: How many more people will die on the Aegean islands?",https://medium.com/are-you-syrious/ays-daily-digest-19-04-18-how-many-more-people-will-die-on-the-aegean-islands-3ec1132f00aa
2018-04-18,"AYS Daily Digest 17/4/18: Going public about the Croatian police pressure and false charges against…",https://medium.com/are-you-syrious/ays-daily-digest-17-4-18-going-public-about-the-croatian-police-pressure-and-false-charges-against-b4ac9af94009
2018-04-17,"AYS DAILY DIGEST 16/04/2018: Free at last!",https://medium.com/are-you-syrious/ays-daily-digest-16-04-2018-free-at-last-c46b2e189cef
2018-04-16,"AYS Daily Digest 15/04/2018: Protests in Paris against new Immigration Bill",https://medium.com/are-you-syrious/ays-daily-digest-15-04-2018-protests-in-paris-against-new-immigration-bill-ff87c77c4485
2018-04-15,"AYS DAILY DIGEST 14/04/2018: Lampedusa: Hotspots and human rights violations",https://medium.com/are-you-syrious/ays-daily-digest-14-04-2018-lampedusa-hotspost-and-human-rights-violations-5c2acedf6702
2018-04-13,"AYS Daily Digest 12/04/18: Mismanagement as justification for cruelty — the European way",https://medium.com/are-you-syrious/ays-daily-digest-13-04-2018-mismanagement-as-justification-for-cruelty-the-european-way-754a90a50836
2018-04-12,"AYS Daily Digest 11/04/18/: Protests in solidarity with the Moria 35",https://medium.com/are-you-syrious/ays-daily-digest-11-04-18-protests-in-solidarity-with-the-moria-35-6fd59cefc44a
2018-04-11,"AYS Daily Digest 10/4/18: Another riot in Moria",https://medium.com/are-you-syrious/ays-daily-digest-10-4-18-another-riot-in-moria-bd5622988e5d
2018-04-10,"AYS Daily Digest 9/4/18: Individuals and communities abandoned and deceived by the system",https://medium.com/are-you-syrious/ays-daily-digest-9-4-18-individuals-and-communities-abandoned-and-deceived-by-the-system-2c9ad7af1f2b
2018-04-09,"AYS Special from Turkey — Abandoned in the fields",https://medium.com/are-you-syrious/ays-special-from-turkey-abandoned-in-the-fields-654d3f925141
2018-04-08,"AYS Daily Digest 07/04/18: Deportations from Austria",https://medium.com/are-you-syrious/ays-daily-digest-07-04-18-deportations-from-austria-dc3bfc1e09d3
2018-04-08,"AYS Daily Digest 07/04/18: Deportations from Austria",https://medium.com/are-you-syrious/ays-daily-digest-08-04-18-deportations-from-austria-b814adaae957
2018-04-08,"AYS Special from Ventimiglia: The sea is raging today",https://medium.com/are-you-syrious/ays-special-the-sea-is-raging-today-23b571d918f0
2018-04-06,"AYS Daily Digest 06/04/18: Solidarity text from the Balkanroute Network Meeting",https://medium.com/are-you-syrious/ays-daily-digest-06-04-18-solidarity-text-from-the-balkanroute-network-meeting-6f1e481a5f7e
2018-04-06,"AYS Special — Zweiter Bericht über willkürliche und rechtswidrige Praktiken des kroatischen…",https://medium.com/are-you-syrious/ays-special-zweiter-bericht-%C3%BCber-willk%C3%BCrliche-und-rechtswidrige-praktiken-des-kroatischen-52c332fddc40
2018-04-06,"AYS Special — Second report on arbitrary and unlawful practices by the Croatian Ministry of…",https://medium.com/are-you-syrious/ays-special-second-report-on-arbitrary-and-unlawful-practices-by-the-croatian-ministry-of-6bd82c8a0baf
2018-04-05,"AYS Special — Drugi izvještaj o arbitrarnim i nezakonitim praksama Ministarstva unutarnjih poslova…",https://medium.com/are-you-syrious/ays-special-drugi-izvje%C5%A1taj-o-arbitrarnim-i-nezakonitim-praksama-ministarstva-unutarnjih-poslova-c77a3e9e3c29
2018-04-05,"AYS Special — Negative decisions based on unexplained security grounds to Dublin deportees",https://medium.com/are-you-syrious/ays-special-negative-decisions-based-on-unexplained-security-grounds-to-dublin-deportees-332e4adf2518
2018-04-05,"AYS SPECIAL — Nezakonita rješenja o azilu temeljem neobrazloženog mišljenja SOA-e",https://medium.com/are-you-syrious/ays-special-nezakonita-negativna-rje%C5%A1enja-o-azilu-temeljem-neobrazlo%C5%BEenog-mi%C5%A1ljenja-soae-f910ac54a606
2018-04-05,"AYS DAILY DIGEST 04/04/2018: “In Memory of a Child Who Should Have Been Saved.”",https://medium.com/are-you-syrious/ays-daily-digest-04-04-2018-in-memory-of-a-child-who-should-have-been-saved-99f8feafa138
2018-04-04,"AYS Daily Digest 3/4/18: Resilience in the face of more police expulsions",https://medium.com/are-you-syrious/ays-daily-digest-3-4-18-resilience-in-the-face-of-more-police-expulsions-58c77f6ad40
2018-04-01,"AYS SPECIAL: I will come to you, river",https://medium.com/are-you-syrious/ays-special-i-will-come-to-you-river-e59076959829
2018-03-25,"AYS DAILY DIGEST 24/3/2018: Building a world where racism does not exist",https://medium.com/are-you-syrious/ays-daily-digest-24-3-2018-building-a-world-where-racism-does-not-exist-ae2801340fa9
2018-03-24,"AYS DAILY DIGEST 23.03.2018: State destroys tents while providing food",https://medium.com/are-you-syrious/ays-daily-digest-23-03-2018-state-destroys-tents-while-providing-food-e58c01a2e321
2018-03-22,"AYS Daily Digest 21/03/18: The last civil rescue ship in the central Mediterranean",https://medium.com/are-you-syrious/ays-daily-digest-21-3-18-the-last-civil-rescue-ship-in-the-central-mediterranean-6819ece1cd7c
2018-03-21,"AYS Daily Digest 20/3/18: Two years of a failed deal",https://medium.com/are-you-syrious/ays-daily-digest-20-3-18-two-years-of-a-failed-deal-988160f8a0df
2018-03-15,"AYS Daily Digest 14/03/2018: “I haven’t finished my dreams yet…” A 10 year old’s message from Afrin",https://medium.com/are-you-syrious/ays-daily-digest-14-03-2018-i-havent-finished-my-dreams-yet-a-10-year-old-s-message-from-afrin-751f6e0625db
2018-03-11,"AYS Daily digest 11/03/18: The war in Syria marks its 7th year",https://medium.com/are-you-syrious/ays-daily-digest-11-03-18-the-war-in-syria-marks-its-7th-year-c48bba3cfbb6
2018-03-11,"AYS SPECIAL: The criminalization of refugees",https://medium.com/are-you-syrious/ays-special-the-criminalization-of-refugees-2cf979976ce1
2018-03-09,"AYS Daily Digest 08/03/18: Refugee women at risk",https://medium.com/are-you-syrious/ays-daily-digest-08-03-2018-refugee-women-at-risk-294fbe016fd9
2018-03-08,"AYS Daily Digest 07/03/2018: No place for fascism",https://medium.com/are-you-syrious/ays-daily-digest-07-03-2018-no-place-for-fascism-f507e9374c57
2018-03-07,"AYS Daily Digest 06/03/2018: More deaths on land, more deaths at sea. Surprise, surprise…",https://medium.com/are-you-syrious/ays-daily-digest-06-03-2018-more-deaths-on-land-more-deaths-at-sea-surprise-surprise-3b262b49679e
2018-03-04,"AYS Daily Digest 04/03/18: Don’t forget the most innocent victims of the war",https://medium.com/are-you-syrious/ays-daily-digest-4-3-18-dont-forget-the-most-innocent-victims-of-the-war-d84f5d6f194d
2018-03-04,"AYS Special on EuroRelief II: Testimonies, new evidence and a call for accountability",https://medium.com/are-you-syrious/ays-special-on-eurorelief-ii-testimonies-new-evidence-and-a-call-for-accountability-2866c3275e04
2018-02-28,"AYS Daily Digest 27/2/18: People pushed back even in severe conditions",https://medium.com/are-you-syrious/ays-daily-digest-27-2-18-people-pushed-back-even-in-severe-conditions-a85f021b6c1
2018-02-28,"AYS Daily Digest 27/2/18: People pushed back even in severe conditions",https://areyousyrious.medium.com/ays-daily-digest-27-2-18-people-pushed-back-even-in-severe-conditions-35dd08e65011
2018-02-26,"AYS DAILY DIGEST 25/02/2018: Italy condemned for pushing back migrants to Libya in 2012",https://medium.com/are-you-syrious/ays-daily-digest-25-02-italy-condemned-for-pushing-back-migrants-to-libya-in-2012-63254866a02
2018-02-25,"AYS DAILY DIGEST 24/2/2018: U.N. Security Council votes on a ceasefire in three Syrian districts",https://medium.com/are-you-syrious/ays-daily-digest-24-2-2018-u-n-security-council-votes-on-a-ceasefire-in-three-syrian-districts-69e5ed1953b5
2018-02-22,"AYS SPECIAL FROM SERBIA: “Are you here to open the borders?”",https://medium.com/are-you-syrious/ays-special-from-serbia-are-you-here-to-open-the-borders-e5d7f609678
2018-02-21,"AYS Daily Digest 20/02/18: Deadly route continues",https://medium.com/are-you-syrious/ays-daily-digest-20-2-18-deadly-route-continues-433a78d8a592
2018-02-20,"AYS DAILY DIGEST 19/02/2018: People deported to Afghanistan are risking their lives again to reach…",https://medium.com/are-you-syrious/ays-daily-digest-19-02-2018-people-deported-to-afghanistan-are-risking-their-a-second-time-to-42cc696fe8b0
2018-02-19,"AYS Daily Digest 18/02/18 — EU member states deny Human Rights violations at EU borders",https://medium.com/are-you-syrious/ays-daily-digest-18-02-18-a-denial-of-human-rights-violations-at-eu-borders-8613b4de5c49
2018-02-17,"AYS DAILY DIGEST 16/2/2018: The money and the aid",https://medium.com/are-you-syrious/ays-daily-digest-16-2-2018-the-money-and-the-aid-e3677a98fd61
2018-02-16,"AYS Daily Digest 15/02/18: Where do the legal procedures and corridors take people?",https://medium.com/are-you-syrious/ays-daily-digest-15-02-18-where-do-the-legal-procedures-and-corridors-take-people-dd5f8ccdd10c
2018-02-12,"AYS Daily Digest 11/02/2017: Refugees at risk of human trafficking",https://medium.com/are-you-syrious/ays-daily-digest-11-02-2017-refugees-at-risk-of-human-trafficking-464142f6c0ba
2018-02-10,"AYS DAILY DIGEST 9/2/2018: Letter from Paris",https://medium.com/are-you-syrious/ays-daily-digest-9-2-2018-letter-from-paris-55aeccc1f21a
2018-02-07,"AYS Daily Digest 6/2/18: Immediate help needed across Paris",https://medium.com/are-you-syrious/ays-daily-digest-6-2-18-immediate-help-needed-across-paris-45ad2ff428fc
2018-02-06,"AYS Special — Lebanon: Dreams bigger than Shatila",https://medium.com/are-you-syrious/ays-special-lebanon-dreams-bigger-than-shatila-281df6272cbe
2018-02-06,"AYS DAILY DIGEST 05/02/2018: Never again!",https://medium.com/are-you-syrious/ays-daily-digest-05-02-2018-never-again-fafeed340a67
2018-02-05,"AYS Daily Digest 04/02/18: 47 Believed Dead off Coast of Melilla",https://medium.com/are-you-syrious/ays-daily-digest-04-02-18-47-believed-dead-off-coast-of-melilla-b824a0ab9a15
2018-02-03,"AYS DAIL DIGEST 2/2/2018: We demand that people in Calais are treated with humanity!",https://medium.com/are-you-syrious/ays-dail-digest-2-2-2018-we-demand-that-people-in-calais-are-treated-with-humanity-f61a56f633ec
2018-02-02,"AYS Daily Digest 01/02/18: One year on, Europe is still supporting slavery in Libya",https://medium.com/are-you-syrious/ays-daily-digest-01-02-2018-one-year-on-europe-is-keep-supporting-slavery-in-libya-2a60e73ff14b
2018-01-30,"AYS Daily Digest 29/01/2018: Germany announces end of relocation programme",https://areyousyrious.medium.com/ays-daily-digest-29-01-2018-germany-announces-end-of-relocation-programme-344d3ef9582d
2018-01-29,"AYS Daily Digest 28/01/2018: More than 200 reach Lesvos in one day",https://areyousyrious.medium.com/ays-daily-digest-28-01-2018-more-than-200-reach-lesvos-in-one-day-f1c4b6283936
2018-01-28,"AYS Daily Digest 27.1.18: Another Tragic Day on the Mediterranean",https://areyousyrious.medium.com/ays-daily-digest-27-1-18-another-tragic-day-in-the-mediterranean-fcd3fab7ec64
2018-01-27,"AYS Daily Digest 26/01/2018 Protesters sew their mouths shut in Lampedusa",https://areyousyrious.medium.com/ays-daily-digest-26-01-2018-protesters-sow-their-mouths-shut-in-lampedusa-625226844336
2018-01-26,"AYS Daily Digest 25/01/18: Chaotic “winds of change” bring little hope from above",https://areyousyrious.medium.com/ays-daily-digest-25-01-18-chaotic-winds-of-change-bring-little-hope-from-above-5f2678f1650b
2018-01-25,"AYS Daily Digest 24/1/18: Storm to hit Lebanon, refugees at risk",https://areyousyrious.medium.com/ays-daily-digest-24-1-18-storm-to-hit-lebanon-refugees-at-risk-91996ef4a566
2018-01-22,"AYS DAILY DIGEST 21/01/2018: Fascists set fire to squat in Thessaloniki",https://areyousyrious.medium.com/ays-daily-digest-22-01-18-fascists-set-fire-to-squat-in-thessaloniki-cc4061c4e5b7
2018-01-19,"AYS Daily Digest 18/01/18: What Macron failed to mention",https://areyousyrious.medium.com/ays-daily-digest-18-01-2018-what-macron-failed-to-mention-b062b363009e
2018-01-16,"AYS SPECIAL — Lesvos: The Other ‘Trip to Ithaca’",https://medium.com/are-you-syrious/ays-special-lesvos-the-other-trip-to-ithaca-600bd80975d1
2018-01-15,"AYS Daily Digest 14.01.18: In 21st century Europe, refugees warm their feet over an open fire",https://areyousyrious.medium.com/ays-daily-digest-14-01-18-in-21st-century-europe-refugees-warm-their-feet-over-an-open-fire-aaeccbb68bf3
2018-01-15,"AYS SPECIAL: Sleepless nights at Lesvos",https://medium.com/are-you-syrious/ays-special-sleepless-nights-at-lesvos-4ee3b59effb9
2018-01-14,"AYS Daily Digest 13/01/2018: Protests in Vienna against far-right",https://areyousyrious.medium.com/ays-daily-digest-13-01-2018-protests-in-vienna-against-far-right-1cd26de8ad8f
2018-01-12,"AYS DAILY DIGEST 11/01/18: EuroRelief: Evangelical organisation providing more harm than aid to…",https://areyousyrious.medium.com/ays-daily-digest-11-01-2018-eurorelief-u-s-807717ec51f8
2018-01-11,"AYS Daily Digest 10/01/18: Over 200 people have died on the sea so far this year",https://areyousyrious.medium.com/ays-daily-digest-10-1-18-over-200-have-already-died-on-the-sea-crossing-this-year-34e73b41e11
2018-01-10,"AYS Daily Digest 09/01/2018: Syrian refugees in Lebanon are poorer and more vulnerable than ever",https://areyousyrious.medium.com/ays-daily-digest-09-01-2017-syrian-refugees-in-lebanon-are-more-poor-and-more-vulnerable-than-ever-d903f34c0d73
2018-01-08,"AYS SPECIAL — Turkey: The only hope is to return one day",https://medium.com/are-you-syrious/ays-special-turkey-the-only-hope-is-to-return-one-day-1df83003a89b
2018-01-07,"AYS Daily Digest 06/01/2018: The sad end of good work",https://areyousyrious.medium.com/ays-daily-digest-06-01-2018-the-sad-end-of-good-work-29698b8ac1e3
2018-01-04,"AYS DAILY DIGEST 03/01/2018: Delays and detentions continue",https://areyousyrious.medium.com/ays-daily-digest-03-01-2018-delays-and-detentions-continue-c417d25129f
2018-01-01,"AYS SPECIAL — Denmark: Once a fairy tale country",https://medium.com/are-you-syrious/ays-special-denmark-once-a-fairy-tale-country-98604c09492a
2017-12-31,"AYS SPECIAL — Serbia: Life in Šid",https://medium.com/are-you-syrious/ays-special-serbia-life-in-%C5%A1id-df1cd66eb2ec
2017-12-30,"AYS SPECIAL — Greece: Single men, one of the most vulnerable groups",https://medium.com/are-you-syrious/ays-special-greece-single-men-one-of-the-most-vulnerable-groups-38eac963f58e
2017-12-30,"AYS SPECIAL — Paris: Where the French system fails, people provide.",https://medium.com/are-you-syrious/ays-special-paris-where-the-french-system-fails-people-provide-484c1889aa64
2017-12-29,"AYS SPECIAL — Lebanon: “Don’t forget me, please!”",https://medium.com/are-you-syrious/ays-special-lebanon-dont-forget-me-please-d443b954be12
2017-12-28,"AYS DAILY DIGEST 27/12/2017: The absurdity of European policies hits again",https://areyousyrious.medium.com/ays-daily-digest-27-12-2017-the-absurdity-of-european-policies-hits-again-3236955a2530
2017-12-27,"AYS Daily Digest 26/12/2017 Protest on the Serbo-Croatian border",https://areyousyrious.medium.com/ays-daily-digest-26-12-2017-protest-on-the-serbo-croatian-border-12facc386d85
2017-12-25,"AYS DAILY DIGEST 24/12/2017: Où est la dignité/Where is dignity?",https://areyousyrious.medium.com/ays-daily-digest-24-12-2017-o%C3%B9-est-la-dignit%C3%A9-where-is-dignity-db1127e3add9
2017-12-24,"AYS Daily Digest 23/12/17: France Abandons Refugee Children",https://areyousyrious.medium.com/ays-daily-digest-23-12-17-france-abandons-refugee-children-f1ae78cba03a
2017-12-23,"AYS Daily Digest 22/12 “Children held as inmates in Archidona Prison, Spain”",https://areyousyrious.medium.com/ays-daily-digest-22-12-children-held-as-inmates-in-archidona-prison-spain-74466b47c7a0
2017-12-22,"AYS Daily Digest 21/12/17: Pace of transfers from the islands to the mainland needs to accelerate",https://areyousyrious.medium.com/ays-daily-digest-21-12-pace-of-transfers-from-the-islands-to-the-mainland-needs-to-accelerate-a18a3695c206
2017-12-20,"AYS Daily Digest 19/12/2017 Clashes in Moria Camp",https://areyousyrious.medium.com/ays-daily-digest-19-12-2017-clashes-in-moria-camp-ed787ac6cb18
2017-12-19,"AYS DAILY DIGEST 18/12/2017: “Calais is not good.",https://areyousyrious.medium.com/ays-daily-digest-18-12-2017-calais-is-not-good-bfe519633309
2017-12-17,"AYS Daily Digest 16/12/17: Free the Moria 35",https://areyousyrious.medium.com/ays-daily-digest-16-12-17-free-the-moria-35-a31867e2bb49
2017-12-16,"AYS Daily Digest 15/12/17: More responsibility for Libya in sea rescues, Italy suggests",https://areyousyrious.medium.com/ays-daily-digest-15-12-17-more-responsibility-for-libya-in-sea-rescues-italy-suggests-f00e694fe8fd
2017-12-15,"AYS Daily Digest 14/12/17: Libya drops ban for privately organized international rescue teams",https://areyousyrious.medium.com/ays-daily-digest-14-12-2017-libya-drops-the-ban-for-privately-organized-international-rescue-teams-96c41e4e04ad
2017-12-14,"AYS DAILY DIGEST 13/12/2017: EU denies all responsibility for situation in Libya",https://areyousyrious.medium.com/ays-daily-digest-13-12-2017-eu-denies-all-responsibility-for-situation-in-libya-5617453380b8
2017-12-11,"AYS 10/12/2017 - On Human Rights Day two reports of ransom, torture and slavery in Libya",https://areyousyrious.medium.com/ays-10-12-2017-on-human-rights-day-two-reports-of-ransom-torture-and-slavery-in-libya-a7c6e36c38b5
2017-12-10,"AYS DAILY DIGEST 9/12/2017: A disastrous reception system that does not guarantee medical…",https://areyousyrious.medium.com/ays-daily-digest-9-12-2017-a-disastrous-reception-system-that-does-not-guarantee-medical-82c727a60bbd
2017-12-09,"AYS Daily Digest 08/12/17: Mouzalas: Greece can not guarantee no deaths",https://areyousyrious.medium.com/ays-daily-digest-08-12-17-mouzalas-greece-can-not-guarantee-no-deaths-432153fb4e91
2017-12-07,"AYS Daily Digest 06/12/17: Saying NO to indifference",https://areyousyrious.medium.com/ays-daily-digest-06-12-17-saying-no-to-indifference-4262953c7e1a
2017-12-06,"AYS DAILY DIGEST 5/12/2017: Children of Moria",https://areyousyrious.medium.com/ays-daily-digest-5-12-2017-children-of-moria-26b5bf83f03b
2017-12-05,"AYS DAILY DIGEST 4/12/17: Syrian Man Attempts the Sea Crossing Alone",https://areyousyrious.medium.com/ays-daily-digest-4-12-17-syrian-man-attempts-med-crossing-alone-768f7b6d701d
2017-12-03,"AYS DAILY DIGEST 02/12/2017: When injustice becomes law, resistance becomes a duty — A very…",https://areyousyrious.medium.com/ays-daily-digest-02-12-2017-when-injustice-becomes-law-resistance-becomes-duty-a-very-354466b51236
2017-12-02,"AYS DAILY DIGEST 1/12/2017: The winter is here — It is time to act!",https://areyousyrious.medium.com/ays-daily-digest-1-12-2017-the-winter-is-here-it-is-time-to-act-9510a393f80e
2017-11-29,"AYS DAILY DIGEST 28/11/2017: “The authorities will be responsible for my death”",https://areyousyrious.medium.com/ays-daily-digest-28-11-2017-the-authorities-will-be-responsible-for-my-death-6cbe62ab240a
2017-11-28,"AYS Daily Digest 27/11/17: Libyan Slave Trade is an Open Secret",https://areyousyrious.medium.com/ays-daily-digest-27-11-17-libyan-slave-trade-is-an-open-secret-2fcda716a413
2017-11-28,"AYS Daily Digest 27/11/17: Libyan Slave Trade is an Open Secret",https://areyousyrious.medium.com/ays-daily-digest-27-11-17-libyan-slave-trade-is-an-open-secret-a47a93279cd0
2017-11-26,"AYS Daily Digest 25/11/2017: Afghan boy found dead off Lesvos",https://areyousyrious.medium.com/ays-daily-digest-25-11-2017-afghan-boy-found-dead-off-lesvos-7b47ab5d53b1
2017-11-25,"AYS Daily Digest 24/11/2017 The world’s deadliest border",https://areyousyrious.medium.com/ays-daily-digest-24-11-2017-the-worlds-deadliest-border-6b5c5715d1b9
2017-11-23,"AYS DAILY DIGEST 22/11/2017: Another child, another victim of this Fortress Europe",https://areyousyrious.medium.com/ays-daily-digest-22-11-2017-another-child-another-victim-of-this-fortress-europe-d7cf88505efd
2017-11-22,"AYS Daily Digest 21/11/2017 Brutality in Italian reception centres",https://areyousyrious.medium.com/ays-daily-digest-21-11-2017-brutality-in-italian-reception-centres-2de4e4aaa72b
2017-11-21,"AYS Daily Digest 20/11/17: A warning and cry for help from the Aegean",https://areyousyrious.medium.com/ays-daily-digest-20-11-17-a-warning-and-cry-for-help-from-the-aegean-dde4c88c3529
2017-11-19,"AYS DAILY DIGEST 18/11/2017: Who will take responsibility for the death of an 11-year-old boy in…",https://areyousyrious.medium.com/ays-daily-digest-19-11-2017-who-will-take-responsibility-for-death-of-a-11-year-old-boy-in-austria-ec8349cbfbc
2017-11-18,"AYS Digest 17/11/2017 The march for dignity wins in Venice",https://areyousyrious.medium.com/ays-digest-17-11-2017-the-march-for-dignity-wins-in-venice-ccc1ffe285ff
2017-11-17,"AYS Daily Digest 16/11/17: EU defending “an outrage to the conscience of humanity”",https://areyousyrious.medium.com/ays-daily-digest-16-11-17-eu-defending-an-outrage-to-the-conscience-of-humanity-3c178b8d9fc4
2017-11-16,"AYS Daily Digest 15/11/2017 2 Years of EU “achievements”",https://areyousyrious.medium.com/ays-daily-digest-15-11-2017-2-years-of-eu-achievements-4833322e7505
2017-11-15,"AYS DAILY DIGEST 14/11/2017: “The suffering of migrants detained in Libya is an outrage to the…",https://areyousyrious.medium.com/ays-daily-digest-14-11-2017-the-suffering-of-migrants-detained-in-libya-is-an-outrage-to-the-72b563a9ec4
2017-11-14,"AYS Daily Digest 13/11/17: Rescue Group Calls Upon UNHCR to Investigate Turkish Coast Guard…",https://areyousyrious.medium.com/ays-daily-digest-13-11-17-rescue-group-calls-upon-unhcr-to-investigate-turkish-coast-guard-c28e5f536310
2017-11-12,"#AYS DAILY DIGEST 11/11/2017: Childhood taken away by fortress Europe",https://areyousyrious.medium.com/ays-daily-digest-11-11-2017-childhood-taken-away-by-fortress-europe-f0e5b8c3fcd1
2017-11-11,"DAILY DIGEST 10.11.2017: Volunteers targeted by police in Italy",https://areyousyrious.medium.com/daily-digest-10-11-2017-volunteers-targeted-by-police-in-italy-4b9c97258dad
2017-11-10,"AYS Daily Digest 09/11/17: Winterization needed on Greek Islands",https://areyousyrious.medium.com/ays-daily-digest-9-11-2017-winterisation-needed-on-greek-islands-2b19a004ae85
2017-11-09,"AYS Daily Digest 08/11/17: Refugee families vs. policies",https://areyousyrious.medium.com/ays-daily-digest-08-11-17-refugee-families-vs-policies-a707aa113250
2017-11-08,"AYS Daily Digest 7/11/17: Solidarity will beat hate!",https://areyousyrious.medium.com/ays-daily-digest-7-11-17-solidarity-will-beat-hate-908a6f714a41
2017-11-06,"AYS SPECIAL FROM PARIS (part 1): Child refugees rely on volunteers for shelter",https://medium.com/are-you-syrious/ays-special-from-paris-part-1-child-refugees-rely-on-volunteers-for-shelter-1651ce6e04d2
2017-11-06,"Open Letter to the European Commission from Chios",https://areyousyrious.medium.com/open-letter-to-the-european-commission-from-chios-40fb64bde0bf
2017-11-06,"AYS Daily Digest 05/11/17: 26 women found dead aboard a vessel upon arrival in Italy",https://areyousyrious.medium.com/ays-daily-digest-05-11-17-26-dead-women-on-board-a-vessel-that-arrived-to-italy-9189ba55cb8f
2017-11-05,"AYS Daily Digest 04/11/17: Borders Destroy Families",https://areyousyrious.medium.com/ays-daily-digest-04-11-17-borders-destroy-families-ee39667e4dc8
2017-11-03,"AYS Daily Digest 02/11/17: LET THE CHILDREN IN!",https://areyousyrious.medium.com/ays-daily-digest-02-11-2017-let-the-children-in-876a7fc98e43
2017-11-02,"AYS Daily Digest 01/11/17: Hunger strike — Take us to our families!",https://areyousyrious.medium.com/ays-daily-digest-01-11-17-hunger-strike-take-us-to-our-families-f91142e70ff0
2017-11-01,"AYS SPECIAL: Case of Pordenone",https://medium.com/are-you-syrious/ays-special-case-of-pordenone-c3a70d404b7d
2017-11-01,"AYS Daily Digest 31.10.17: Real-Life Demons Haunt Calais Refugees this Halloween",https://areyousyrious.medium.com/ays-daily-digest-31-10-17-real-life-demons-haunt-calais-refugees-this-halloween-b640c859123
2017-10-29,"AYS Daily Digest 28/10/17: The boy who dreamt to become a pilot",https://areyousyrious.medium.com/ays-daily-digest-28-10-17-the-boy-who-dreamt-to-become-a-pilot-b045a79afe31
2017-10-28,"AYS Daily Digest 27/10/17: Lawyers want to challenge the EU-Turkey deal in front of the ECHR",https://areyousyrious.medium.com/ays-daily-digest-27-10-17-lawyers-want-to-challenge-the-eu-turkey-deal-in-front-of-the-echr-2e3cc56fe98f
2017-10-25,"AYS Daily Digest 24/10/17: Appeal from rescue teams for change",https://areyousyrious.medium.com/ays-daily-digest-24-10-17-appeal-from-rescue-teams-for-change-b0738120d204
2017-10-23,"AYS Daily Digest 22/10/17: #OpenTheIslands",https://areyousyrious.medium.com/ays-daily-digest-22-10-17-opentheislands-b76ab47cf9f0
2017-10-22,"AYS DAILY DIGEST 21/10/2017: Increased level of depression, anxiety disorders and post-traumatic…",https://areyousyrious.medium.com/ays-daily-digest-21-10-2017-increased-level-of-depression-anxiety-disorders-and-post-traumatic-e6d863bb3206
2017-10-19,"AYS Daily Digest 19/10/17: Proposal for a new Dublin regulation",https://areyousyrious.medium.com/ays-daily-digest-19-10-2017-proposal-for-a-new-dublin-regulation-b849e4788988
2017-10-19,"AYS Daily Digest 18/10/2017 Fortress Europe closes the gates",https://areyousyrious.medium.com/ays-daily-digest-18-10-2017-fortress-europe-closes-the-gates-8c4c70d7dcfc
2017-10-18,"AYS Daily Digest 17/10/17: November 1 brings hard restrictions for refugees in Austria",https://areyousyrious.medium.com/ays-daily-digest-17-10-17-november-1-brings-hard-restrictions-for-refugees-in-austria-119df9001564
2017-10-17,"AYS Daily Digest 16/10/17: Minors Abandoned on the Streets of Paris",https://areyousyrious.medium.com/ays-daily-digest-16-10-17-minors-abandoned-on-the-streets-of-paris-3f189e58235
2017-10-16,"AYS Daily Digest 15/10/17: What the election in Austria means for refugees",https://areyousyrious.medium.com/ays-daily-digest-15-10-17-what-the-election-in-austria-means-for-refugees-f97df1f03c5a
2017-10-13,"AYS Daily Digest 12/10/17: Italy’s deal with Libya puts lives at risk",https://areyousyrious.medium.com/ays-daily-digest-12-10-2017-italys-deal-with-libya-put-lives-at-risk-6364c51beeac
2017-10-12,"AYS Daily Digest 11/10/17: Ongoing crisis facing Afghanistan deportees",https://areyousyrious.medium.com/ays-daily-digest-11-10-17-3bc6673486b7
2017-10-10,"AYS DAILY DIGEST 09/10/2017: Crash in Maltese waters claims at least 8 lives, 20 missing",https://areyousyrious.medium.com/ays-daily-digest-09-10-2017-crash-in-maltese-waters-claims-at-least-8-lives-20-missing-721b9fa6a4c5
2017-10-09,"AYS DAILY DIGEST 8/10/2017: Another child died in Greece in less than one month",https://areyousyrious.medium.com/ays-daily-digest-8-10-2017-another-child-died-in-greece-in-less-than-one-month-e3d08ec5b9df
2017-10-07,"AYS Daily Digest 07/10/2017 — Humans helping humans",https://areyousyrious.medium.com/ays-daily-digest-07-10-2017-humans-helping-humans-8bdaffc5ee9d
2017-10-05,"AYS Daily Digest 04/10/17: Situation deteriorating in the north of Italy",https://areyousyrious.medium.com/ays-news-digest-04-10-17-situation-deteriorating-in-the-north-of-italy-67b8c1b6bd93
2017-10-03,"AYS SPECIAL: Living in a state of shock on Samos",https://medium.com/are-you-syrious/ays-special-living-in-a-state-of-shock-on-samos-7896853bd2e3
2017-10-02,"AYS DAILY DIGEST 2/10/2017: How the EU-Turkey deal destroys dreams",https://areyousyrious.medium.com/ays-daily-digest-2-10-2017-how-the-eu-turkey-deal-destroys-dreams-f8c6056902e0
2017-10-02,"AYS Daily Digest 01/10/17 : Relocation two years later: no solidarity in the EU",https://areyousyrious.medium.com/ays-daily-digest-01-10-17-relocation-2-years-later-no-solidarity-in-the-eu-95a127c6db56
2017-10-01,"AYS Daily Digest 30.09.17: Sick of Waiting Protests take place across Europe",https://areyousyrious.medium.com/ays-daily-digest-30-09-17-sick-of-waiting-protests-take-place-across-europe-5d2a52f7c67d
2017-09-30,"AYS Daily Digest 29/09/17: The consequences of the EU-Turkey deal",https://areyousyrious.medium.com/ays-29-09-2017-the-consequences-of-the-eu-turkey-deal-cd255b4d93fa
2017-09-28,"AYS 28/09/2017: 9-year old girl from Syria died after boat accident in Greece",https://areyousyrious.medium.com/ays-28-09-2017-9-years-old-girl-from-syria-died-after-boat-accident-in-greece-a79d5ba64dee
2017-09-28,"AYS Daily Digest 27/09/17: New plan to resettle at least 50,000 refugees",https://areyousyrious.medium.com/ays-daily-digest-27-09-2017-new-plan-to-resettle-at-least-50-000-refugees-138287dc2c73
2017-09-27,"AYS Daily Digest 26/09/2017: Another date marks failed policies",https://areyousyrious.medium.com/ays-daily-digest-26-09-2017-another-date-marks-failed-policies-45cc66ace4c3
2017-09-26,"AYS Daily Digest 25/09/2017 Inhuman treatment in British detention centres",https://areyousyrious.medium.com/ays-daily-digest-25-09-2017-inhuman-treatment-in-british-detention-centres-acde26c88cfa
2017-09-25,"AYS DAILY DIGEST 24/9/2017: Over 80 percent of Germans oppose far right",https://areyousyrious.medium.com/ays-daily-digest-24-9-2017-over-80-percent-of-germans-oppose-far-right-4292d9ad552
2017-09-24,"AYS DAILY DIGEST 23/09/2017 Turkey’s high-tech border wall nearing completion",https://areyousyrious.medium.com/ays-digest-23-09-17-turkeys-high-tech-border-wall-nearing-completion-burmese-security-forces-b90194feb5d9
2017-09-23,"AYS Daily Digest 22/09/17: Greece’s Council of State rules that Turkey is safe",https://areyousyrious.medium.com/ays-daily-digest-22-09-17-greeces-council-of-state-rules-that-turkey-is-safe-318015ec856c
2017-09-22,"AYS SPECIAL: Out of Mytilini",https://medium.com/are-you-syrious/ays-special-out-of-mytilini-adc59331de2d
2017-09-22,"AYS Daily Digest 21/09/17: What’s the UNHCR’s role on Lesvos?",https://areyousyrious.medium.com/ays-daily-digest-21-09-17-whats-the-unhcr-s-role-on-lesvos-8442940da207
2017-09-18,"AYS DAILY DIGEST 18/9/2017: What is the role of the UNHCR?",https://areyousyrious.medium.com/ays-daily-digest-18-9-2017-what-is-the-role-of-the-unhcr-5f23cadadbd3
2017-09-17,"AYS Daily Digest 16/09/2017 We’ll Come United — Demonstration in Berlin",https://areyousyrious.medium.com/ays-daily-digest-16-09-2017-well-come-united-demonstration-in-berlin-9275c7313dba
2017-09-16,"AYS DAILY DIGEST 15/09/2017: Can we resist Orbanization?",https://areyousyrious.medium.com/ays-daily-digest-15-09-2017-can-we-resist-orbanization-6dbcbae5d0d
2017-09-15,"AYS Daily Digest 14/9/17: Fights and police beating on Samos",https://areyousyrious.medium.com/ays-daily-digest-14-9-17-fights-and-police-beating-on-samos-90adf5881e5a
2017-09-14,"AYS SPECIAL: How to teach equality on a skateboard",https://medium.com/are-you-syrious/ays-special-how-to-teach-equality-on-a-skateboard-71172504c979
2017-09-14,"AYS Daily Digest 13/09/17: Life Vest Actions take place across Europe",https://areyousyrious.medium.com/ays-daily-digest-13-09-17-life-vest-actions-take-place-across-europe-823658c4e4a9
2017-09-13,"AYS DAILY DIGEST 12/09/2017: Canada, heaven for refugees?",https://areyousyrious.medium.com/ays-daily-digest-11-09-2017-canada-heaven-for-refugees-de223c949c0a
2017-09-12,"AYS DAILY DIGEST 11/09/2017: Seeds of violence bear bad fruit…",https://areyousyrious.medium.com/ays-daily-digest-11-09-2017-seeds-of-violence-bear-bad-fruit-3adf6e7d48cf
2017-09-11,"AYS Daily Digest 10/9/17: Another life lost on the “closed” Route",https://areyousyrious.medium.com/ays-daily-digest-10-9-17-another-life-lost-on-the-closed-route-db7f9f2777f7
2017-09-09,"AYS DAILY DIGEST 9/9/2017: “Hello, I am a refugee in the camp in Samos and we need your help!”",https://areyousyrious.medium.com/ays-special-hello-i-am-a-refugee-in-the-camp-in-samos-and-we-need-your-help-4fd34d43d12
2017-09-09,"AYS DIGEST 08.09.17: Croatia tries to Deport Unaccompanied Minor",https://areyousyrious.medium.com/ays-digest-08-09-17-croatia-tries-to-deport-unaccompanied-minor-4d99d1a67dfe
2017-09-08,"AYS DAILY DIGEST 07.09.2017:Human Cruelty — the cost of current “migration management”",https://areyousyrious.medium.com/ays-daily-digest-07-09-2017-human-cruelty-the-cost-of-current-migration-management-80c461eb803a
2017-09-07,"AYS Daily Digest 06/09/17: As expected, Slovakia and Hungary lose in EU Court",https://areyousyrious.medium.com/ays-daily-digest-06-09-17-as-expected-slovakia-and-hungary-lost-in-the-eu-court-4b46869269cb
2017-09-06,"AYS DAILY DIGEST 5/9/2017: Alien homeland: Afghanistan",https://areyousyrious.medium.com/ays-daily-digest-5-9-2017-alien-homeland-afghanistan-9be5db7dce08
2017-09-03,"AYS Daily Digest 02/09/17: Disaster is narrowly avoided when Spanish and Moroccan authorities fail…",https://areyousyrious.medium.com/ays-daily-digest-02-09-17-bc424351bcdc
2017-09-02,"AYS SPECIAL: Reception center in Fylakio",https://medium.com/are-you-syrious/ays-special-reception-center-in-fylakio-e7068196d369
2017-09-01,"AYS Daily Digest 31/08/17: Humans crushed in the cogs of bureaucracy",https://areyousyrious.medium.com/ays-daily-digest-31-08-2017-humans-crushed-in-the-cogs-of-bureaucracy-74e99cb399cb
2017-08-31,"AYS Daily Digest 30/8/17: Thousands missing, many more awake scared instead of sleeping in Europe’s…",https://areyousyrious.medium.com/ays-daily-digest-30-8-17-thousands-missing-many-more-fearing-instead-of-sleeping-in-the-woods-and-209f95d3696a
2017-08-29,"AYS Daily Digest 28/08/17: Parallel worlds created in Europe",https://areyousyrious.medium.com/ays-daily-digest-28-08-2017-parallel-worlds-created-in-europe-49ca95704d75
2017-08-27,"AYS SPECIAL: From Hell to Purgatory",https://medium.com/are-you-syrious/ays-special-from-hell-to-purgatory-4232d2e0479c
2017-08-26,"AYS Daily Digest 25/08/17: How far will we go down the shame road?",https://areyousyrious.medium.com/ays-daily-digest-25-08-2017-how-far-will-we-go-down-the-shame-road-10cd1112ddf8
2017-08-25,"AYS Daily Digest 24/08/17: “Don’t clean up the blood”: The aftermath of squat eviction in Italy",https://areyousyrious.medium.com/ays-daily-digest-24-08-2017-dont-clean-up-the-blood-the-aftermath-of-squat-eviction-in-italy-915ef77f5010
2017-08-24,"AYS Daily Digest 23/08/17: Showers For All campaign sheds light on French state violence",https://areyousyrious.medium.com/ays-daily-news-digest-23-08-17-2b7911c8124f
2017-08-23,"AYS Daily Digest 22/08/17: NGOs prevent camp residents from joining protests",https://areyousyrious.medium.com/ays-daily-digest-22-8-17-ngos-preventing-camp-residents-from-joining-protests-aa791bb154c4
2017-08-22,"AYS Daily Digest 21/08/17: New wave of deportations ahead",https://areyousyrious.medium.com/ays-daily-digest-21-8-17-new-wave-of-deportations-ahead-f5e9d7492c60
2017-08-21,"AYS Daily Digest 20/08/17: Austria taking new measures against refugees",https://areyousyrious.medium.com/ays-daily-digest-20-08-2017-9d76321ebf5e
2017-08-19,"AYS Daily Digest 19/08/2017: Sweden — no country for old people!?",https://areyousyrious.medium.com/ays-daily-digest-19-8-2017-sweden-no-country-for-old-people-937ef7669a49
2017-08-19,"AYS Daily Digest 18/08/17: “Defend Europe” fascists defeated, but the threat is far from over",https://areyousyrious.medium.com/ays-daily-news-digest-18-08-17-defend-europe-fascists-defeated-but-the-threat-is-far-from-over-59fc800d14a4
2017-08-18,"AYS Daily Digest 17/08/17: New old route — Spain",https://areyousyrious.medium.com/ays-daily-digest-17-08-17-new-old-route-spain-8b1149847fd5
2017-08-16,"AYS SPECIAL: “I dream of flying.”",https://medium.com/are-you-syrious/ays-special-i-dream-of-flying-a9095492f58a
2017-08-15,"AYS Daily Digest 14/08/17: Thousands are now trapped in unsafe Libya",https://areyousyrious.medium.com/ays-daily-digest-14-08-17-thousands-are-now-trapped-in-unsafe-libya-7b3df6a141b6
2017-08-14,"AYS Daily Digest 13/08/17: Uncertain future NGO activities off Libyan shores",https://areyousyrious.medium.com/ays-daily-digest-13-8-2017-uncertain-future-ngo-activities-off-libyan-shores-8412ad558266
2017-08-12,"AYS Daily Digest 11/08/17: C-Star boat helped by NGO rescue ship",https://areyousyrious.medium.com/ays-daily-digest-11-08-2017-c-star-ship-helped-by-rescue-ship-72df6df5bef1
2017-08-11,"AYS Daily Digest 10/08/17: Rhodes—Another island, same shameful camps",https://areyousyrious.medium.com/ays-daily-digest-10-08-2017-rhodes-another-island-same-shameful-camps-327832412d31
2017-08-10,"AYS SPECIAL: Rhodes—A forgotten place",https://medium.com/are-you-syrious/ays-special-report-from-rhodos-forgotten-place-52e65d3fe576
2017-08-10,"AYS Daily Digest 09/08/17: Language barrier leveraged in dehumanization of refugees",https://areyousyrious.medium.com/ays-daily-digest-09-08-2017-3d5049c8e551
2017-08-09,"AYS Daily Digest 08/08/17: Afghan youths in Sweden have had enough of the deportations",https://areyousyrious.medium.com/ays-daily-digest-08-08-17-afghan-youths-in-sweden-have-had-enough-of-the-deportations-192aac4fa6be
2017-08-08,"AYS Daily Digest 07/08/17: A growing number of arrivals, and of obstacles",https://areyousyrious.medium.com/ays-daily-digest-7-8-17-a-growing-number-of-arrivals-and-of-obstacles-1bfec1b0b443
2017-08-07,"AYS Daily Digest 06/08/17: Seenotrettung is NOT a crime!",https://areyousyrious.medium.com/daily-digest-6-8-2017-seenotrettung-is-not-a-crime-57577c2e2384
2017-08-05,"AYS Daily Digest 04/08/17: What happens after the world stops caring—Anniversary of ISIS’ genocidal…",https://areyousyrious.medium.com/ays-daily-digest-04-08-2017-what-happens-after-the-world-stops-caring-anniversary-of-isis-31b8b9351f81
2017-08-03,"AYS Daily Digest 03/08/17: Are all Dublin deportees a security threat?",https://areyousyrious.medium.com/ays-daily-digest-03-08-17-new-joint-report-about-how-croatia-is-failing-to-provide-safe-asylum-6fdd5cd0553
2017-08-03,"AYS Daily Digest 02/08/17: Put an end to policies separating families",https://areyousyrious.medium.com/ays-daily-digest-02-08-17-put-an-end-to-policies-separating-families-292e0c34a7de
2017-07-31,"AYS Daily Digest 30/07/17: Updates on Lesvos police violence",https://areyousyrious.medium.com/ays-daily-digest-30-07-17-updates-on-lesvos-police-violence-8ddb6acf9ded
2017-07-30,"AYS Daily Digest 29/07/17: First wedding of Syrians to take place on Lesbos",https://areyousyrious.medium.com/ays-daily-digest-29-07-17-first-wedding-of-syrians-to-take-place-on-lesbos-2ffda0da5c79
2017-07-28,"AYS Daily Digest 27/07/17: Macron seeks to create hotspots in Libya",https://areyousyrious.medium.com/ays-daily-digest-27-7-17-macron-seeks-to-create-hotspots-in-libya-4237261ab32f
2017-07-27,"AYS Daily Digest 26/07/17: European Court of Justice ruling regarding the Dublin III Regulation",https://areyousyrious.medium.com/ays-daily-digest-26-7-17-european-court-of-justice-ruling-regarding-the-dublin-iii-regulation-8321b0bdf42a
2017-07-25,"AYS Daily Digest 24/07/17: Terror and uncertainty on Lesvos",https://areyousyrious.medium.com/ays-daily-digest-24-07-2017-terror-and-uncertainty-on-lesvos-d8f7de15942b
2017-07-24,"AYS Daily Digest 23/07/17: Moria Hunger Strike continues",https://areyousyrious.medium.com/ays-daily-digest-23-07-2017-moria-hunger-strike-continues-6ce43f4e8307
2017-07-21,"AYS Daily Digest 21/07/17: Preliminary hearings for the Moria 35",https://areyousyrious.medium.com/ays-daily-digest-21-7-2017-preliminary-hearings-for-the-moria-35-2c4db66ec873
2017-07-20,"AYS Daily Digest 19/07/17: The situation of unaccompanied child minors in Greece is untenable",https://areyousyrious.medium.com/ays-daily-digest-19-07-17-the-situation-of-unaccompanied-child-minors-in-greece-is-untenable-8d7ce4d3b06b
2017-07-19,"AYS Daily Digest 18/7/17: Another day of violence in Moria",https://areyousyrious.medium.com/ays-daily-digest-18-7-17-another-day-of-violence-in-moria-a52a354458bf
2017-07-15,"AYS Daily Digest 15/07/17: Dangerous game for returnees to Afghanistan",https://areyousyrious.medium.com/ays-daily-digest-15-07-2017-dangerous-game-for-returnees-to-afghanistan-5f4f778a46a7
2017-07-13,"AYS Daily Digest 13/07/17: Italian government proposal could put thousands of lives at risk",https://areyousyrious.medium.com/ays-daily-digest-13-07-2017-italian-government-proposal-that-could-put-thousands-of-lives-at-risk-379a0b5a132e
2017-07-12,"AYS Daily Digest 11/07/17: “Cutting the legs of solidarity outside the official camps”",https://areyousyrious.medium.com/ays-daily-digest-11-7-17-cutting-the-legs-of-solidarity-outside-the-official-camps-8fc96c54f9bf
2017-07-11,"AYS Daily Digest 10/07/17: Waiting and hoping in Serbia",https://areyousyrious.medium.com/ays-daily-digest-10-7-2017-waiting-and-hoping-in-serbia-abfcc6c29d6f
2017-07-10,"AYS Daily Digest 09/07/17: Afghan refugee deported from Austria, will not receive financial support",https://areyousyrious.medium.com/ays-daily-digest-9-7-17-afghan-refugee-deported-from-austria-will-not-receive-financial-support-20b7db70b659
2017-07-09,"AYS Daily Digest 08/07/17: Hearts and minds, lives at stake in the battle for truth",https://areyousyrious.medium.com/ays-daily-digest-8-7-2017-2ef11a9552b7
2017-07-08,"AYS Daily Digest 07/07/17: 34th eviction at Porte de la Chapelle in Paris",https://areyousyrious.medium.com/ays-dail-digest-7-7-2017-34th-eviction-at-port-de-la-chapelle-in-paris-9f2256dbc13e
2017-07-05,"AYS Daily Digest 05/07/17: Sharing responsibility on the Mediterranean",https://areyousyrious.medium.com/ays-daily-digest-05-07-17-sharing-responsibility-on-the-mediterranean-c200693c3d9c
2017-07-04,"AYS Daily Digest 03/07/17: Italy-Europe agreements over refugees lives",https://areyousyrious.medium.com/ays-daily-digest-03-07-2017-italy-europe-agreements-over-refugees-lives-b5c4352829d5
2017-07-03,"AYS Daily Digest 02/07/17: Atrocious conditions on Chios",https://areyousyrious.medium.com/ays-daily-digest-02-07-17-scorching-heat-on-chios-f7933455b18
2017-07-02,"AYS Daily Digest 01/07/17: Hunger strike in Moria carries on",https://areyousyrious.medium.com/ays-daily-digest-01-07-2017-hunger-strike-in-moria-carries-on-15b3b3754fcd
2017-06-30,"AYS Daily Digest 29/06/17: EU funds for refugee support in Turkey are used to detain and deport…",https://areyousyrious.medium.com/ays-daily-digest-29-6-17-eu-funds-for-refugee-support-in-turkey-are-used-to-detain-and-deport-them-b9f02cead802
2017-06-29,"AYS Daily Digest 28/6/17: They decide, the others die",https://areyousyrious.medium.com/ays-daily-digest-28-6-17-they-decide-the-others-die-277e82b42baa
2017-06-28,"AYS Daily Digest 27/06/17: Up to 10 000 people rescued in the Mediterranean in three days",https://areyousyrious.medium.com/ays-daily-digest-27-06-17-up-to-10-000-people-rescued-in-the-mediterranean-in-three-days-caee4708da1d
2017-06-26,"AYS Daily Digest 25/6/17: Busy weekend for crossings all over the Mediterranean",https://areyousyrious.medium.com/ays-daily-digest-25-6-2017-busy-weekend-of-crossings-all-over-the-mediterranean-cf83054995c3
2017-06-25,"AYS Daily Digest 24/6/2017: New information from 13 detention centres in Libya",https://areyousyrious.medium.com/ays-daily-digest-24-6-2017-new-information-from-13-detention-centres-in-libya-dbfb0e01788
2017-06-22,"AYS Daily Digest 21/06/17: UNHCR’s resettlement is not available for everyone",https://areyousyrious.medium.com/ays-daily-digest-21-06-17-unhcrs-resettlement-is-not-available-for-everyone-63c1429a8ef4
2017-06-21,"AYS SPECIAL: Refugees stuck in and around the camp Porte de la Chapelle",https://medium.com/are-you-syrious/ays-special-refugees-stuck-in-and-around-the-camp-porte-de-la-chapelle-69010d86795f
2017-06-21,"AYS Daily Digest 20/06/17: Reports of three new shipwrecks ahead of World Refugee Day",https://areyousyrious.medium.com/ays-daily-digest-20-06-17-reports-of-three-new-shipwrecks-ahead-of-world-refugee-day-17003e5e12fa
2017-06-20,"AYS Daily Digest 19/6/17: Rome evicts its refugees; people choosing death over return to Libya",https://areyousyrious.medium.com/ays-daily-digest-19-6-17-rome-evicts-its-refugees-people-choosing-death-over-return-to-libya-8d49d67b74e1
2017-06-18,"AYS SPECIAL: Story about nightmares and children who do not have dreams",https://medium.com/are-you-syrious/ays-special-story-about-nightmares-and-children-who-do-not-have-dreams-e633399e0c98
2017-06-18,"AYS SPECIAL: Refugees do not find a home in Lithuania",https://medium.com/are-you-syrious/ays-special-refugees-do-not-find-home-in-lithuania-31ecb7185ee8
2017-06-18,"AYS Daily Digest 17/06/17: Imminent deportations from France to Afghanistan",https://areyousyrious.medium.com/ays-daily-digest-17-6-2017-imminent-deportations-from-france-to-afghanistan-f484bea1bec4
2017-06-17,"AYS Daily Digest 16/06/2017: Controversy over rescue operations… but they continue saving lives",https://areyousyrious.medium.com/ays-daily-digest-16-06-2017-controversy-over-rescuers-but-they-keep-saving-lives-6d251c3cf1a8
2017-06-15,"AYS Daily Digest 14/06/17: People trapped in the cruel labyrinth of institutions",https://areyousyrious.medium.com/ays-daily-digest-14-06-people-trapped-in-the-cruel-labyrinth-of-institutions-296cdb38b20b
2017-06-14,"AYS SPECIAL: The borders we have to open are those in our hearts",https://medium.com/are-you-syrious/ays-special-the-borders-we-have-to-open-are-those-in-our-hearts-165fdaef5d31
2017-06-14,"AYS Daily Digest 13/06/17: Shocking treatment of people in Hungary’s transit zones",https://areyousyrious.medium.com/ays-daily-digest-13-06-17-shocking-treatment-of-people-in-the-hungarian-tranzit-zone-e5359c2cbaa6
2017-06-13,"AYS Daily Digest 12/06/17: Police brutality in Serbia and Croatia goes unpunished",https://areyousyrious.medium.com/ays-daily-digest-12-06-17-625934dd6605
2017-06-12,"AYS Daily Digest 11/06/17: Another tragedy in the Mediterranean",https://areyousyrious.medium.com/ays-daily-digest-10-06-2017-another-tragedy-in-the-mediterranean-e82eebcd639b
2017-06-10,"AYS Daily Digest 10/06/2017: Pregnant woman and 31 children among those rescued at sea",https://areyousyrious.medium.com/ays-daily-digest-10-06-2017-pregnant-woman-and-31-children-among-rescued-in-the-sea-e3f150486621
2017-06-10,"AYS Daily Digest 9/06/17: Facing down Fortress Europe",https://areyousyrious.medium.com/ays-daily-digest-9-06-17-facing-down-fortress-europe-ae4222f4c67e
2017-06-09,"AYS Daily Digest 08/06/17: EU Advocate General on cases of ‘irregular crossings’",https://areyousyrious.medium.com/ays-daily-digest-08-06-17-eu-advocate-general-on-cases-of-irregular-crossings-cd01f8540673
2017-06-08,"AYS Daily Digest 07/06/17; Upcoming evictions from three squats in Athens",https://areyousyrious.medium.com/ays-daily-digest-07-06-17-9d75eee0420d
2017-06-07,"AYS Daily Digest 6/6/2017: 18th eviction for Baobab, immediately occupied again",https://areyousyrious.medium.com/ays-daily-digest-6-6-2017-18th-eviction-for-baobab-immediately-occupied-again-e9012ab9820
2017-06-05,"AYS DAILY DIGEST 4/6/2017: Heavy fire in Swedish refugee accomodation",https://areyousyrious.medium.com/ays-daily-digest-4-6-2017-heavy-fire-in-swedish-refugee-accomodation-9625cf00533e
2017-06-04,"AYS DAILY DIGEST 3/6/2017 Voices from Serbia",https://areyousyrious.medium.com/ays-daily-digest-3-6-2017-voices-from-serbia-bcaf657d82cb
2017-06-03,"AYS DAILY DIGEST 2/6/2017: Elliniko camp evacuated",https://areyousyrious.medium.com/ays-daily-digest-2-6-2017-elliniko-camp-evacuated-487fe0bf723b
2017-06-02,"AYS SPECIAL: Story about Europe, UNHCR and refugees or how everything went wrong",https://medium.com/are-you-syrious/ays-special-story-about-europe-unhcr-and-refugees-or-how-everything-went-wrong-4a2939d68298
2017-06-01,"AYS DAILY DIGEST 1/6/2017: Germany temporary stopped deportations to Afghanistan",https://areyousyrious.medium.com/ays-daily-digest-1-6-2017-germany-temporary-stopped-deportations-to-afghanistan-94fe193fd789
2017-05-31,"AYS Daily Digest 30/5/17: Sweden to deport more people to Afghanistan",https://areyousyrious.medium.com/ays-daily-digest-30-5-17-sweden-to-deport-more-people-to-afghanistan-d3abc84ace63
2017-05-30,"AYS Daily Digest 29/5/2017: New cases of police violence on the Croatian border",https://areyousyrious.medium.com/ays-digest-29-5-2017-new-cases-of-police-violence-on-the-croatian-border-31e46ae20c18
2017-05-29,"AYS Digest 28/5/2017: 10,000 refugees rescued over the last four days",https://areyousyrious.medium.com/ays-digest-28-5-2017-10-000-refugees-rescued-over-the-last-four-days-faa8bbf1096f
2017-05-27,"AYS DAILY DIGEST: 27/5/2017: New arrivals, old problems in Europe",https://areyousyrious.medium.com/ays-daily-digest-27-5-2017-new-arrivals-old-problems-in-europe-460742b9ba46
2017-05-27,"AYS DAILY DIGEST 26/05/17: G7 Summit opens as rescue ship enters distress nearby",https://areyousyrious.medium.com/ays-daily-digest-26-05-17-g7-summit-opens-as-rescue-ship-enters-distress-nearby-dafe2b653fce
2017-05-25,"AYS SPECIAL: Inside the Hungarian closed camp",https://medium.com/are-you-syrious/ays-special-inside-the-hungarian-closed-camp-98aec8c3e289
2017-05-25,"AYS Daily Digest 24/5/2017: 100-days-long protest in Helsinki",https://areyousyrious.medium.com/ays-daily-digest-24-5-2017-100-days-long-protest-in-helsinki-8c67e66e4e2b
2017-05-24,"AYS Daily Digest - 23/05/2017: Human rights are at risk in Greece",https://areyousyrious.medium.com/ays-daily-digest-23-05-2017-human-rights-are-at-risk-in-greece-d929d49a0256
2017-05-23,"AYS News Digest 22/5/17: Growing uncertainty among those being (re)moved",https://areyousyrious.medium.com/ays-news-digest-22-5-17-growing-uncertainty-among-those-being-re-moved-f453b9c86052
2017-05-22,"AYS 21/05/2017:NGOs prepare to withdraw from Greek islands",https://areyousyrious.medium.com/ays-21-05-2017-ngos-prepare-to-withdraw-from-greek-islands-aab5c4a0a577
2017-05-20,"AYS 20/05/2017: Desperate living conditions for refugees in Serbia",https://areyousyrious.medium.com/ays-20-05-2017-desperate-living-conditions-for-refugees-in-serbia-9cfef314e118
2017-05-20,"AYS Daily Digest 19/05/2017: Police brutality returns, capitalizing upon Media short attention span.",https://areyousyrious.medium.com/ays-daily-digest-19-05-2017-police-brutality-returns-capitalizing-upon-media-short-attention-span-5efbbf99e9c9
2017-05-16,"AYS Daily Digest 15/5/17: Dangerous deportations by the ‘fenced’ Europe continue",https://areyousyrious.medium.com/ays-daily-digest-15-5-17-dangerous-deportations-by-the-fenced-europe-continue-cf94fbb27b14
2017-05-15,"AYS DAILY DIGEST 14/05/2017: Germany and Italy want to stop refugees at Libya’s southern border",https://areyousyrious.medium.com/greece-9c8bfe621b98
2017-05-14,"AYS DAILY DIGEST 13/05/2017: Two parallel realities in Greece",https://areyousyrious.medium.com/ays-daily-digest-13-05-2017-two-parallel-realities-in-greece-57990d6b08f6
2017-05-13,"AYS Daily Digest 12/05/2017",https://areyousyrious.medium.com/ays-daily-digest-12-05-2017-58de0a0554be
2017-05-12,"AYS Daily Digest 11/05/2017: Naval force jeopardizes volunteers and refugees",https://areyousyrious.medium.com/ays-daily-digest-11-05-2017-naval-force-jeopardizes-volunteers-and-refugees-7fce91d841b0
2017-05-11,"AYS Daily Digest 10/05/2017: Money talks, humans silenced",https://areyousyrious.medium.com/ays-daily-digest-10-05-2017-money-talks-humans-silenced-452c1f76e18
2017-05-10,"AYS Daily Digest 9/5/17: Large-scale evacuations of makeshift camps",https://areyousyrious.medium.com/ays-daily-digest-9-5-17-large-scale-evacuations-of-makeshift-camps-a1349184bbbb
2017-05-09,"AYS Daily Digest 08/05/17: 6000 arrivals by sea this weekend, at least 193 lives lost",https://areyousyrious.medium.com/ays-daily-digest-08-05-17-6000-arrivals-by-sea-this-weekend-at-least-193-lives-lost-7c8e127f4c53
2017-05-08,"AYS Daily Digest 07/05/17: About 6000 people rescued at sea",https://areyousyrious.medium.com/ays-daily-digest-07-05-17-about-6000-people-rescued-at-sea-b6fc6c8c6d2f
2017-05-07,"AYS 06/05/2017: Frontex to be deployed to Serbia and Macedonia",https://areyousyrious.medium.com/ays-06-05-2017-frontex-to-be-deployed-to-serbia-and-macedonia-315bd8baff5f
2017-05-06,"AYS Daily Digest 05/05/2017: Forcible returns are a huge cost for the EU",https://areyousyrious.medium.com/ays-daily-digest-05-05-2017-forcible-returns-are-a-huge-cost-for-the-eu-b7f5ba2edae2
2017-05-05,"AYS Daily Digest 04.05.2017: Several injured in various clashes and fascist attacks in Greece.",https://areyousyrious.medium.com/ays-daily-digest-04-05-2017-several-injured-in-various-clashes-and-fascist-attacks-in-greece-fa1a013a3c08
2017-05-04,"AYS Daily Digest 03/05/2017 Families held in Kalamata",https://areyousyrious.medium.com/ays-daily-digest-03-05-2017-families-held-in-kalamata-6ff2c68c5880
2017-05-03,"AYS Daily Digest 02/05/17: Human rights group calls for suspension of EASO from involvement in…",https://areyousyrious.medium.com/ays-daily-digest-02-05-17-human-rights-group-calls-for-suspension-of-easo-from-involvement-in-4a46d3e19c33
2017-05-02,"AYS Daily Digest 01/05/17: Police raids and expulsions more frequent",https://areyousyrious.medium.com/ays-daily-digest-01-05-17-police-raids-and-expulsions-more-frequent-b107731d8df7
2017-04-29,"AYS DAILY DIGEST 29.4.2017: The European Union members states responsibility",https://areyousyrious.medium.com/ays-daily-digest-29-4-2017-the-european-union-members-states-responsibility-a8abe4ee54cf
2017-04-29,"AYS SPECIAL: Refugees helping refugees",https://medium.com/are-you-syrious/ays-special-refugees-helping-refugees-512c07ec2671
2017-04-28,"AYS Daily News Digest 27/4/2017 Solidarity is not a crime",https://areyousyrious.medium.com/ays-daily-news-digest-27-4-2017-solidarity-is-not-a-crime-df1327b601ad
2017-04-27,"AYS Daily News Digest 26/04/17: Are women and children a national security threat?",https://areyousyrious.medium.com/ays-daily-news-digest-27-04-17-croatian-ngos-expose-arbitrary-and-unlawful-government-practices-3c2381e15c4f
2017-04-26,"AYS DAILY NEWS DIGEST 25.04.2017 Majority of Afghan asylum seekers have their applications rejected",https://areyousyrious.medium.com/ays-daily-news-digest-25-04-2017-1971890c9ebd
2017-04-25,"AYS SPECIAL: For some people Lesvos is all they will ever know of Europe.",https://medium.com/are-you-syrious/ays-special-for-some-people-lesvos-is-all-they-will-ever-know-of-europe-186c96f8ffd1
2017-04-24,"AYS Daily News Digest 23.04.2017: 3rd day of hunger strike in Moria",https://areyousyrious.medium.com/ays-daily-news-digest-23-04-2017-3rd-day-of-hunger-strike-in-moria-ca72f4d64412
2017-04-23,"AYS Daily News Digest 22.04.2017: Refugee minors sexually exploited in Greece",https://areyousyrious.medium.com/ays-daily-news-digest-22-04-2017-refugee-minors-sexually-exploited-in-greece-7be427ce2325
2017-04-22,"AYS Daily News Digest 21.04.2017: Fascists arrested following assaults at Souda Camp",https://areyousyrious.medium.com/ays-daily-news-digest-21-04-2017-fascists-arrested-following-assaults-at-souda-camp-4f2f6a385d24
2017-04-21,"AYS Daily Digest 20/04/17: Racist attacks on Chios",https://areyousyrious.medium.com/ays-daily-digest-20-04-17-racist-attacks-on-chios-9b8f92b2d5ae
2017-04-20,"Stories from Ventimiglia (2): A glimmers of hope",https://areyousyrious.medium.com/stories-from-ventimiglia-2-a-glimmers-of-hope-c2274826e62d
2017-04-20,"AYS Daily Digest 19.04.2017: Housing reshuffles and sanitation problems in Greece, the blame game.",https://areyousyrious.medium.com/ays-daily-digest-19-04-2017-housing-reshuffles-and-sanitation-problems-in-greece-the-blame-game-f9542d9e6f01
2017-04-19,"AYS SPECIAL: Story from Macedonian camps and about push backs",https://medium.com/are-you-syrious/ays-special-story-from-macedonian-camps-and-about-push-backs-ec026bc54026
2017-04-17,"AYS SPECIAL: Mental torture of asylum seekers detained in UK",https://medium.com/are-you-syrious/ays-special-mental-torture-of-asylum-seekers-detained-in-uk-a61bf7fca1ed
2017-04-17,"AYS Digest 16.04.17 — Misery in Paris",https://areyousyrious.medium.com/ays-digest-16-04-17-misery-in-paris-ff415bb2d47a
2017-04-15,"AYS Daily Digest 14/04/2017: Thousands rescued from the sea",https://areyousyrious.medium.com/ays-daily-digest-14-04-2017-thousands-rescued-from-the-sea-e1be365614c2
2017-04-14,"AYS Daily News Digest 13.04.17:",https://areyousyrious.medium.com/ays-daily-news-digest-13-04-17-5ee88d9d6e3b
2017-04-13,"AYS Daily Digest 12/04/17: Europe’s “wake up call” comes too late.",https://areyousyrious.medium.com/ays-daily-digest-12-4-europes-wake-up-call-comes-too-late-c1ec6a5007b0
2017-04-11,"DAILY DIGEST 11/4/2017: Closed borders brought us back to times of slave trade",https://areyousyrious.medium.com/daily-digest-11-4-2017-closed-borders-brought-us-back-to-times-of-slave-trade-c9864c7cb529
2017-04-11,"AYS Daily Digest 10/04/17: Fire in La Linière",https://areyousyrious.medium.com/ays-daily-digest-10-04-17-fire-in-la-lini%C3%A8re-6ecf87fd3871
2017-04-10,"AYS DAILY DIGEST 9/4/2017: New Projects in Greece and Serbia",https://areyousyrious.medium.com/ays-daily-digest-9-4-2017-new-projects-in-greece-and-serbia-9995b1e706ad
2017-04-09,"AYS Daily Digest 8/4/2017: Armed mob attacked refugees in Turkey",https://areyousyrious.medium.com/ays-daily-digest-8-4-2017-armed-mob-attacked-refugees-in-turkey-440b562e740a
2017-04-08,"AYS Daily Digest 07/04/17: Increased relocations and deportations causing more harm",https://areyousyrious.medium.com/ays-digest-07-04-17-increased-relocations-and-deportations-causing-more-harm-5a023858d976
2017-04-07,"AYS Daily News Digest 06.04.2017:",https://areyousyrious.medium.com/ays-daily-news-digest-06-04-2017-3c9a0706be66
2017-04-05,"This Week’s Solidarity Events in Europe",https://areyousyrious.medium.com/greece-5ccdbe8ec129
2017-04-04,"AYS Daily Digest 03/04/17: New wave of police raids and evictions of refugees in Greece",https://areyousyrious.medium.com/ays-daily-digest-03-04-17-new-wave-of-police-raids-and-evictions-of-refugees-in-greece-9c4b2455659c
2017-04-03,"Report from the Greek Islands: Rhodes, Kos, Leros, Samos, Chios and Lesvos",https://areyousyrious.medium.com/report-from-the-greek-islands-rhodes-kos-leros-samos-chios-and-lesvos-9755d8f1e0f4
2017-04-03,"AYS Digest 02/04/17: Greece looks to accelerate returns of refugees to Turkey",https://areyousyrious.medium.com/ays-digest-02-04-17-greece-looks-to-accelerate-returns-of-refugees-to-turkey-943ae7d0453b
2017-04-02,"AYS Daily Digest 1.4.2017 — With deportations to Afghanistan on the rise, desperation reigns",https://areyousyrious.medium.com/ays-daily-digest-1-4-2017-with-deportations-to-afghanistan-on-the-rise-desperation-reigns-21c0043e2a07
2017-04-01,"AYS DAILY DIGEST 31/3/17: “Killing has many faces and stealing has many, too”",https://areyousyrious.medium.com/ays-daily-digest-31-3-17-killing-has-many-faces-and-stealing-has-many-too-52e3e25f7b49
2017-03-30,"AYS Daily Digest 30/03/17: Young Syrian attempts suicide in a Chios camp",https://areyousyrious.medium.com/ays-daily-digest-30-03-17-young-syrian-attempts-suicide-in-a-chios-camp-547648862932
2017-03-29,"AYS Daily Digest 28/03/17: Mass deportation day for refugees in Sweden and Austria",https://areyousyrious.medium.com/ays-daily-digest-28-03-17-mass-deportation-day-for-refugees-in-sweden-and-austria-eb3bed5c18ec
2017-03-28,"AYS Daily Digest 27/03/17: Number of Turkish asylum seekers doubled in 2016",https://areyousyrious.medium.com/ays-daily-digest-27-03-17-number-of-turkish-asylum-seekers-doubled-in-2016-1b4347851a77
2017-03-27,"AYS Daily Digest 26/03/17: Is it refugee Mother‘s Day, too?",https://areyousyrious.medium.com/ays-daily-digest-26-03-17-is-it-refugee-mother-s-day-too-194191d3c7c
2017-03-26,"AYS DAILY DIGEST 25.03.2017",https://areyousyrious.medium.com/ays-daily-digest-25-03-2017-abea350d398e
2017-03-23,"AYS DIGEST 22/03: Refugee children live in “abysmal conditions”",https://areyousyrious.medium.com/a-new-report-by-the-council-of-europe-says-unaccompanied-children-in-europe-are-living-in-abysmal-86bfe06eefbd
2017-03-22,"DEBATE: What to do when volunteers become lackeys of authorities?",https://areyousyrious.medium.com/debate-what-to-do-when-volunteers-become-lackeys-of-authorities-765b45e561f8
2017-03-22,"AYS DAILY DIGEST 21/03/2017: Failure of institutions puts children in jail for weeks",https://areyousyrious.medium.com/ays-daily-digest-21-03-2017-failure-of-institutions-puts-children-in-jail-for-weeks-8156fe4f0f85
2017-03-20,"AYS SPECIAL: Living in humanitarian nightmare",https://medium.com/are-you-syrious/ays-special-living-in-humanitarina-nightmare-965c9c3f4a1d
2017-03-19,"AYS DAILY DIGEST 18/03/2017: More than 200 new arrivals to Greece",https://areyousyrious.medium.com/ays-daily-digest-18-03-2017-more-than-200-new-arrivals-to-greece-2a65cee782a1
2017-03-18,"AYS SPECIAL FROM TURKEY: The Kimlik is the issue",https://medium.com/are-you-syrious/ays-special-from-turkey-the-kimlik-is-the-issue-20d0f5e7efa1
2017-03-17,"AYS SPECIAL: Slow reunification process leaves families separated for a long time",https://medium.com/are-you-syrious/slow-reunification-process-leaves-family-separated-for-a-long-time-185e5835e73d
2017-03-17,"AYS DAILY NEWS DIGEST 16/3: Where there is stagnation, there is escalation.",https://areyousyrious.medium.com/ays-daily-news-digest-16-3-where-there-is-stagnation-there-is-escalation-4987c5a6c09b
2017-03-16,"AYS Daily Digest 15/03/17: After March 15 possible deportations to Greece",https://areyousyrious.medium.com/ays-daily-digest-15-03-17-after-march-15-possible-deportations-to-greece-b264c14002c2
2017-03-14,"AYS DAILY NEWS DIGEST 13/03/17 — Red Cross shamelessly prompts raids on refugee-run squats in…",https://areyousyrious.medium.com/ays-daily-news-digest-13-03-17-red-cross-shamelessly-prompts-raids-on-refugee-run-squats-in-c20a7dc42ec2
2017-03-13,"This Week’s Solidarity Events in Europe",https://areyousyrious.medium.com/this-weeks-solidarity-events-in-europe-20bd2088f697
2017-03-13,"AYS DAILY DIGEST 12/3/2017 — A psychological war against refugees",https://areyousyrious.medium.com/ays-daily-digest-12-3-2017-a-psychological-war-against-refugees-bc7c45762607
2017-03-12,"AYS DAILY DIGEST 11/3/2017: The future stopped at the closed borders",https://areyousyrious.medium.com/ays-daily-digest-11-3-2017-the-future-stopped-at-the-closed-borders-73d190e1982f
2017-03-11,"AYS SPECIAL: From Migrant Crisis to Detention Crisis",https://medium.com/are-you-syrious/ays-special-from-migrant-crisis-to-detention-crisis-84941596fa26
2017-03-11,"AYS Daily Digest 10/3: Who Bears the Cost?",https://areyousyrious.medium.com/ays-daily-digest-10-3-who-bears-the-cost-256fb47f2190
2017-03-10,"AYS DAILY NEWS DIGEST 09.03.17 — Relocation program highlights the failures of the EU",https://areyousyrious.medium.com/ays-daily-news-digest-09-03-17-relocation-program-highlights-the-failures-of-the-eu-4565c932e921
2017-03-09,"AYS Daily Digest 08/03/17: We offer waiting, risking, violence and a cold welcome",https://areyousyrious.medium.com/ays-daily-digest-08-03-17-we-offer-waiting-risking-violence-and-a-cold-welcome-23313700cb0e
2017-03-07,"AYS Daily Digest 07/03/17: Europe at it’s best — new laws, more suffering",https://areyousyrious.medium.com/ays-digest-07-03-europe-at-its-best-new-laws-more-suffering-40a04014d7a5
2017-03-06,"This Week’s Solidarity Events in Europe",https://areyousyrious.medium.com/this-weeks-solidarity-events-in-europe-8be95077b67f
2017-03-06,"AYS DAILY DIGEST 5/3/2017: Community center in Nea Kavala reopens",https://areyousyrious.medium.com/ays-daily-digest-5-3-2017-community-center-in-nea-kavala-reopens-9409ab404ac2
2017-03-03,"AYS DAILY NEWS DIGEST 02.03.2017",https://areyousyrious.medium.com/ays-daily-news-digest-02-03-2017-8e945e524055
2017-03-02,"AYS Daily Digest 01/03/17: Are some nationalities among the refugees purposely ignored?",https://areyousyrious.medium.com/ays-daily-digest-01-03-17-are-some-refugee-nationals-purposly-ignored-a90f6a02e9a3
2017-03-01,"Istanbul&I, How We Got To Know Each Other",https://areyousyrious.medium.com/istanbul-i-how-we-got-to-know-each-other-8be92aa89c90
2017-02-28,"AYS Daily Digest 28/2/17: Hungary to “Build that wall” making us all pay",https://areyousyrious.medium.com/ays-digest-28-2-hungary-to-build-that-wall-making-us-all-pay-b37ae77bd880
2017-02-28,"AYS SPECIAL: Meet Mohammed, one father struggling to reunite his family",https://medium.com/are-you-syrious/ays-special-meet-mohammed-one-father-struggling-to-reunite-his-family-863de6885f40
2017-02-28,"AYS DAILY DIGEST 27/2/2017 — Push them back",https://areyousyrious.medium.com/ays-daily-digest-27-2-2017-push-them-back-28a4e70040a1
2017-02-27,"AYS DAILY DIGEST 26/2: Court ruling provides promising update to Dublin enforcement.",https://areyousyrious.medium.com/ays-daily-digest-26-2-court-ruling-provides-promising-update-to-dublin-enforcement-c0e16d1b4662
2017-02-26,"AYS DAILY DIGEST 25/02/2017: UNHCR vs. people testimonies about life in Greek islands",https://areyousyrious.medium.com/ays-daily-digest-25-02-2017-unhcr-vs-people-testimonies-about-life-in-greek-islands-8b50869b57ae
2017-02-25,"AYS daily digest 24/02 — repeated Hungarian police brutality",https://areyousyrious.medium.com/mass-scale-border-police-brutality-how-much-longer-218a37a0b677
2017-02-24,"AYS Digest 23/02 — Unaccompanied children’s message to the UK government",https://areyousyrious.medium.com/ays-digest-23-02-6a31a57108e6
2017-02-22,"AYS digest 22/02: New Amnesty international yearly report — words will break bones",https://areyousyrious.medium.com/ays-digest-22-02-new-amnesty-international-yearly-report-words-will-break-bones-cfdc1b229049
2017-02-21,"AYS Daily Digest 20/02: Discrimination, expulsion and denial of rights — is this the best we can do?",https://areyousyrious.medium.com/ays-daily-digest-20-02-discrimination-expulsion-and-denial-of-rights-is-this-the-best-we-can-do-267df132530b
2017-02-20,"This Week’s Solidarity Events in Europe",https://areyousyrious.medium.com/this-weeks-solidarity-events-in-europe-683e9088675f
2017-02-20,"AYS DAILY DIGEST 19/02/2017: A glimpse hope for some minors stuck in France",https://areyousyrious.medium.com/ays-daily-digest-19-02-2017-a-glimpse-hope-for-at-some-minors-stuck-in-france-e0b255a251a9
2017-02-19,"AYS DAILY DIGEST 18/2/2017: Casa nostra es casa vostra",https://areyousyrious.medium.com/ays-daily-digest-18-2-2017-casa-nostra-es-casa-vostra-e6a3317af1f7
2017-02-18,"AYS NEWS DIGEST 17.02.17 — Children in Calais prevented from taking showers",https://areyousyrious.medium.com/ays-news-digest-17-02-17-children-in-calais-prevented-from-taking-showers-d12709b665c0
2017-02-17,"AYS NEWS DIGEST 16.02.17 — Enforcement of Dublin Regulations for Greece: What does this mean?",https://areyousyrious.medium.com/ays-news-digest-16-02-17-enforcement-of-dublin-regulations-for-greece-what-does-this-mean-b67d9282a929
2017-02-15,"AYS Daily Digest 14/02/17: The EU-Turkey deal has been a disaster for thousands",https://areyousyrious.medium.com/ays-daily-digest-14-02-17-the-eu-turkey-deal-has-been-a-disaster-for-thousands-ac16a570852f
2017-02-14,"AYS Digest 13/2: Stonewalled in Paris",https://areyousyrious.medium.com/ays-digest-13-2-stonewalled-in-paris-4dd9362f1430
2017-02-12,"Closed borders are damaging our mental health",https://areyousyrious.medium.com/closed-borders-are-damaging-our-mental-health-cf810a93d45b
2017-02-12,"AYS DAILY DIGEST 11/2/2017: Forced evictions of refugees in Turkey and France",https://areyousyrious.medium.com/ays-daily-digest-11-2-2017-forced-evictions-of-refugees-in-turkey-and-france-8d2db940278a
2017-02-10,"AYS DAILY DIGEST 09/02/17 — Follow up on police violence and push-backs",https://areyousyrious.medium.com/ays-daily-digest-02-09-17-follow-up-on-police-violence-and-push-backs-19f73f2de883
2017-02-09,"AYS NEWS DIGEST 08.02.17 — UK reneges on the Dubs Agreement, destroys hopes of refugee children",https://areyousyrious.medium.com/ays-news-digest-08-02-17-uk-reneges-on-the-dubs-agreement-destroys-hopes-of-refugee-children-97cc0ca96fe0
2017-02-08,"AYS Daily News Digest 07/02: More money, less care and slow relocation",https://areyousyrious.medium.com/ays-daily-news-digest-07-02-more-money-less-care-and-slow-relocation-9d5f7bf9351e
2017-02-06,"AYS digest 06/02: Hunger strikes in Greece, halted deportations to Afghanistan in Germany",https://areyousyrious.medium.com/ays-digest-06-02-hunger-strikes-in-greece-halted-deportations-to-afghanistan-in-germany-185da631cdf2
2017-02-02,"AYS DAILY DIGEST 2/2/2017: The explosion of a train wagon in Šid leaves six people badly injured",https://areyousyrious.medium.com/ays-daily-digest-2-2-2017-the-explosion-of-a-train-wagon-in-%C5%A1id-leaves-six-people-badly-injured-5fb4a8cc8067
2017-02-02,"AYS DAILY DIGEST 01/02: Refugees chased in Calais",https://areyousyrious.medium.com/ays-daily-digest-01-02-refugees-chased-in-calais-b5277482f4a1
2017-02-01,"Are You Syrious Digest 31/1: “Alternative facts” and the European way",https://areyousyrious.medium.com/are-you-syrious-digest-31-1-alternative-facts-and-the-european-way-76211440b7ac
2017-01-30,"AYS DAILY DIGEST 29/01/17 — No ban!",https://areyousyrious.medium.com/ays-daily-digest-29-1-17-no-ban-7215aa70e257
2017-01-29,"AYS DAILY DIGEST 28/01/2017: The events of today are so absurd that it is hard to believe this day…",https://areyousyrious.medium.com/ays-daily-digest-28-01-2017-the-events-of-today-are-so-absurd-that-it-is-hard-to-believe-this-day-9ec774f14e22
2017-01-29,"AYS DAILY DIGEST 28/01/2017: The events of today are so absurd that it is hard to believe this day…",https://areyousyrious.medium.com/ays-daily-digest-28-01-2017-this-day-is-so-absurd-that-it-is-hard-to-believe-it-really-happened-69938b2bda84
2017-01-27,"AYS NEWS DIGEST 26.01.17 — Borders and deportations, what else is new?",https://areyousyrious.medium.com/ays-news-digest-26-01-17-borders-and-deportations-what-else-is-new-f1478ac847c3
2017-01-26,"AYS DAILY DIGEST 25/01: Updates from Greece",https://areyousyrious.medium.com/ays-daily-digest-26-01-updates-on-greece-donations-needed-for-paris-a873ef05e2a7
2017-01-25,"AYS News Digest 24/01: Two young refugees lost their lives today",https://areyousyrious.medium.com/ays-news-digest-25-01-young-refugee-lives-slowly-fading-accross-europe-394879f46f66
2017-01-23,"AYS digest 23/01: Information makes the world go round",https://areyousyrious.medium.com/ays-digest-23-01-information-makes-the-world-go-round-when-we-share-it-we-build-knowledge-975b16356f0b
2017-01-23,"AYS DAILY DIGEST 22/01/17: Refugees are coming back to Calais",https://areyousyrious.medium.com/ays-daily-digest-22-01-1-refugees-are-coming-back-to-calais-abe1b048407
2017-01-22,"AYS DAILY DIGEST 21/01/2017: When solidarity prevails",https://areyousyrious.medium.com/ays-daily-digest-21-01-2017-when-solidarity-prevails-a39e837e3834
2017-01-21,"AYS Daily Digest 20.01.17 — Hungarian-style tactics documented in Croatia",https://areyousyrious.medium.com/ays-daily-digest-20-01-17-hungarian-style-tactics-documented-in-croatia-f9c41bfb1e7c
2017-01-20,"AYS Daily Digest 19/1 — Calls for help and solidarity all over Europe",https://areyousyrious.medium.com/ays-daily-digest-19-1-calls-for-help-and-solidarity-all-over-europe-101827ae66fd
2017-01-19,"AYS Daily News Digest 18/1: EU member states want to send refugees back to Greece but not relocate…",https://areyousyrious.medium.com/ays-daily-news-digest-18-1-eu-member-states-want-to-send-refugees-back-to-greece-but-not-relocate-442e8e65482f
2017-01-18,"AYS Daily News Digest 17/1: Massive negligence of minors and serious police abuse remain silently…",https://areyousyrious.medium.com/ays-daily-news-digest-17-1-massive-negligence-of-minors-and-serious-police-abuse-remain-silently-38c0815bdec5
2017-01-17,"Hrvatska “izgubila” djecu bez pratnje",https://areyousyrious.medium.com/hrvatska-izgubila-djecu-bez-pratnje-747904498b0a
2017-01-16,"AYS digest 16/01: No home, no peace, no rest",https://areyousyrious.medium.com/ays-digest-16-01-no-home-no-peace-no-rest-18c6dcfde63e
2017-01-16,"AYS DIGEST 15.01.17: Criminalisation of volunteers all over France",https://areyousyrious.medium.com/ays-digest-15-01-17-criminalisation-of-volunteers-all-over-france-53b23e1e7302
2017-01-15,"AYS DAILY DIGEST 14/01/2017: More than 100 people have drowned in the Mediterranean sea",https://areyousyrious.medium.com/ays-daily-digest-14-01-2017-more-than-100-people-have-drowned-in-the-mediterranean-sea-91159c2a8308
2017-01-13,"AYS Daily News Digest 12.1.17 — Hungary vows to make lives of refugees more difficult",https://areyousyrious.medium.com/ays-daily-news-digest-12-1-17-hungary-vows-to-make-lives-of-refugees-more-difficult-9d07d722be99
2017-01-12,"WAKE UP, EUROPE: Human beings in life threatening conditions",https://areyousyrious.medium.com/wake-up-europe-human-beings-in-life-threatening-conditions-6123880d07a7
2017-01-12,"AYS DIGEST 11/01 — Where authorities fail, volunteers stand firm",https://areyousyrious.medium.com/ays-digest-11-01-where-authorities-fail-volunteers-stand-firm-e7d4a279dc84
2017-01-11,"AYS Digest 10/1: Fluttering banners of resistance",https://areyousyrious.medium.com/ays-digest-10-1-fluttering-banners-of-resistance-2d0147f29e5c
2017-01-10,"AYS digest 09/01: If you are cold, count on Europe to steal your blanket",https://areyousyrious.medium.com/ays-digest-09-01-if-you-are-cold-count-on-europe-to-steal-your-blanket-fd5399d4cd48
2017-01-09,"AYS DIGEST 08/01 — Ceasefire not holding in Syria",https://areyousyrious.medium.com/ays-digest-08-01-ceasefire-not-holding-in-syria-1b505e17ee24
2017-01-08,"AYS DIGEST 7/1 —Surviving 2017: From cut water supply to attacks and hypothermia",https://areyousyrious.medium.com/ays-digest-7-1-surviving-2017-from-cut-water-supply-to-attacks-and-hypothermia-58e4a81cf741
2017-01-07,"AYS DAILY DIGEST 06.01.17 — Refugees endure harsh winter in Europe",https://areyousyrious.medium.com/greek-migration-policy-minister-yiannis-mouzalas-said-yesterday-36d9f031ab63
2017-01-04,"AYS digest 4/1: Activists facing prison time, governments let refugees freeze on the streets of…",https://areyousyrious.medium.com/ays-digest-4-1-activists-on-trial-while-people-are-freezing-on-the-streets-of-europe-8990087b4a4a
2017-01-03,"AYS DAILY DIGEST 3/1/2017: Closed borders took three young lives this year",https://areyousyrious.medium.com/ays-daily-digest-3-12-2017-closed-borders-took-three-young-lives-this-year-f625edc6764f
2017-01-01,"AYS DAILY DIGEST 1/1/2017: 47 people arrived in Greece at the beginning of new year",https://areyousyrious.medium.com/ays-daily-digest-1-1-2017-47-people-arrived-in-greece-at-the-beginning-of-new-year-2104999f7eb2
2016-12-30,"AYS DIGEST: 29/12 —Are the camps prepared for the cold?",https://areyousyrious.medium.com/ays-digest-29-12-new-ceasefire-in-syria-to-start-at-midnight-severe-weather-over-unprepared-5e931d1e502f
2016-12-29,"AYS DAILY DIGEST: 28/12/2016: Erdogan’s Peace Plan: Dismemberment of Syria, War against Kurds",https://areyousyrious.medium.com/ays-daily-digest-28-12-2016-peace-plans-for-syria-97b0459dbaf3
2016-12-26,"AYS DAILY DIGEST 25/12/2016: Refugees in Bosnia criminalized and kept in prison-like facilities",https://areyousyrious.medium.com/ays-daily-digest-25-12-2016-refugees-in-bosnia-criminalized-and-kept-in-prison-like-facilities-8e0a530a5e45
2016-12-24,"AYS Daily Digest 23.12.16",https://areyousyrious.medium.com/ays-daily-digest-23-12-16-ae454b518995
2016-12-22,"AYS DIGEST 21/12: Refugee women’s rights at risk in Greece",https://areyousyrious.medium.com/ays-digest-21-12-refugee-womens-rights-at-risk-in-greece-51599c09c43f
2016-12-20,"AYS Daily News Digest 19/12: Despair grows in Greek camps without electricity",https://areyousyrious.medium.com/ays-daily-news-digest-19-12-despair-grows-in-greek-camps-without-electricity-f2a8e62ad55
2016-12-19,"AYS Daily News Digest 18/12: What happens to refugees caught smuggled through your country?",https://areyousyrious.medium.com/ays-daily-news-digest-18-12-what-happens-to-refugees-caught-smuggled-through-your-country-c1105865a3d5
2016-12-17,"AYS DAILY DIGEST: 17/12/2016: Thousands of people facing catastrophic situation in Serbia",https://areyousyrious.medium.com/ays-daily-digest-17-12-2016-thousands-of-people-facing-catastrophic-situation-in-serbia-4827e7437e85
2016-12-17,"AYS 16/12: UK rejects all remaining asylum claims for refugee children in France",https://areyousyrious.medium.com/ays-16-12-uk-rejects-all-remaining-asylum-claims-for-refugee-children-in-france-f2fa4ab58a44
2016-12-15,"AYS Digest 14/12: Waiting for an evacuation",https://areyousyrious.medium.com/rebel-officials-say-a-new-ceasefire-is-to-come-into-effect-late-this-wednesday-and-evacuation-would-f14095248f2f
2016-12-14,"AYS DIGEST 13/12: “We said never again”",https://areyousyrious.medium.com/ays-digest-13-12-we-said-never-again-304aef12c2f0
2016-12-12,"AYS digest 12/12: “Impossible to determine the number of dead and displaced”",https://areyousyrious.medium.com/ays-digest-12-12-impossible-to-determine-the-number-of-displaced-2c473cb7445c
2016-12-11,"AYS DAILY DIGEST 11/12/2016: Baby boy born on boat sinking in the Mediterranean",https://areyousyrious.medium.com/ays-daily-digest-11-12-2016-baby-boy-born-on-the-drowning-boat-in-mediterranean-3d09dec7d94d
2016-12-11,"AYS Daily News Digest 10/12: Human rights?",https://areyousyrious.medium.com/ays-daily-news-digest-10-12-human-rights-4b28d0428c65
2016-12-10,"AYS DIGEST 09/12: Hungary treats refugees even more inhumanely",https://areyousyrious.medium.com/ays-digest-09-12-hungary-treats-refugees-even-more-inhumane-1aa29732f15c
2016-12-08,"AYS News 7/12: Closed borders do not stop refugees from coming, but they make their lives terrible",https://areyousyrious.medium.com/ays-news-7-12-closed-borders-do-not-stop-refugees-from-coming-but-they-make-their-lives-terrible-3eaeeca8c099
2016-12-05,"AYS DAILY DIGEST 05/12/2017: Volunteers are being prosecuted all over Europe",https://areyousyrious.medium.com/ays-daily-digest-05-12-2017-volunteers-are-being-prosecuted-all-over-europe-c1b60317fd56
2016-12-03,"AYS Daily News Digest 02/12: Victims of a broken system piling up across the continent",https://areyousyrious.medium.com/ays-daily-news-digest-02-12-victims-of-a-broken-system-piling-up-across-the-continent-d1620828d19
2016-12-02,"AYS DAILY DIGEST 01/12: The strongest have been broken",https://areyousyrious.medium.com/ays-daily-digest-01-12-the-strongest-have-been-broken-5c60b1d610dc
2016-11-30,"AYS News 29/11: When border becomes the condition of living",https://areyousyrious.medium.com/ays-news-29-11-when-border-becomes-the-condition-of-living-f8d93bc92c9f
2016-11-29,"AYS digest 28/11: Cold November rain does not stop and cannot put out fires",https://areyousyrious.medium.com/ays-digest-28-11-cold-november-rain-does-not-stop-and-cannot-put-out-fires-49f1a924037c
2016-11-26,"AYS 25/11 Hundreds of protesters arrested, to be deported from Bulgaria",https://areyousyrious.medium.com/ays-25-11-hundreds-of-protesters-arrested-to-be-deported-from-bulgaria-9dd73ce01f45
2016-11-25,"AYS News Digest 24.11.16:",https://areyousyrious.medium.com/ays-news-digest-24-11-16-d2067a4339ac
2016-11-22,"AYS 22/11: The population of refugees in Europe is growing, yet our understanding of the process of…",https://areyousyrious.medium.com/ays-22-11-the-population-of-refugees-in-europe-is-growing-yet-our-understanding-of-the-process-of-e1570886dce5
2016-11-22,"AYS Daily News Digest 21/11: Refugees’ deaths in Serbia — a consequence of Europe’s ignoring the…",https://areyousyrious.medium.com/ays-daily-news-digest-21-11-refugees-deaths-in-serbia-a-consequence-of-europe-s-ignoring-the-6a4ec5d0792f
2016-11-19,"AYS Daily News Digest 18/11: The world ignores one of Aleppo’s worst days; desperation in Greek…",https://areyousyrious.medium.com/ays-daily-news-digest-18-11-the-world-ignores-one-of-the-worst-days-for-aleppo-desperation-in-e180c1193dde
2016-11-18,"AYS DAILY DIGEST 17/11: Second night of fascist attacks on Souda camp",https://areyousyrious.medium.com/ays-daily-digest-17-11-second-night-of-fascist-attacks-on-souda-camp-9a50d5721bce
2016-11-17,"AYS Digest 16/11: Support needed in refugee camps as temperatures drop",https://areyousyrious.medium.com/ays-digest-16-11-support-needed-in-refugee-camps-as-temperatures-drop-d3299efbd2a0
2016-11-16,"AYS News 15/11: Winter is coming and bringing the new crisis for refugees in Europe",https://areyousyrious.medium.com/ays-news-15-11-winter-is-coming-and-bringing-the-new-crisis-for-refugees-in-europe-6e343d473a16
2016-11-14,"AYS digest 14/11: We hope, therefore we march. The borders stay closed",https://areyousyrious.medium.com/ays-digest-14-11-we-hope-therefore-we-march-the-borders-stay-closed-60a4b79ad4fe
2016-11-13,"AYS Daily Digest 12/11: Although Hatred Rains Down, Solidarity Will Grow",https://areyousyrious.medium.com/ays-daily-digest-although-hatred-rains-down-solidarity-will-grow-79562d03fcb2
2016-11-12,"AYS Digest 11/11: Refugees march towards the Croatian border",https://areyousyrious.medium.com/ays-digest-11-11-refugees-march-towards-the-croatian-border-55804ac4c434
2016-11-10,"AYS News Digest 10/11: Refugees in Serbia have no choice but to run and hide",https://areyousyrious.medium.com/ays-news-digest-10-11-refugees-in-serbia-have-no-choice-but-to-run-and-hide-a21881df24d3
2016-11-10,"AYS Daily News digest: 9/11: Refugee testimonies about mistreatment in Serbia",https://areyousyrious.medium.com/ays-daily-news-digest-9-11-refugee-testimonies-about-mistreatment-in-serbia-8c2bc49e529c
2016-11-07,"AYS DIGEST 06/11: Germany intends to adopt Australia-like system for migrants",https://areyousyrious.medium.com/ays-digest-06-11-germany-intends-to-adopt-australia-like-system-for-migrants-699098a65c7d
2016-11-06,"AYS Digest 05/11: Serbia asks volunteers to stop helping refugees in the streets of Belgrade",https://areyousyrious.medium.com/ays-digest-05-11-serbia-asks-volunteers-to-stop-helping-refugees-in-the-streets-of-belgrade-5a3b4bad4a17
2016-11-05,"AYS 4/11. Authorities evacuate thousands from the streets of Paris",https://areyousyrious.medium.com/ays-4-11-authorities-evacuate-thousands-from-the-streets-of-paris-cb16316e9407
2016-11-03,"AYS Digest 02/11 — “We are not dangerous…we are in danger!”",https://areyousyrious.medium.com/ays-digest-02-10-we-are-not-dangerous-we-are-in-danger-9300db0c76bc
2016-11-02,"AYS Daily News Digest 01/11: People freezing and getting ill in camps across Greece as Europe…",https://areyousyrious.medium.com/ays-daily-news-digest-01-11-people-freezing-and-getting-ill-in-camps-across-greece-as-europe-7eb0b9c99dfb
2016-11-01,"AYS digest 31/10: MSF tells it like it is — stories from Greece and beyond",https://areyousyrious.medium.com/ays-digest-31-10-msf-tells-it-like-it-is-stories-from-greece-and-beyond-4971a69c8a83
2016-10-29,"AYS DAILY DIGEST 29/10: Montenegro — a new route for refugees in the Balkans?",https://areyousyrious.medium.com/ays-daily-digest-29-10-montenegro-a-new-route-for-refugees-in-the-balkans-b7d5c72cba96
2016-10-29,"AYS Daily News Digest 28/10: Political ping-pong comes at a high cost to the most vulnerable",https://areyousyrious.medium.com/ays-daily-news-digest-28-10-political-ping-pong-costing-the-most-vulnerable-ones-c57f67499f43
2016-10-25,"AYS digest 24/10: Evictions, persecutions and fires — welcome to Europe of today",https://areyousyrious.medium.com/ays-digest-24-10-evictions-persecutions-and-fires-welcome-to-europe-of-today-efd3ca5a8be5
2016-10-24,"AYS DAILY DIGEST 23/10: Liberté, égalité, fraternité, but not for everybody.",https://areyousyrious.medium.com/ays-daily-digest-23-10-libert%C3%A9-%C3%A9galit%C3%A9-fraternit%C3%A9-but-not-for-everybody-a448e8a0f73e
2016-10-23,"AYS News Digest 22/10: Refugee mothers cut open, stitched up and sent back to filthy camps",https://areyousyrious.medium.com/ays-22-10-refugee-mothers-cut-open-stitched-up-and-sent-back-to-filthy-camps-22c5bfcfb838
2016-10-21,"AYS NEWS DIGEST 20/10 — MSF calls attention to squalid conditions in Greek camps.",https://areyousyrious.medium.com/ays-news-digest-20-10-msf-calls-attention-to-squalid-conditions-in-greek-camps-49e2149b4e66
2016-10-20,"AYS Digest 19/10: Still no Dubs Transfers",https://areyousyrious.medium.com/ays-digest-19-10-still-no-dubs-transfers-a6330b2d14bf
2016-10-18,"AYS News 18/10: Calais eviction sprouts new “Jungles” across France",https://areyousyrious.medium.com/ays-news-18-10-calais-eviction-sprouts-new-jungles-across-france-9e307db3225d
2016-10-17,"AYS 16/10: Refugee family killed by a car in front of Oreokastro camp",https://areyousyrious.medium.com/ays-16-10-refugee-family-killed-by-a-car-in-front-of-oreokastro-camp-ee93ba049e30
2016-10-16,"AYS digest 15/10: Four hospitals and an ambulance bombed in Aleppo",https://areyousyrious.medium.com/ays-digest-15-10-four-hospitals-and-an-ambulance-bombed-in-aleppo-b205b92435de
2016-10-15,"AYS NEWS DIGEST 14/10 — Manipulation and confusion for refugees on both sides of Europe",https://areyousyrious.medium.com/ays-news-digest-14-10-manipulation-and-confusion-for-refugees-on-both-sides-of-europe-a5abdb76ccba
2016-10-14,"AYS NEWS DIGEST 13/10 — “EU-Turkey Deal 2.0” with African states? A no-go.",https://areyousyrious.medium.com/ays-news-digest-13-10-eu-turkey-deal-2-0-with-african-states-a-no-go-764bd49751af
2016-10-12,"AYS 11/10: Calais: The fear of eviction constantly looming",https://areyousyrious.medium.com/ays-11-10-calais-the-fear-of-eviction-constantly-looming-15c4d0375349
2016-10-11,"AYS DIGEST DOUBLE FEATURE 09–10/10 — America condemns the brutal attack that killed at least 140 in…",https://areyousyrious.medium.com/ays-digest-10-10-some-of-the-kids-enrolled-in-greek-schools-majority-still-awaits-9b4168764b20
2016-10-09,"AYS Digest 8/10: Souda fire triggers new tragedies",https://areyousyrious.medium.com/ays-digest-8-10-souda-fires-trigger-new-tragedies-b901d1d7a70c
2016-10-08,"AYS DIGEST 7/10: Heroes of Peace — The White Helmets",https://areyousyrious.medium.com/ays-digest-7-10-heroes-of-peace-the-white-helmets-6fbbfb06cb72
2016-10-05,"AYS Digest 04/10: Refugees return to Belgrade after marching towards Hungarian border",https://areyousyrious.medium.com/refugees-return-to-belgrade-after-marching-towards-hungarian-border-b65275c72325
2016-10-03,"AYS 03/10: EU-Afghan deal: Death awaits in this ‘safe country’",https://areyousyrious.medium.com/ays-03-10-eu-afghan-deal-death-awaits-in-the-safe-country-571bc4143e8
2016-10-02,"AYS DAILY DIGEST 2/10: Humanity wins in Hungary",https://areyousyrious.medium.com/ays-daily-digest-2-10-humanity-wins-in-hungary-26455e44497f
2016-10-02,"Letter from Sindos Karamanlis residents to the Minister of Migration in Greece",https://areyousyrious.medium.com/letter-from-sindos-karamanlis-residents-to-the-minister-of-migration-in-greece-6f0ac609e98b
2016-09-30,"AYS NEWS DIGEST 29/9 — UN prepares for a mass exodus of civilians from Mosul",https://areyousyrious.medium.com/ays-news-digest-29-9-un-prepares-for-a-mass-exodus-of-civilians-from-mosul-e4e8f4e64396
2016-09-29,"Letter from the heads of 141 families in the Elliniko camp (Baseball site)",https://areyousyrious.medium.com/letter-from-the-heads-of-141-families-in-the-elliniko-camp-baseball-site-689989d7a1d8
2016-09-29,"AYS Digest 28.09 — Calais bracing for eviction",https://areyousyrious.medium.com/ays-digest-28-09-calais-bracing-for-eviction-55af37cdb7a7
2016-09-28,"AYS Digest 27/9: As doors close to Syrians fleeing by thousands, instead of ceasefire — Aleppo…",https://areyousyrious.medium.com/ays-digest-27-9-as-we-close-doors-to-syrians-fleeing-by-the-thousands-instead-of-ceasefire-171bd02c4c47
2016-09-26,"AYS digest 26/09: Calais to be shut down while more money is funneled to Turkey",https://areyousyrious.medium.com/ays-digest-26-09-calais-to-be-shut-down-while-more-money-is-funneled-to-turkey-4edb8ded00a5
2016-09-25,"AYS DAILY DIGEST 24–25/09: #borderscankill",https://areyousyrious.medium.com/ays-daily-digest-24-25-09-borderscankill-bddfb7acd057
2016-09-24,"AYS DAILY DIGEST 23/9: Do we still recognise human rights?",https://areyousyrious.medium.com/ays-daily-digest-23-9-do-we-still-remember-what-human-rights-are-73024535b7de
2016-09-23,"AYS Digest 22/09: 2016 will be the deadliest year on record in the Mediterranean Sea — Mayday!",https://areyousyrious.medium.com/ays-digest-22-09-2016-will-be-the-deadliest-year-on-record-in-the-mediterranean-sea-mayday-ece48948f6d8
2016-09-22,"AYS Digest 21/09: Boat with 600 people capsizes off Egyptian coast",https://areyousyrious.medium.com/ays-digest-21-09-boat-with-600-people-capsizes-off-egyptian-coast-23fe6e1f2233
2016-09-21,"AYS News Digest 20/9: The most urgent story of our time",https://areyousyrious.medium.com/ays-news-digest-20-9-the-most-urgent-story-of-our-time-456a2cfdb248
2016-09-19,"AYS digest 19/9: Overcrowding, despair, and riots, or self-determination?",https://areyousyrious.medium.com/ays-digest-19-9-overcrowding-despair-riots-or-selforganization-512393f8ccb3
2016-09-19,"AYS Digest 18/9: Volunteers call on UK to resettle unaccompanied minors from Calais",https://areyousyrious.medium.com/ays-digest-18-9-volunteers-call-on-uk-to-resettle-unaccompanied-minors-from-calais-757f4cf02bad
2016-09-18,"AYS DAILY DIGEST 17/9: Anger and disbelief among refugees in Greece",https://areyousyrious.medium.com/ays-daily-digest-17-9-anger-and-disbelief-among-refugees-in-greece-c919414f2c2
2016-09-16,"AYS digest 15/9: What what will become of unaccompanied minors in Calais?",https://areyousyrious.medium.com/ays-digest-15-9-what-what-will-become-of-unaccompanied-minors-in-calais-bdd4f821b92c
2016-09-15,"AYS News Digest 14/9: Refugee squat Notara 26 is open again",https://areyousyrious.medium.com/ays-news-digest-14-9-refugee-squat-notara-26-is-open-again-5d8c700a38c2
2016-09-14,"AYS NEWS DIGEST 13.09.2016: Speed up, Europe! Winter is coming",https://areyousyrious.medium.com/speed-up-europe-winter-is-coming-dd80587a74dd
2016-09-12,"AYS daily 12/09: Thousands rescued in the Mediterranean over the weekend",https://areyousyrious.medium.com/thousands-rescued-in-the-mediterranean-over-the-weekend-e34e68fbc67b
2016-09-12,"AYS DAILY DIGEST 11/9: Bulgarian media is inciting hate against refugees",https://areyousyrious.medium.com/ays-daily-digest-11-9-bulgarian-media-are-using-hate-speech-against-refugees-197f4b02c995
2016-09-11,"AYS digest 10/9: Compelled by the reports on poor conditions and slow progress, EU raises the…",https://areyousyrious.medium.com/ays-digest-10-9-compelled-by-the-reports-on-poor-conditions-and-slow-progress-eu-raises-stakes-in-2c3cfa8d8179
2016-09-08,"AYS digest 8/9: 73 Syrian NGOs have stopped cooperation with UN",https://areyousyrious.medium.com/ays-digest-73-syrian-ngos-have-stopped-cooperation-with-un-d966a1c40234
2016-09-07,"AYS News Digest 6/9: Pervasive sense of abandonment",https://areyousyrious.medium.com/ays-news-digest-6-9-pervasive-sense-of-abandonment-62f18d36e067
2016-09-05,"AYS digest 05/09: Mediterranean swallows more lives. How many more until safe passage?",https://areyousyrious.medium.com/mediterranean-swallows-more-lives-how-many-until-safe-passage-681830b7adce
2016-09-05,"AYS digest 4/9: EU “Solutions” that create problems",https://areyousyrious.medium.com/ays-digest-4-9-eu-solutions-that-create-problems-65d996c22a69
2016-09-02,"Are You Syrious Digest 02/09 — French Interior Minister promises to dismantle Calais camp",https://areyousyrious.medium.com/are-you-syrious-digest-02-09-french-interior-minister-promises-to-dismantle-calais-camp-4aa37c2599ef
2016-09-02,"AYS digest 1/9: Over 13,000 people saved in the past 4 days",https://areyousyrious.medium.com/ays-digest-1-9-over-13-000-people-saved-in-the-past-4-days-e878350d3bcf
2016-09-01,"AYS SPECIAL: Elpida — humanity, dignity, and community",https://medium.com/are-you-syrious/ays-special-elpida-humanity-dignity-and-community-ad03b19f8950
2016-08-31,"AYS digest 30/8: Surge of new arrivals to Greece and Italy",https://areyousyrious.medium.com/ays-digest-30-8-surge-of-new-arrivals-to-greece-and-italy-c045c4e4cb47
2016-08-30,"AYS Digest 29/8: Despite seeds of support sprouting, time ticks on.",https://areyousyrious.medium.com/ays-digest-29-8-despite-seeds-of-support-sprouting-time-ticks-on-ac54e4885440
2016-08-28,"AYS DAILY DIGEST 28/8: Food urgently needed in Dunkirk",https://areyousyrious.medium.com/ays-daily-digest-28-8-food-urgently-needed-in-dunkirk-f6effdd48101
2016-08-27,"AYS DAILY DIGEST 27/8: Animal-like treatment of people in refugee camps",https://areyousyrious.medium.com/ays-daily-digest-27-8-animals-like-treatment-of-people-in-refugee-camps-839389877f90
2016-08-27,"AYS Digest 26/8: Bulgaria and Hungary looking to secure their borders, fearing end of EU-Turkey…",https://areyousyrious.medium.com/ays-digest-26-8-bulgaria-and-hungary-looking-to-secure-their-borders-fearing-end-of-eu-turkey-1ced267ac66d
2016-08-26,"AYS SPECIAL: Europe has no idea what happens in Greece",https://medium.com/are-you-syrious/ays-special-europe-has-no-idea-what-happens-in-greece-9ed505f51fc3
2016-08-26,"AYS Digest 25/8: Back to School! and Solidarity in Italy",https://areyousyrious.medium.com/ays-digest-25-8-back-to-school-and-solidarity-in-italy-2861eb65dc5f
2016-08-25,"AYS SPECIAL REPORT FROM SERBIA: Stacked on the Balkan Route",https://medium.com/are-you-syrious/ays-special-report-from-serbia-stacked-on-the-balkan-route-113cd1a5e843
2016-08-25,"AYS Digest 24/8: Could this be the last chance to speed up the processes…?",https://areyousyrious.medium.com/ays-digest-24-8-could-this-be-the-last-chance-to-speed-up-the-processes-9c0d57f75aaf
2016-08-24,"AYS Digest 23/8: Still no clear longterm policy on relocation and resettlement of refugees",https://areyousyrious.medium.com/ays-digest-23-8-still-no-clear-longterm-policy-on-relocation-and-resettlement-of-refugees-21db9b063748
2016-08-22,"AYS News Digest 21/8: 3,156 refugees have been declared dead or missing in 2016",https://areyousyrious.medium.com/ays-news-digest-21-8-3-156-refugees-have-been-declared-dead-or-missing-in-2016-b903137dd885
2016-08-21,"AYS digest 20/8: Volunteers urged to report cases of malaria",https://areyousyrious.medium.com/ays-digest-20-8-volunteers-urged-to-report-cases-of-malaria-3c2531178d2e
2016-08-20,"AYS 19/8: Malaria unofficially confirmed in Sindos-Frakapor camp",https://areyousyrious.medium.com/ays-19-8-malaria-unofficially-confirmed-in-sindos-frakapor-camp-7a2b45cd64b3
2016-08-19,"AYS Digest 18/8: What choices for Syrian children?",https://areyousyrious.medium.com/ays-digest-18-8-what-choices-for-syrian-children-c40388a5e008
2016-08-17,"AYS digest 16/8: Slovenia and Bulgaria trying to cut off refugee routes",https://areyousyrious.medium.com/ays-digest-16-8-slovenia-and-bulgaria-trying-to-cut-off-refugee-routes-as-more-people-move-towards-e1a0f6f049ed
2016-08-15,"AYS Digest: 14/8 Parks are for People!",https://areyousyrious.medium.com/ays-digest-14-8-parks-are-for-people-7d4780f54305
2016-08-14,"AYS Daily Digest 13.08 — Worrying reports of sexual violence in Greek refugee camps",https://areyousyrious.medium.com/ays-daily-digest-14-08-worrying-reports-of-sexual-violence-in-greek-refugee-camps-719ee86ca9cf
2016-08-13,"AYS DAILY DIGEST 12/8: Abuse of refugees rights across Europe matched by new initiatives gaining…",https://areyousyrious.medium.com/ays-daily-digest-12-8-abuse-of-refugees-rights-across-europe-matched-by-new-initiatives-gaining-5595f6e5c2a3
2016-08-12,"AYS Digest 11/8: Camps continue to stagnate.",https://areyousyrious.medium.com/ays-digest-11-8-camps-continue-to-stagnate-890464bcc122
2016-08-10,"AYS DAILY DIGEST 10/8: On average, 58 unaccompanied minors arrive to Italy every day",https://areyousyrious.medium.com/pays-daily-digest-10-8-every-day-58-unaccompanied-minors-arrive-to-italy-e5315cc66279
2016-08-09,"#WithWhom? Contextualizing Team Refugees.",https://areyousyrious.medium.com/withwhom-contextualizing-team-refugees-bfb447ed817b
2016-08-09,"AYS News Digest 8/8: Protesting against indifference",https://areyousyrious.medium.com/ays-news-digest-8-8-fighting-indifference-6cdaeb9b60cb
2016-08-07,"AYS Daily Digest 7/8: Closed borders = money for smugglers",https://areyousyrious.medium.com/ays-daily-digest-7-8-people-have-to-pay-smugglers-up-to-3000-euro-for-just-one-part-of-their-169f3f3d75b5
2016-08-04,"AYS News Digest 4/8: Europe Let Me Down.",https://areyousyrious.medium.com/ays-news-digest-4-8-europe-let-me-down-ee5ad77a2725
2016-08-04,"AYS Special Report",https://medium.com/are-you-syrious/ays-special-report-302a851e584a
2016-08-01,"AYS digest 01/08: Follow the people of Aleppo, not the breaking news",https://areyousyrious.medium.com/ays-digest-01-08-follow-the-people-of-aleppo-not-the-breaking-news-25aa8c1d09c2
2016-07-31,"AYS DAILY DIGEST 31/7: Balkan route — busy and active again, despite closed borders",https://areyousyrious.medium.com/ays-daily-digest-31-7-balkan-route-busy-and-active-fa6f9df32186
2016-07-31,"AYS SPECIAL: Situation of refugees in northern Italy",https://medium.com/are-you-syrious/ays-special-situation-of-refugees-in-northern-italy-c5701864a3a4
2016-07-30,"AYS Daily News Digest 30/07: A new refugee born on a rescue boat",https://areyousyrious.medium.com/ays-daily-news-digest-30-07-a-new-refugee-born-on-a-rescue-boat-951da3f06aea
2016-07-29,"AYS DAILY NEWS DIGEST 28/7 — Eastern Aleppo residents are being strangled by the siege",https://areyousyrious.medium.com/ays-daily-news-digest-28-7-eastern-aleppo-residents-are-being-strangled-by-the-siege-ed5980425fbe
2016-07-27,"AYS SPECIAL: Last tent folded: refugees evicted from Piraeus port",https://medium.com/are-you-syrious/ays-special-last-tent-folded-refugees-evicted-from-piraeus-port-75384d490db0
2016-07-27,"AYS Short Report on the Eviction Day 27.07.2016",https://areyousyrious.medium.com/ays-short-report-on-the-eviction-day-28-07-2016-16eb43948e94
2016-07-25,"AYS digest 25/7: Still stuck between closed borders and violence while solidarity not backing down",https://areyousyrious.medium.com/ays-digest-25-7-still-stuck-in-between-closed-borders-and-violence-with-solidarity-running-strong-5ddcc3749e3d
2016-07-25,"AYS Daily Digest 24/7: While authorities strengthen surveillance, volunteers strengthening…",https://areyousyrious.medium.com/ays-daily-digest-25-7-with-the-new-wave-of-refugees-the-need-for-volunteers-increases-all-over-5dac2cd6f80b
2016-07-23,"AYS Daily Digest 23/7: MSF estimates 20 people have died in the Mediterranean Sea every day since…",https://areyousyrious.medium.com/ays-daily-digest-23-7-msf-estimates-20-people-have-died-in-the-mediterranean-sea-every-day-since-b66ad6da696c
2016-07-23,"AYS Daily Digest 22/7: Refugee protest march from Belgrade to Hungary",https://areyousyrious.medium.com/ays-daily-digest-22-7-refugee-protest-march-from-belgrade-to-hungary-c417c64294a
2016-07-22,"AYS Daily News Digest 21.07 — The terrorists are winning",https://areyousyrious.medium.com/ays-daily-news-digest-21-07-the-terrorists-are-winning-cc981c1bb9e3
2016-07-21,"Hope is tested through fires of cruelty: AYS Digest 20/7",https://areyousyrious.medium.com/hope-is-tested-through-fires-of-cruelty-ays-digest-20-7-124fc2a2ad12
2016-07-20,"AYS Daily News Digest 19/7: The Long Wait",https://areyousyrious.medium.com/ays-daily-news-digest-19-7-the-long-wait-56c082fb9154
2016-07-18,"AYS daily digest 18/7: Syria is burning in the aftermath of Nice tragedy",https://areyousyrious.medium.com/ays-daily-digest-18-7-syria-is-burning-in-the-aftermath-of-nice-tragedy-68b03e417330
2016-07-17,"AYS DIGEST 16/7 — Lest we forget, the Syrian people are under attack",https://areyousyrious.medium.com/ays-digest-16-7-lest-we-forget-the-syrian-people-are-under-attack-7e15c24d64a0
2016-07-16,"AYS DAILY DIGEST 15/07: Worrisome news from Hungary",https://areyousyrious.medium.com/ays-daily-digest-16-07-worrisome-news-from-hungary-b0ee4ddff7d2
2016-07-15,"AYS DIGEST 14/7/16: Man killed in fight at Elliniko",https://areyousyrious.medium.com/syria-1cfc65c739d7
2016-07-14,"AYS Digest 13/7: Refugees evacuated from Piraeus port",https://areyousyrious.medium.com/ays-digest-13-7-refugees-evacuated-from-piraeus-port-4f06c06abb11
2016-07-13,"AYS Daily News Digest 12/7: Far-right racist terror surges in Europe",https://areyousyrious.medium.com/ays-daily-news-digest-12-7-far-right-racist-terror-surges-in-europe-d2e58a9494cd
2016-07-11,"AYS 10/7: Chauvinism rears its ugly head in Greece once more, part of a long series of attacks…",https://areyousyrious.medium.com/ays-daily-news-digest-10-7-16-1237df3fa6c2
2016-07-10,"AYS 9/7 Refugees, police and locals clash as frustration explodes on Leros",https://areyousyrious.medium.com/ays-9-7-refugees-police-and-locals-clash-as-frustration-explodes-on-leros-deee94d951ff
2016-07-09,"AYS 8/7: Fear of more violence in Cherso and Leros, refugees beaten in Hungary",https://areyousyrious.medium.com/ays-8-7-fear-of-more-violence-in-cherso-and-leros-refugees-beaten-in-hungary-1414ba1431ce
2016-07-08,"AYS Daily News Digest 7/7: Hungary’s border war on refugees",https://areyousyrious.medium.com/ays-daily-news-digest-7-7-hungarys-border-war-on-refugees-d9116fcbe163
2016-07-04,"AYS Digest 4/7: Spiral of violence continues with attacks in three Saudi cities",https://areyousyrious.medium.com/spiral-of-violence-continues-with-attacks-in-three-saudi-cities-9484a868d25b
2016-07-04,"AYS DAILY DIGEST 7/3: The death tolls continues to skyrocket.",https://areyousyrious.medium.com/ays-daily-digest-7-3-the-death-tolls-continues-to-skyrocket-6aafd13aaf30
2016-07-03,"AYS Daily Digest: Police investigation of abuse of minors in Greece",https://areyousyrious.medium.com/ays-daily-digest-police-investigation-of-abuse-of-minors-in-greece-4ea009660740
2016-07-01,"AYS 30/6: Balkan route very active again, 10 women dead off Italian shore",https://areyousyrious.medium.com/ays-30-6-balkan-route-very-active-again-10-women-dead-off-italian-shore-afe2eb7ca0e9
2016-06-30,"AYS Special: “We are just alive, but not living.”",https://medium.com/are-you-syrious/ays-special-we-are-just-alive-but-not-living-dceda508a314
2016-06-29,"AYS DAILY DIGEST 29/06: The number of unaccompanied children crossing the Mediterranean increases",https://areyousyrious.medium.com/ays-daily-digest-29-06-the-number-of-unaccompanied-children-crossing-the-mediterranean-increases-30deaf5a2425
2016-06-29,"AYS DAILY DIGEST 28/06: More Injustice for Refugees",https://areyousyrious.medium.com/ays-daily-digest-28-06-more-injustice-for-refugees-9bbf3a011fc3
2016-06-27,"Volunteers needed on Horgoš and Kelebija border crossings",https://areyousyrious.medium.com/volunteers-needed-on-horgo%C5%A1-and-kelebija-border-crossings-4c23c2c2f4de
2016-06-27,"Refugees speaking out while volunteers take stronger root in camps.",https://areyousyrious.medium.com/refugees-speaking-out-while-volunteers-take-stronger-root-in-camps-8040d989386a
2016-06-25,"AYS DAILY DIGEST 25/06: Over 700 people rescued in Mediterranean",https://areyousyrious.medium.com/ays-daily-digest-25-06-over-700-people-rescued-in-mediterranean-f8f6d1dbd1ef
2016-06-23,"AYS NEWS DIGEST 23/06 – 4,500 rescued in the Mediterranean.",https://areyousyrious.medium.com/ays-news-digest-23-06-f2a127c8d864
2016-06-22,"AYS Special: Why would anyone miss Idomeni?",https://medium.com/are-you-syrious/ays-special-why-would-anyone-miss-idomeni-3c24534a96d5
2016-06-21,"AYS NEWS DIGEST 21/06: What Happens When Refugees Get To Where They’re Going?",https://areyousyrious.medium.com/ays-news-digest-21-06-what-happens-when-refugees-get-to-where-theyre-going-5429c6ae24b7
2016-06-20,"AYS NEWS DIGEST 19/06 — The Turkish border police has killed refugees once again.",https://areyousyrious.medium.com/ays-news-digest-19-06-turkish-border-police-kills-refugees-once-again-4694b698e92c
2016-06-19,"AYS News Digest 18/6: UN Secretary General fails to raise hopes of refugees stranded in Greece",https://areyousyrious.medium.com/greece-af9200d458fe
2016-06-18,"AYS News Digest 17/06: “They killed my husband. If you deport us, they will kill my son as well.”",https://areyousyrious.medium.com/ays-news-digest-17-06-they-killed-my-husband-if-you-deport-us-they-will-kill-my-son-as-well-65ea5736837
2016-06-16,"AYS News Digest 16/06: This is why men flee war.",https://areyousyrious.medium.com/ays-news-digest-16-06-this-is-why-men-flee-war-5396c542bb55
2016-06-14,"AYS News Digest 14/06: No place to call home",https://areyousyrious.medium.com/ays-news-digest-14-06-no-place-to-call-home-d7ea8fb01ba7
2016-06-13,"AYS Daily News Digest 12/06: Where are refugees now?",https://areyousyrious.medium.com/ays-daily-news-digest-12-06-where-are-refugees-now-166860852dcd
2016-06-11,"AYS NEWS DIGEST — Huge problem of unaccompanied Minors in Refugee Centers.",https://areyousyrious.medium.com/ays-news-digest-unaccompanied-minors-in-refugee-centers-45f54d954542
2016-06-09,"AYS NEWS DIGEST — Hospitals in Syria remain dreadful",https://areyousyrious.medium.com/ays-news-digest-hospitals-in-syria-remain-dreadful-7ea8876f2e52
2016-06-07,"AYS DAILY DIGEST",https://areyousyrious.medium.com/ays-daily-digest-916d49c2e7c9
2016-06-05,"AYS DAILY DIGEST — Another big refugee wave in the Balkans region",https://areyousyrious.medium.com/ays-daily-digest-another-big-refugee-wave-in-the-balkans-region-cad07639006c
2016-06-05,"AYS News Digest: 100+ Cases of Abuse on EU Doorstep — Hungarian Border",https://areyousyrious.medium.com/ays-news-digest-100-cases-of-abuse-on-eu-doorstep-97512a98ec1c
2016-06-03,"AYS News Digest: The Crisis Continues",https://areyousyrious.medium.com/ays-news-digest-the-crisis-continues-5ae78fe07c2e
2016-06-02,"AYS News Digest — Graveyard in the Mediterranean",https://areyousyrious.medium.com/ays-news-digest-graveyard-in-the-mediterranean-92e6bb2aaf43
2016-06-02,"AYS News Digest: Moria burning.",https://areyousyrious.medium.com/ays-news-digest-moria-on-fire-ad41522a2e76
2016-05-31,"AYS NEWS DIGEST 31.5.2016.",https://areyousyrious.medium.com/ays-news-digest-31-5-2016-1e5a27b1b995
2016-05-31,"AYS: Civilians, children killed in Idlib hospital",https://areyousyrious.medium.com/ays-civilians-children-killed-in-idlib-hospital-1c77ce714985
2016-05-30,"AYS DAILY DIGEST: The deadliest week in the Mediterranean for more than a year",https://areyousyrious.medium.com/ays-daily-digest-the-deadliest-week-in-the-mediterranean-in-a-year-636a7ef79677
2016-05-28,"AYS DAILY NEWS DIGEST 28.5.2016.",https://areyousyrious.medium.com/ays-daily-news-digest-28-5-2016-4215d9f1d6b8
2016-05-24,"AYS DAILY DIGEST More than 2,700 people rescued between Europe and Lybia",https://areyousyrious.medium.com/ays-digest-more-than-2-700-people-rescued-between-europe-and-lybia-61a2a1d59f6f
2016-05-24,"Idomeni Special: Around 2,000 people moved out from the camp during the first day of eviction",https://areyousyrious.medium.com/idomeni-special-around-2-000-people-moved-out-from-the-camp-during-the-first-day-of-eviction-f10d33b84e4d
2016-05-23,"AYS Daily News Digest 22.5.2016",https://areyousyrious.medium.com/ays-daily-digest-22-5-2016-e377338e8223
2016-05-21,"AYS DAILY DIGEST 20.05.2016",https://areyousyrious.medium.com/ays-daily-digest-20-05-2016-4b91ef51cb6c
2016-05-19,"AYS Daily News Digest 18.5.2016",https://areyousyrious.medium.com/ays-daily-news-digest-18-5-2016-9955d403ddb2
2016-05-17,"AYS DAILY NEWS DIGEST 17.5.2016.",https://areyousyrious.medium.com/ays-daily-news-digest-17-5-2016-b3c949d64177
2016-05-16,"AYS DAILY NEWS DIGEST 15.5.2016",https://areyousyrious.medium.com/ays-daily-news-digest-15-5-2016-216118cc228f
2016-05-15,"AYS DAILY NEWS DIGEST 14.5.2016.",https://areyousyrious.medium.com/ays-daily-news-digest-14-5-2016-c1bd9a98af23
2016-05-12,"AYS DAILY DIGEST 12.5.2016",https://areyousyrious.medium.com/ays-daily-digest-12-5-2016-551b4cff5a69
2016-05-12,"AYS DAILY NEWS DIGEST 11.5.2016.",https://areyousyrious.medium.com/ays-daily-news-digest-11-5-2016-29f46e12ff19
2016-05-11,"AYS DAILY NEWS DIGEST 10.5.2016.",https://areyousyrious.medium.com/ays-daily-news-digest-10-5-2016-2e90953da1cc
2016-05-06,"AYS DAILY NEWS DIGEST 6.5.2016.",https://areyousyrious.medium.com/ays-daily-news-digest-6-5-2016-377dfdeb755c
2016-05-05,"AYS DAILY NEWS DIGEST 4.5.2016.",https://areyousyrious.medium.com/ays-daily-news-digest-4-5-2016-c64a87ea1055
2016-04-28,"AYS DAILY NEWS DIGEST 28.4.2016.",https://areyousyrious.medium.com/ays-daily-news-digest-28-4-2016-7dec5fc22b9a
2016-04-28,"AYS DAILY NEWS DIGEST 27.4.2016.",https://areyousyrious.medium.com/ays-daily-news-digest-27-4-2016-7f43c9cf6692
2016-04-21,"AYS DAILY NEWS DIGEST 20.4.2016",https://areyousyrious.medium.com/ays-daily-digest-20-4-2016-2164896566e3
2016-04-20,"AYS DAILY NEWS DIGEST 19.4.2016.",https://areyousyrious.medium.com/ays-daily-news-digest-19-4-2016-b17e64971f12
2016-04-19,"AYS DAILY NEWS DIGEST 18.4.2016",https://areyousyrious.medium.com/ays-daily-news-digest-18-4-2016-583760a370f4
2016-04-18,"AYS DAILY NEWS DIGEST 17.4.2016",https://areyousyrious.medium.com/ays-daily-news-digest-17-4-2016-89e1d21e6ba4
2016-04-12,"AYS DAILY NEWS DIGEST 11.4.2016",https://areyousyrious.medium.com/ays-daily-digest-11-4-2016-8e8297bf418b
2016-04-11,"AYS DAILY NEWS DIGEST 10.4.2016",https://areyousyrious.medium.com/ays-daily-news-digest-10-4-2016-fab36d1b4dd4
