post,url
2016-05-06-ays-daily-news-digest-6-5-2016-377dfdeb755c.md,https://scontent.flis6-1.fna.fbcdn.net/v/t15.5256-10/13176570_726459730828870_305121742_n.jpg?_nc_cat=102&ccb=1-7&_nc_sid=776239&_nc_ohc=5qQcbhHMrXwAX_S0TLf&_nc_ht=scontent.flis6-1.fna&oh=00_AfC5nTVN5wIfy0HKRTf8aw4Z8NtmAyCD1rpj1dYoIf-YrQ&oe=639BA9ED
2016-05-22-ays-digest-21-5-turkey-sending-away-poor-and-sick-refugees-but-keeping-well-educated-ones-164cb7a0751f.md,https://scontent.flis6-1.fna.fbcdn.net/v/t15.5256-10/13176709_1039436399482380_1013646279_n.jpg?_nc_cat=101&ccb=1-7&_nc_sid=776239&_nc_ohc=cj4tec8WIvMAX8ZMkH2&_nc_ht=scontent.flis6-1.fna&oh=00_AfC68I2Y3newKXHtloc5eio26uGeVZf-XTqJVMtjw6ZHgA&oe=639B2402
2016-05-24-ays-digest-more-than-2-700-people-rescued-between-europe-and-lybia-61a2a1d59f6f.md,https://miro.medium.com/max/1200/1*DtBvDJg2ycCo9A6c5VgL2w.jpeg
2016-05-28-double-issue-are-you-syrious-disasters-on-sea-and-land-407750b79f99.md,https://scontent.flis6-1.fna.fbcdn.net/v/t15.5256-10/13178480_619202574908874_2067296603_n.jpg?_nc_cat=102&ccb=1-7&_nc_sid=776239&_nc_ohc=HiJ8nn4vaVsAX9csAaF&_nc_ht=scontent.flis6-1.fna&oh=00_AfBuM7JQa9YHrRezA4_a6WT9tTKze2JBhnwTMn-8RPPOBw&oe=639B9240
2016-05-31-ays-news-digest-31-5-2016-1e5a27b1b995.md,https://scontent.flis6-1.fna.fbcdn.net/v/t15.5256-10/13176837_1148057281925675_872907144_n.jpg?_nc_cat=106&ccb=1-7&_nc_sid=776239&_nc_ohc=BJn_zysu9uMAX_8IPnv&_nc_ht=scontent.flis6-1.fna&oh=00_AfAMncJPGTiNZ3-VTwKlunc5lxqTjzxPO5M4FnlxH0_q_A&oe=639B2695
2016-06-12-ays-daily-digest-updated-pre-registration-information-36b91f1bfc.md,https://scontent.flis6-1.fna.fbcdn.net/v/t15.5256-10/13432675_1171473959550120_1627501333_n.jpg?_nc_cat=106&ccb=1-7&_nc_sid=776239&_nc_ohc=gpqz1ksf6HYAX9Hdv59&_nc_ht=scontent.flis6-1.fna&oh=00_AfATSnI8EyBlTQ4YRjaLAkW31gcTXzK8N2bguoQ-yqu4-w&oe=639B5BB5
2016-07-04-spiral-of-violence-continues-with-attacks-in-three-saudi-cities-9484a868d25b.md,https://scontent.flis6-1.fna.fbcdn.net/v/t15.5256-10/13602097_755902497884593_171881799_n.jpg?_nc_cat=107&ccb=1-7&_nc_sid=776239&_nc_ohc=U_en3D9G5J4AX-COyd1&_nc_ht=scontent.flis6-1.fna&oh=00_AfD42vEpJkdeFDmdC-74FREPKtFM3M96oHnFVvaxY-VLRg&oe=639B568D
2016-07-10-ays-9-7-refugees-police-and-locals-clash-as-frustration-explodes-on-leros-deee94d951ff.md,https://scontent.flis6-1.fna.fbcdn.net/v/t15.5256-10/13538174_1064288816942128_36502957_n.jpg?_nc_cat=106&ccb=1-7&_nc_sid=776239&_nc_ohc=-TNDBcq5v-gAX8Dd-nJ&_nc_ht=scontent.flis6-1.fna&oh=00_AfBK5i4mBJiJoWAsSLXeHTfgOM0CbIE9MpBnj9gBwljVMA&oe=639B9821
2016-07-11-ays-digest-11-7-more-border-controls-less-solidarity-ed06b4224af4.md,https://scontent.flis6-1.fna.fbcdn.net/v/t15.5256-10/13670319_4341993025725_1071002532_n.jpg?_nc_cat=108&ccb=1-7&_nc_sid=776239&_nc_ohc=j0kcpGSy8_wAX9yp2KP&_nc_ht=scontent.flis6-1.fna&oh=00_AfBl6MCBR05kkHuiCMhBExctN8jl5qejSdpdrwuVQT3Ovg&oe=639B78AB
2016-07-14-ays-digest-13-7-refugees-evacuated-from-piraeus-port-4f06c06abb11.md,https://scontent.flis6-1.fna.fbcdn.net/v/t15.5256-10/13602185_1369620399733041_1316921879_n.jpg?_nc_cat=111&ccb=1-7&_nc_sid=776239&_nc_ohc=3zoxqxACiY0AX-B8iaC&_nc_ht=scontent.flis6-1.fna&oh=00_AfBZsc7zS1KSJwp2ECbz1GvK9eZCWskReC3jxMMMIuW3oA&oe=639B42E3
2016-07-17-ays-daily-digest-17-7-three-quarters-of-camps-in-greece-to-be-closed-soon-d4784fbb28e9.md,https://scontent.flis6-1.fna.fbcdn.net/v/t15.5256-10/13700515_1736340469965903_941127682_n.jpg?_nc_cat=103&ccb=1-7&_nc_sid=776239&_nc_ohc=gUe3GIOg9GIAX_f9IW8&_nc_ht=scontent.flis6-1.fna&oh=00_AfDdvJlggdfZ7dtpOBsK171xFTKGDrrV2HinjHSehfpAvQ&oe=639B42F3
2016-07-18-ays-daily-digest-18-7-syria-is-burning-in-the-aftermath-of-nice-tragedy-68b03e417330.md,https://scontent.flis6-1.fna.fbcdn.net/v/t15.5256-10/13722510_1042794039108193_63614546_n.jpg?_nc_cat=108&ccb=1-7&_nc_sid=776239&_nc_ohc=WVPpLeq9IPcAX_CEW-w&_nc_ht=scontent.flis6-1.fna&oh=00_AfDx_MkC8clXDncjbtElf-BwkzLYjIWZuBmuRsv4QAl5yA&oe=639A44A1
2016-07-20-ays-daily-news-digest-19-7-the-long-wait-56c082fb9154.md,https://scontent.flis6-1.fna.fbcdn.net/v/t15.5256-10/13722391_1043169339070663_232892329_n.jpg?_nc_cat=107&ccb=1-7&_nc_sid=776239&_nc_ohc=lhHCJdepGR0AX8Lt-MS&_nc_ht=scontent.flis6-1.fna&oh=00_AfDnoY0HHUt1LWqikuSrSgaiebwx_LO4BHgdWfUzOqCAjw&oe=639AA107
2016-07-25-ays-daily-digest-25-7-with-the-new-wave-of-refugees-the-need-for-volunteers-increases-all-over-5dac2cd6f80b.md,https://scontent.flis6-1.fna.fbcdn.net/v/t15.5256-10/13700366_1046509362069994_2133026567_n.jpg?_nc_cat=111&ccb=1-7&_nc_sid=776239&_nc_ohc=YOKtMmv201cAX8GpRyH&_nc_ht=scontent.flis6-1.fna&oh=00_AfB5JigTzAtOPJNyZV-EFsTj7V9pro-QIwFZnokuwoeyLQ&oe=639B8C4D
2016-07-26-some-settle-in-some-pushed-out-ays-digest-26-7-229ad118cb2c.md,https://scontent.flis6-1.fna.fbcdn.net/v/t15.5256-10/13723219_1797400450479301_556546793_n.jpg?_nc_cat=111&ccb=1-7&_nc_sid=776239&_nc_ohc=otdjR6IaiBYAX-xp9j8&_nc_ht=scontent.flis6-1.fna&oh=00_AfCcLCQ3LzFH7yAEYsDOPZyn6w8xm2yanOKulLjhbsb7Yw&oe=639AE7CA
2016-08-03-ays-daily-news-digest-02-08-how-the-eu-monopolization-of-the-legitimate-means-of-movement-is-786aa74a80cb.md,https://scontent.flis6-1.fna.fbcdn.net/v/t15.5256-10/13670301_1396889216995111_494368237_n.jpg?_nc_cat=110&ccb=1-7&_nc_sid=776239&_nc_ohc=S06actfZDmoAX8vea8J&_nc_ht=scontent.flis6-1.fna&oh=00_AfBQYGQZ1YYsvg_cHmT1Xq61TOMLQTzq5WdPFLbDwWpw_w&oe=639AF359
2016-08-04-ays-3-8-yazidis-forced-to-leave-nea-kavala-camp-b33f7104726a.md,https://scontent.flis6-1.fna.fbcdn.net/v/t15.5256-10/13723258_612319235602528_105219171_n.jpg?_nc_cat=101&ccb=1-7&_nc_sid=776239&_nc_ohc=Jk_wCaHIMcAAX9tg5qs&_nc_ht=scontent.flis6-1.fna&oh=00_AfDOV5Yuw4cMkXWllfJCfjtRh5zp7c5WJlm0dNBUuEARNw&oe=639B1798
2016-08-10-ays-daily-news-digest-9-8-illegality-asylum-process-assisted-return-and-other-ills-of-our-32fe03e20595.md,https://scontent.flis6-1.fna.fbcdn.net/v/t15.5256-10/13991847_314721888870419_1039481606_n.jpg?_nc_cat=110&ccb=1-7&_nc_sid=776239&_nc_ohc=y372zJHIkAgAX9bBruT&_nc_ht=scontent.flis6-1.fna&oh=00_AfDhfZBuf_6GM8eGOSliJxf21dJKMQia8Nn4xtmtrt-Z2A&oe=639B4C60
2016-08-12-ays-digest-11-8-camps-continue-to-stagnate-890464bcc122.md,https://scontent.flis6-1.fna.fbcdn.net/v/t15.5256-10/13936434_324274231246135_1201739084_n.jpg?_nc_cat=107&ccb=1-7&_nc_sid=776239&_nc_ohc=hrMM5odmDQ4AX8Ype5p&_nc_ht=scontent.flis6-1.fna&oh=00_AfCTpMQAZyNev0mtr6CYUTucbIamhxL3RQxaJNGZbmEgrQ&oe=639B2CD3
2016-08-12-ays-digest-11-8-camps-continue-to-stagnate-890464bcc122.md,https://scontent.flis6-1.fna.fbcdn.net/v/t15.5256-10/13936351_929838333812161_819205963_n.jpg?_nc_cat=109&ccb=1-7&_nc_sid=776239&_nc_ohc=cPMSn4uXo4oAX-P7akV&_nc_ht=scontent.flis6-1.fna&oh=00_AfDHksd7SeZ_OY20Vfzzlc8TzZErUM2lnNTrtN9bDYZ8Gg&oe=639B6A94
2016-08-13-ays-daily-digest-12-8-abuse-of-refugees-rights-across-europe-matched-by-new-initiatives-gaining-5595f6e5c2a3.md,https://scontent.flis6-1.fna.fbcdn.net/v/t15.5256-10/13936057_604793316369079_678898336_n.jpg?_nc_cat=101&ccb=1-7&_nc_sid=776239&_nc_ohc=fFkOBA48wyEAX9gCDdv&_nc_ht=scontent.flis6-1.fna&oh=00_AfAOdLcWBhml1-LIkxxD8dsyTkkK0EZ7ZFk7EeIfwZdXOA&oe=639B72B0
2016-08-16-are-you-syrious-digest-15-8-critically-ill-patients-stuck-in-syria-b493adecb55a.md,https://scontent.flis6-1.fna.fbcdn.net/v/t15.5256-10/13991917_1795813950694731_2045635874_n.jpg?_nc_cat=109&ccb=1-7&_nc_sid=776239&_nc_ohc=kHd5spNqdOAAX9dLSv0&_nc_ht=scontent.flis6-1.fna&oh=00_AfDrltxQYRBE8N60yGzidJ_TCgMBsMgB9kpemHzhamDiBw&oe=639BCA82
2016-08-29-ays-digest-29-8-despite-seeds-of-support-sprouting-time-ticks-on-ac54e4885440.md,https://scontent.flis6-1.fna.fbcdn.net/v/t1.18169-9/14046007_1831163360445718_1871525429210542592_n.jpg?stp=dst-jpg_p206x206&_nc_cat=110&ccb=1-7&_nc_sid=0cb389&_nc_ohc=Hf8TTDsKV1YAX-FC2hC&_nc_ht=scontent.flis6-1.fna&oh=00_AfAznSpxYJ3ydVgC4Eh1jeI8_j80KD6cMIh7HWMu3lSEvw&oe=63BDA5B5
2016-09-02-are-you-syrious-digest-02-09-french-interior-minister-promises-to-dismantle-calais-camp-4aa37c2599ef.md,https://scontent.flis6-1.fna.fbcdn.net/v/t15.5256-10/14145996_1667770443542427_279706526_n.jpg?_nc_cat=103&ccb=1-7&_nc_sid=776239&_nc_ohc=JTjbfRsisloAX9FjSLz&_nc_ht=scontent.flis6-1.fna&oh=00_AfD0pvwyMA2yo8y4SFLEqvsJgpnX9308n4Dr2GDL4ffFLQ&oe=639B4CE2
2016-09-02-are-you-syrious-digest-02-09-french-interior-minister-promises-to-dismantle-calais-camp-4aa37c2599ef.md,https://scontent.flis6-1.fna.fbcdn.net/v/t15.5256-10/14173315_781895551952042_242179322_n.jpg?_nc_cat=105&ccb=1-7&_nc_sid=776239&_nc_ohc=yqIsOq5UvJ4AX8T5GeB&_nc_ht=scontent.flis6-1.fna&oh=00_AfBWr3XXtiW-J4N_HPf1Hf0fgi6cTW7AOR6VArtOjHEV8Q&oe=639B8FDD
2016-09-12-thousands-rescued-in-the-mediterranean-over-the-weekend-e34e68fbc67b.md,https://scontent.flis6-1.fna.fbcdn.net/v/t15.5256-10/14146385_627568217426152_1152438080_n.jpg?_nc_cat=106&ccb=1-7&_nc_sid=776239&_nc_ohc=CePgSRRKHP4AX88fv8r&_nc_ht=scontent.flis6-1.fna&oh=00_AfDYoW44lRwoLieWpzzKOMyFuFR-xZFZyot57zxUalOaoA&oe=639A5912
2016-09-15-ays-news-digest-14-9-refugee-squat-notara-26-is-open-again-5d8c700a38c2.md,https://scontent.flis6-1.fna.fbcdn.net/v/t15.5256-10/14299633_797342843740558_897478876_n.jpg?_nc_cat=103&ccb=1-7&_nc_sid=776239&_nc_ohc=YRIuATamTR8AX8hLVtN&_nc_ht=scontent.flis6-1.fna&oh=00_AfCQ9qy8WZW8saL0B1EXmp149TtrgBPKX-U4Of7dlg4Dbg&oe=639ACB5D
2016-09-17-ays-news-digest-16-9-refugee-at-adavasci-transit-center-on-the-border-with-hungary-reveals-horrid-70ba8b9ab89f.md,https://scontent.flis6-1.fna.fbcdn.net/v/t15.5256-10/14299680_1165885613501561_1695017677_n.jpg?_nc_cat=104&ccb=1-7&_nc_sid=776239&_nc_ohc=WrihIF6Af7cAX_FBmQi&_nc_ht=scontent.flis6-1.fna&oh=00_AfBDNu-NORmFdUZYEArurTCLyBpdz8iuSJlL54WuisuvWw&oe=639B4979
2016-09-19-ays-digest-18-9-volunteers-call-on-uk-to-resettle-unaccompanied-minors-from-calais-757f4cf02bad.md,https://scontent.flis6-1.fna.fbcdn.net/v/t15.5256-10/14411238_10154642773988115_933155243_n.jpg?_nc_cat=111&ccb=1-7&_nc_sid=776239&_nc_ohc=r11AG3U1J6kAX_FO8zV&_nc_ht=scontent.flis6-1.fna&oh=00_AfDZP7n6qdth4u2EDUHVnRRDWffDrgIGQrGU0vK66xeHsw&oe=639A348A
2016-09-24-ays-daily-digest-23-9-do-we-still-remember-what-human-rights-are-73024535b7de.md,https://scontent.flis6-1.fna.fbcdn.net/v/t15.5256-10/14411362_1766229963651474_6550328591056371712_n.jpg?_nc_cat=107&ccb=1-7&_nc_sid=776239&_nc_ohc=TuEJjZ5Zv1sAX-0UoRq&_nc_ht=scontent.flis6-1.fna&oh=00_AfC8nWPQNcQ-GnwbtK_2QfcBCVGfSkETyawuNoOLcQ3U4A&oe=639B02C5
2016-09-24-ays-daily-digest-23-9-do-we-still-remember-what-human-rights-are-73024535b7de.md,https://scontent.flis6-1.fna.fbcdn.net/v/t15.5256-10/14146367_1679003615752443_4690092042280239104_n.jpg?_nc_cat=107&ccb=1-7&_nc_sid=776239&_nc_ohc=aK9tDwx160MAX85DZh7&_nc_ht=scontent.flis6-1.fna&oh=00_AfBnDXkp0oLxdJ-JYlQ01FVHf0uXguLc3T0nR-KSVNvFvg&oe=639BA8E6
2016-09-25-ays-daily-digest-24-25-09-borderscankill-bddfb7acd057.md,https://scontent.flis6-1.fna.fbcdn.net/v/t15.5256-10/14467446_1652384125090648_7581829407405244416_n.jpg?_nc_cat=104&ccb=1-7&_nc_sid=776239&_nc_ohc=K3rjSvi0li4AX8VQAgH&_nc_ht=scontent.flis6-1.fna&oh=00_AfDHul1MpiC0Kk1SlbPBwdmIHE56L9J2teWDlbggb9_Tvg&oe=639A3F10
2016-09-25-ays-daily-digest-24-25-09-borderscankill-bddfb7acd057.md,https://www.ecchr.eu/fileadmin/_processed_/f/5/csm_MIG_EN_FB_fb539279f7.png
2016-10-05-unrest-in-belgrade-in-the-aftermath-of-yesterdays-march-towards-the-border-c0b87b7f57b7.md,https://scontent.flis6-1.fna.fbcdn.net/v/t15.5256-10/14511063_1102687596452170_4807004457986424832_n.jpg?_nc_cat=111&ccb=1-7&_nc_sid=776239&_nc_ohc=VICR5kIzg_0AX83r4zB&_nc_ht=scontent.flis6-1.fna&oh=00_AfDp99qjy0R4DTH2dPPX7S5SRMmS2Gd3M6yUAnFZnV86WA&oe=639A5130
2016-10-07-ays-digest-7-10-heroes-of-peace-the-white-helmets-6fbbfb06cb72.md,https://miro.medium.com/max/1200/1*i8sGd4DMYyVk56Wfb8FI4g.jpeg
2016-10-07-ays-digest-7-10-heroes-of-peace-the-white-helmets-6fbbfb06cb72.md,https://scontent.flis6-1.fna.fbcdn.net/v/t15.5256-10/14467328_10154644110651777_1736821174626680832_n.jpg?_nc_cat=104&ccb=1-7&_nc_sid=776239&_nc_ohc=Qh7qyib4qOIAX8EDXYx&_nc_ht=scontent.flis6-1.fna&oh=00_AfCyZQQXwTvKo2r9grdL8_iBuglsZEtUv2zQfeI0-LO93w&oe=639BDDEB
2016-10-09-ays-digest-8-10-souda-fires-trigger-new-tragedies-b901d1d7a70c.md,https://scontent.flis6-1.fna.fbcdn.net/v/t15.5256-10/14645632_1769449113309939_3071029361852284928_n.jpg?_nc_cat=104&ccb=1-7&_nc_sid=776239&_nc_ohc=PG8Udy9BnJcAX8tR37k&_nc_ht=scontent.flis6-1.fna&oh=00_AfAXZOjAcLCIGO5U3i3PNuMcR9Ai2MutyzDjBluI9jzIiQ&oe=639A6513
2016-10-10-ays-digest-10-10-some-of-the-kids-enrolled-in-greek-schools-majority-still-awaits-9b4168764b20.md,https://scontent.flis6-1.fna.fbcdn.net/v/t15.5256-10/14645728_338844149786674_4225674801907236864_n.jpg?_nc_cat=107&ccb=1-7&_nc_sid=776239&_nc_ohc=LSKnExOxPKcAX9pK79d&_nc_ht=scontent.flis6-1.fna&oh=00_AfCV_-HEo4vC3wBhXQ1my_plDEInSX8JsLFFfbF5jqV2wg&oe=639AAC5E
2016-10-15-ays-news-digest-14-10-manipulation-and-confusion-for-refugees-on-both-sides-of-europe-a5abdb76ccba.md,https://scontent.flis6-1.fna.fbcdn.net/v/t15.5256-10/14511139_557750021083534_6699568693023604736_n.jpg?_nc_cat=101&ccb=1-7&_nc_sid=776239&_nc_ohc=m3tfNKMaXlsAX-nKwj6&_nc_ht=scontent.flis6-1.fna&oh=00_AfCRSg5QaR8MimEKPIzxvoFRl4jBBJSe_h3JRWPCayeh0w&oe=639BFDA3
2016-10-16-ays-digest-15-10-four-hospitals-and-an-ambulance-bombed-in-aleppo-b205b92435de.md,http://beta.bhmac.org/mapa.jpg
2016-10-17-ays-digest-17-10-city-of-loves-is-in-reality-a-city-of-tents-many-refugees-with-no-other-then-bfc55143ac26.md,https://scontent.flis6-1.fna.fbcdn.net/v/t15.5256-10/14694202_1302722089780293_1947588461225574400_n.jpg?_nc_cat=104&ccb=1-7&_nc_sid=776239&_nc_ohc=eIRg0uojtJMAX_8mf1S&_nc_ht=scontent.flis6-1.fna&oh=00_AfCE1ZnOUt59xLBtHJip55Emj9wEilH8ukxXolbITWt5Uw&oe=639B5329
2016-10-17-ays-digest-17-10-city-of-loves-is-in-reality-a-city-of-tents-many-refugees-with-no-other-then-bfc55143ac26.md,https://scontent.flis6-1.fna.fbcdn.net/v/t15.5256-10/14646239_10157487228585447_8231479327305236480_n.jpg?_nc_cat=101&ccb=1-7&_nc_sid=776239&_nc_ohc=Q6-zFeoqxGkAX_4B64z&_nc_ht=scontent.flis6-1.fna&oh=00_AfAh-Gfl0POzVbGsO3TRm8uFFPebw2b6hMiNFR-z16TYeA&oe=639AA28F
2016-10-21-ays-news-digest-20-10-msf-calls-attention-to-squalid-conditions-in-greek-camps-49e2149b4e66.md,https://scontent.flis6-1.fna.fbcdn.net/v/t15.5256-10/14646177_1265504036824222_8027104154633633792_n.jpg?_nc_cat=110&ccb=1-7&_nc_sid=776239&_nc_ohc=IndccCPT1SUAX8WVxBE&_nc_ht=scontent.flis6-1.fna&oh=00_AfDLvrVHmhd2eCp54vWq9slZzACkDb1wUoPiajhFBXv2Rg&oe=639BBDD5
2016-10-23-ays-daily-digest-23-10-liberté-égalité-fraternité-but-not-for-everybody-a448e8a0f73e.md,https://scontent.flis6-1.fna.fbcdn.net/v/t15.5256-10/14511107_1308798139172688_6230623590752976896_n.jpg?_nc_cat=111&ccb=1-7&_nc_sid=776239&_nc_ohc=EI2g6GmBnuwAX8cRAEI&_nc_ht=scontent.flis6-1.fna&oh=00_AfClx0QCeDqTe0qCP2fLX2xyqG2uzUH-_mjPjtdpkBVc5w&oe=639B21C9
2016-10-24-ays-digest-24-10-evictions-persecutions-and-fires-welcome-to-europe-of-today-efd3ca5a8be5.md,https://scontent.flis6-1.fna.fbcdn.net/v/t15.5256-10/14646047_1309430059109496_3514662963422167040_n.jpg?_nc_cat=108&ccb=1-7&_nc_sid=776239&_nc_ohc=-GmdWK8z1T0AX984WL_&_nc_ht=scontent.flis6-1.fna&oh=00_AfAT8qmJ8d46ZZ_sXKMG_b4g4mJvsg1E6UEm_czrEHJLJQ&oe=639B7CED
2016-10-27-children-left-without-shelter-after-large-fires-in-the-jungle-dd9301cff389.md,https://scontent.flis6-1.fna.fbcdn.net/v/t15.5256-10/14768851_1851853531716733_3493592566832562176_n.jpg?_nc_cat=111&ccb=1-7&_nc_sid=776239&_nc_ohc=HbbALEgriDwAX_3RBmG&_nc_ht=scontent.flis6-1.fna&oh=00_AfAldUPa1X1TDjW7KOLLVpopHbkZcU_UtPFQe40N-Omkyg&oe=639A69F1
2016-10-27-children-left-without-shelter-after-large-fires-in-the-jungle-dd9301cff389.md,https://scontent.flis6-1.fna.fbcdn.net/v/t15.5256-10/14511026_1777828049169621_728515337749790720_n.jpg?_nc_cat=100&ccb=1-7&_nc_sid=776239&_nc_ohc=jTOntxj8Y5oAX_a-jfM&_nc_ht=scontent.flis6-1.fna&oh=00_AfDedlKYpNuys-Cl-8X5YmiTPJyjBHSSLUbX7SkhH1bUGA&oe=639A491C
2016-10-29-ays-daily-digest-29-10-montenegro-a-new-route-for-refugees-in-the-balkans-b7d5c72cba96.md,https://scontent.flis6-1.fna.fbcdn.net/v/t15.5256-10/14768775_10153832354225755_7715117283575595008_n.jpg?_nc_cat=106&ccb=1-7&_nc_sid=776239&_nc_ohc=_uI5mRtu8iQAX-jow6E&_nc_ht=scontent.flis6-1.fna&oh=00_AfAmBCGYpBn0wmZ2X7ti9xqV3466nYFzfSKaS_AMK1bHyA&oe=639A691D
2016-10-29-ays-daily-news-digest-28-10-political-ping-pong-costing-the-most-vulnerable-ones-c57f67499f43.md,https://scontent.flis6-1.fna.fbcdn.net/v/t15.5256-10/14900022_1281571141873734_204278072050974720_n.jpg?_nc_cat=103&ccb=1-7&_nc_sid=776239&_nc_ohc=YuUZtiCsz4wAX_Gcenf&_nc_ht=scontent.flis6-1.fna&oh=00_AfCOVG373oWJv66J9FJ1DyQDPkHghSNVCPYE8aLJcO8ZGQ&oe=639A60B2
2016-11-07-ays-digest-7-11-un-report-proves-no-link-between-migration-and-terrorism-detention-and-a8a21a487efe.md,https://scontent.flis6-1.fna.fbcdn.net/v/t15.5256-10/14926349_1201359179924227_8397501850772832256_n.jpg?_nc_cat=101&ccb=1-7&_nc_sid=776239&_nc_ohc=JyeQBdSGuyAAX-4C_ax&_nc_ht=scontent.flis6-1.fna&oh=00_AfCc9n5nwOx0lY_H5tBLjJEsdS_u4C654r15d4MRNkIAqw&oe=639AAF44
2016-11-13-ays-daily-digest-although-hatred-rains-down-solidarity-will-grow-79562d03fcb2.md,https://scontent.flis6-1.fna.fbcdn.net/v/t15.5256-10/14992503_1147005592042858_7975635126279208960_n.jpg?_nc_cat=103&ccb=1-7&_nc_sid=776239&_nc_ohc=t-AZ3ZTVRasAX9ktip5&_nc_ht=scontent.flis6-1.fna&oh=00_AfAlJ5HOK6EfMnRy8S7sQByB58zpmdfuco6UGzEvL6obIw&oe=639B13A3
2016-11-14-ays-digest-14-11-we-hope-therefore-we-march-the-borders-stay-closed-60a4b79ad4fe.md,https://scontent.flis6-1.fna.fbcdn.net/v/t15.5256-10/15066324_1209027219157423_4285558981159550976_n.jpg?_nc_cat=100&ccb=1-7&_nc_sid=776239&_nc_ohc=zNe2TM4GRRAAX-7RYCl&_nc_ht=scontent.flis6-1.fna&oh=00_AfCxSBofL9OM_8PLwJZAOpIVjcnhNfb65foYnUXOwDpskA&oe=639BE767
2016-11-17-ays-daily-digest-17-11-second-night-of-fascist-attacks-on-souda-camp-9a50d5721bce.md,https://scontent.flis6-1.fna.fbcdn.net/v/t15.5256-10/15065345_1195291357176372_1987396996968742912_n.jpg?_nc_cat=102&ccb=1-7&_nc_sid=776239&_nc_ohc=EvXzjC3VJWcAX-jqBal&_nc_ht=scontent.flis6-1.fna&oh=00_AfBF3Q2lWGWESg_a1uljtNE-ZdZU9C0xH4MDNHTYnpun7Q&oe=639A7310
2016-11-17-ays-digest-16-11-support-needed-in-refugee-camps-as-temperatures-drop-d3299efbd2a0.md,https://scontent.flis6-1.fna.fbcdn.net/v/t15.5256-10/15065383_10154520820215469_4446126037167767552_n.jpg?_nc_cat=101&ccb=1-7&_nc_sid=776239&_nc_ohc=xpaQ40WesaUAX9GFWJR&_nc_ht=scontent.flis6-1.fna&oh=00_AfAbyKAqGMwvGDJnb0H5BsV1RoRq8erNO_oOiNRSIk4fDw&oe=639B6396
2016-11-17-ays-digest-16-11-support-needed-in-refugee-camps-as-temperatures-drop-d3299efbd2a0.md,https://scontent.flis6-1.fna.fbcdn.net/v/t15.5256-10/14992492_10209546157904678_4019355821526745088_n.jpg?_nc_cat=108&ccb=1-7&_nc_sid=776239&_nc_ohc=U2bHFtoZfGIAX_3G5pY&_nc_ht=scontent.flis6-1.fna&oh=00_AfDB70sJEYzPLS3PNctihGSaT1CrR8cfsgDA8ySHMAXFlA&oe=639B283A
2016-11-17-ays-digest-16-11-support-needed-in-refugee-camps-as-temperatures-drop-d3299efbd2a0.md,https://scontent.flis6-1.fna.fbcdn.net/v/t15.5256-10/15066454_1874759979436337_1060447396980326400_n.jpg?_nc_cat=105&ccb=1-7&_nc_sid=776239&_nc_ohc=UN4906FA47EAX_EBO9d&_nc_ht=scontent.flis6-1.fna&oh=00_AfArlW05Dfr5c8-v-eBytKqIdoo490QIp7Iyn7Nv3pPEcQ&oe=639BD1C9
2016-11-24-ays-digest-23-11-2016-the-year-europe-decided-to-shut-the-door-to-refugees-3a5668b066d8.md,https://scontent.flis6-1.fna.fbcdn.net/v/t15.5256-10/15198029_1680037578974016_2881143368727920640_n.jpg?_nc_cat=110&ccb=1-7&_nc_sid=776239&_nc_ohc=TITlxOLc57EAX-e4_lG&_nc_ht=scontent.flis6-1.fna&oh=00_AfC01tyxngCPL88vYrLG1LljyIGxnPSf57zX4BdCTrfV6Q&oe=639A9B17
2016-11-25-ays-news-digest-24-11-16-d2067a4339ac.md,https://scontent.flis6-1.fna.fbcdn.net/v/t1.18169-9/15181246_1317599898281735_172325359852217973_n.jpg?stp=dst-jpg_p206x206&_nc_cat=104&ccb=1-7&_nc_sid=0cb389&_nc_ohc=tgd8uaofuF4AX_2iLtY&_nc_ht=scontent.flis6-1.fna&oh=00_AfA6De3nOmlU1OAtJ_x5kY_A3a_e9OfuVLCOH5K9DIz4TA&oe=63BD7CEE
2016-11-25-ays-news-digest-24-11-16-d2067a4339ac.md,https://scontent.flis6-1.fna.fbcdn.net/v/t31.18172-8/15111011_1873882816173772_6322266960822925018_o.jpg?stp=dst-jpg_p206x206&_nc_cat=103&ccb=1-7&_nc_sid=0cb389&_nc_ohc=HrQyl2URuUsAX92gC0X&_nc_oc=AQk6fVIV9QvBJRF929ztcr6VJziOz8h_hvMprK5AT1zd-zt3YKcmyb4bZz0iJy9ORrA&_nc_ht=scontent.flis6-1.fna&oh=00_AfCc12lpLuMQ3k5VOcGqCUOcoOz5mZlbtKw2Sl0Gn5-_Kw&oe=63BD7CCA
2016-12-02-ays-special-the-situation-in-italy-2d2fd1290add.md,https://scontent.flis6-1.fna.fbcdn.net/v/t15.5256-10/15198795_843925269082315_6629812625930715136_n.jpg?_nc_cat=111&ccb=1-7&_nc_sid=776239&_nc_ohc=Xrc9KNxRc0gAX-nNJMb&_nc_ht=scontent.flis6-1.fna&oh=00_AfAPajkcOl0WMb-VeD5WelxbaoLyGlYMsrO0tRzjvSPgxQ&oe=639A1301
2016-12-03-ays-daily-digest-3-12-2016-two-refugees-froze-to-death-in-austria-71e3d67edc9.md,https://scontent.flis6-1.fna.fbcdn.net/v/t15.5256-10/15260628_384076965265861_4234800074107912192_n.jpg?_nc_cat=103&ccb=1-7&_nc_sid=776239&_nc_ohc=7YZBeE5P4XwAX-rCMfj&_nc_ht=scontent.flis6-1.fna&oh=00_AfBT4B4gynmIy7O__cJ7BRHTfUPyjOvexykKwk2qSElLFQ&oe=639AEC32
2016-12-05-ays-daily-digest-05-12-2017-volunteers-are-being-prosecuted-all-over-europe-c1b60317fd56.md,https://scontent.flis6-1.fna.fbcdn.net/v/t15.5256-10/15261745_1721751151477689_4326155561797156864_n.jpg?_nc_cat=110&ccb=1-7&_nc_sid=776239&_nc_ohc=a_wdtZZFthwAX_Pmw4G&_nc_ht=scontent.flis6-1.fna&oh=00_AfBHZBZNHFcwGG-MRssUYfBOerI4T6P1v4oiVSKbLlUQnA&oe=639BF96A
2016-12-05-ays-daily-digest-05-12-2017-volunteers-are-being-prosecuted-all-over-europe-c1b60317fd56.md,https://scontent.flis6-1.fna.fbcdn.net/v/t15.5256-10/15261847_1516143545080725_2242927888720461824_n.jpg?_nc_cat=100&ccb=1-7&_nc_sid=776239&_nc_ohc=9DeeiAO2nhsAX_mD8Ck&_nc_ht=scontent.flis6-1.fna&oh=00_AfCwLICcQOwcCwNGpm1ZqVTynAw0TE17gvxbf1f4Olv0Hg&oe=639BD0C8
2016-12-12-ays-digest-12-12-impossible-to-determine-the-number-of-displaced-2c473cb7445c.md,https://scontent.flis6-1.fna.fbcdn.net/v/t15.5256-10/15390340_699439800234183_8143870339588292608_n.jpg?_nc_cat=101&ccb=1-7&_nc_sid=776239&_nc_ohc=PindCKXQBX8AX8L8SLU&_nc_ht=scontent.flis6-1.fna&oh=00_AfARyqYEt0Xk4Xt48FcCcGxECT_v9Xtv5N5-fWEeEfyaCw&oe=639AB398
2016-12-12-ays-digest-12-12-impossible-to-determine-the-number-of-displaced-2c473cb7445c.md,https://scontent.flis6-1.fna.fbcdn.net/v/t15.5256-10/15452903_385758795104921_6073388858135805952_n.jpg?_nc_cat=109&ccb=1-7&_nc_sid=776239&_nc_ohc=NzMlRjE1fyIAX_h1K7j&_nc_ht=scontent.flis6-1.fna&oh=00_AfDjKAmxoI-tDu-8J0l1MN6mCUtf3Kqh86o_Ys_JxTYUkw&oe=639A11BF
2016-12-14-rebel-officials-say-a-new-ceasefire-is-to-come-into-effect-late-this-wednesday-and-evacuation-would-f14095248f2f.md,https://scontent.flis6-1.fna.fbcdn.net/v/t15.5256-10/15562728_1697859400543120_5160559001787695104_n.jpg?_nc_cat=102&ccb=1-7&_nc_sid=776239&_nc_ohc=C2bR-DNxFIQAX9FZpVN&_nc_ht=scontent.flis6-1.fna&oh=00_AfCcxmziwzT4QKmedVu0HVc3O8l34fJGEqfNRRVD-qzK8w&oe=639A4074
2016-12-20-ays-daily-news-digest-19-12-despair-grows-in-greek-camps-without-electricity-f2a8e62ad55.md,https://scontent.flis6-1.fna.fbcdn.net/v/t15.5256-10/15643690_1537945436233869_7516799024108666880_n.jpg?_nc_cat=106&ccb=1-7&_nc_sid=776239&_nc_ohc=6g9Gm530gB8AX9-BJvs&_nc_ht=scontent.flis6-1.fna&oh=00_AfDViPpSAEcWAn_swwtSicaWhUNQwUVw7_tZfzQutlv7Kw&oe=639B88F6
2016-12-24-ays-daily-digest-23-12-16-ae454b518995.md,https://images.jg-cdn.com/image/356957f9-f5b0-4e97-9c66-553665b6c247.jpg?template=size1200x630face
2016-12-24-ays-daily-digest-23-12-16-ae454b518995.md,https://scontent.flis6-1.fna.fbcdn.net/v/t31.18172-8/15626267_1828627934080662_3099020631979912615_o.jpg?stp=dst-jpg_p160x160&_nc_cat=103&ccb=1-7&_nc_sid=0cb389&_nc_ohc=gXbsrfjcaZQAX98ZHkb&_nc_ht=scontent.flis6-1.fna&oh=00_AfB7XK9G2urcqciyawT-TE5Jf5-PWkAMA-Ih-vHXbLkgOQ&oe=63BD6C76
2016-12-24-ays-daily-digest-23-12-16-ae454b518995.md,https://scontent.flis6-1.fna.fbcdn.net/v/t31.18172-8/15590968_10154679617336071_4079996634475083085_o.jpg?stp=dst-jpg_p173x172&_nc_cat=109&ccb=1-7&_nc_sid=0cb389&_nc_ohc=lBSVQ7EaTdQAX-gH-l9&_nc_ht=scontent.flis6-1.fna&oh=00_AfA60qZHKpKEWrtFDcbET_A-3K7BzHo5u4Y5wWVGkkPJHQ&oe=63BD8233
2016-12-29-ays-daily-digest-28-12-2016-peace-plans-for-syria-97b0459dbaf3.md,https://scontent.flis6-1.fna.fbcdn.net/v/t31.18172-8/15777075_361325357561477_6422227543533121920_o.jpg?stp=dst-jpg_p228x119&_nc_cat=108&ccb=1-7&_nc_sid=0cb389&_nc_ohc=4QwMuUrJuGcAX8yMeKi&_nc_ht=scontent.flis6-1.fna&oh=00_AfBeJ1g95-fV_P3kySwxXSpX0tT8WDbWEJAjnsbyysZNFg&oe=63BD80B0
2016-12-29-ays-daily-digest-28-12-2016-peace-plans-for-syria-97b0459dbaf3.md,https://scontent.flis6-1.fna.fbcdn.net/v/t31.18172-8/15732324_1260499487343529_8499781224540097956_o.jpg?stp=dst-jpg_p206x206&_nc_cat=106&ccb=1-7&_nc_sid=0cb389&_nc_ohc=Mz3_GQxbyfoAX8Mcbcz&_nc_ht=scontent.flis6-1.fna&oh=00_AfAAT9fq0WnDnCHrBlsjLEVenW2sy2-h9gTTRWUkAsPH7Q&oe=63BD84F8
2016-12-29-ays-daily-digest-28-12-2016-peace-plans-for-syria-97b0459dbaf3.md,https://scontent.flis6-1.fna.fbcdn.net/v/t15.5256-10/15749209_380240308987509_3764447867536670720_n.jpg?_nc_cat=106&ccb=1-7&_nc_sid=776239&_nc_ohc=s7tS_Ve21gYAX_s6q2l&_nc_ht=scontent.flis6-1.fna&oh=00_AfC2gsUPMoXSCD8ue4tajpSmzM9kyeUhiFdeFbl1lzz64w&oe=639AACDD
2017-01-07-greek-migration-policy-minister-yiannis-mouzalas-said-yesterday-36d9f031ab63.md,https://scontent.flis6-1.fna.fbcdn.net/v/t15.5256-10/15870362_10154500556884355_3643868589141786624_n.jpg?_nc_cat=107&ccb=1-7&_nc_sid=776239&_nc_ohc=xbTnhw33YgAAX-QwjiF&_nc_ht=scontent.flis6-1.fna&oh=00_AfBkyRVrDHcu4rCSfNpSIwlVFVLIrUqDOv3nkQyRx_BqLw&oe=639BD99D
2017-01-09-ays-digest-09-01-if-you-are-cold-count-on-europe-to-steal-your-blanket-fd5399d4cd48.md,https://scontent.flis6-1.fna.fbcdn.net/v/t15.5256-10/15936163_10155084381023690_435100652603965440_n.jpg?_nc_cat=105&ccb=1-7&_nc_sid=776239&_nc_ohc=UeJEbhgAZI4AX_uQ3MQ&_nc_ht=scontent.flis6-1.fna&oh=00_AfCZc8JekEeozqoPdATBNqtB1BvsfY9sjMZu_LCabimo6g&oe=639A1FA8
2017-01-09-ays-digest-09-01-if-you-are-cold-count-on-europe-to-steal-your-blanket-fd5399d4cd48.md,https://scontent.flis6-1.fna.fbcdn.net/v/t15.5256-10/15934923_1022160741261140_7103262251246682112_n.jpg?_nc_cat=108&ccb=1-7&_nc_sid=776239&_nc_ohc=KVCK6O7G5zcAX_4-phq&_nc_ht=scontent.flis6-1.fna&oh=00_AfDSDNZHRblbC4Y8-j3Bq3t3SFNu49WJyCKZG1wJq3d5ug&oe=639BBCF6
2017-01-13-ays-daily-news-digest-12-1-17-hungary-vows-to-make-lives-of-refugees-more-difficult-9d07d722be99.md,https://scontent.flis6-1.fna.fbcdn.net/v/t1.18169-9/15965896_775057262652776_8759113940574242724_n.jpg?stp=dst-jpg_p206x206&_nc_cat=110&ccb=1-7&_nc_sid=0cb389&_nc_ohc=EUqq0HVBhIwAX8GaeAy&_nc_ht=scontent.flis6-1.fna&oh=00_AfDJ6w10jRokcJ-HRFn6oblkzpo41p3bDMb4ovOgbxAcPw&oe=63BD7035
2017-01-14-ays-daily-news-digest-13-01-officials-dont-mind-a-person-freezing-if-they-re-not-in-the-system-fc72dcade5d5.md,https://scontent.flis6-1.fna.fbcdn.net/v/t15.5256-10/15971011_10154704772671023_5560050175029805056_n.jpg?_nc_cat=105&ccb=1-7&_nc_sid=776239&_nc_ohc=3nOlHtQL6NUAX9CaBpp&_nc_ht=scontent.flis6-1.fna&oh=00_AfDWq28S1zLB12LMSwx_8CA5EKWOMpRBAIN3YfHAGpubcA&oe=639B2070
2017-01-15-ays-daily-digest-14-01-2017-more-than-100-people-have-drowned-in-the-mediterranean-sea-91159c2a8308.md,https://scontent.flis6-1.fna.fbcdn.net/v/t15.5256-10/15936265_748930808589138_4291127998964301824_n.jpg?_nc_cat=108&ccb=1-7&_nc_sid=776239&_nc_ohc=4gscyAzEEkwAX-tjmkq&_nc_ht=scontent.flis6-1.fna&oh=00_AfDQuu5bFKOFt-t-xNuA3uAynQFglEARfLbh4TFvQAaGpQ&oe=639B0F7C
2017-01-16-ays-digest-15-01-17-criminalisation-of-volunteers-all-over-france-53b23e1e7302.md,https://scontent.flis6-1.fna.fbcdn.net/v/t15.5256-10/16121086_397209700624979_4127108923121467392_n.jpg?_nc_cat=107&ccb=1-7&_nc_sid=776239&_nc_ohc=7Xjx3jro7O8AX9aDgE4&_nc_ht=scontent.flis6-1.fna&oh=00_AfDUinyjYRbhGrgaqGoPJobLRey_iGpgKNCct_5OaL9XxQ&oe=639A42CC
2017-01-16-ays-digest-16-01-no-home-no-peace-no-rest-18c6dcfde63e.md,https://scontent.flis6-1.fna.fbcdn.net/v/t15.5256-10/15971136_1463247957020801_2587169581919371264_n.jpg?_nc_cat=100&ccb=1-7&_nc_sid=776239&_nc_ohc=bHHj5k7MnnEAX8GzxaU&_nc_ht=scontent.flis6-1.fna&oh=00_AfDblZkDg5rjbeRHfV4unBS9ekX00Mn3LQdoT81CPcuO_A&oe=639B3269
2017-01-23-ays-digest-23-01-information-makes-the-world-go-round-when-we-share-it-we-build-knowledge-975b16356f0b.md,https://scontent.flis6-1.fna.fbcdn.net/v/t15.5256-10/16231940_639516679569092_8668680476614983680_n.jpg?_nc_cat=111&ccb=1-7&_nc_sid=776239&_nc_ohc=8hGuVs1QHiIAX8a3QCu&_nc_ht=scontent.flis6-1.fna&oh=00_AfAV9I-0Nb_f4nQe_qVnRH8bBn6Y0QXxaxsF0odlPzKdtQ&oe=639A3CAA
2017-01-26-ays-daily-digest-26-01-updates-on-greece-donations-needed-for-paris-a873ef05e2a7.md,https://scontent.flis6-1.fna.fbcdn.net/v/t15.5256-10/16231527_10154804959262906_5986811371239505920_n.jpg?_nc_cat=102&ccb=1-7&_nc_sid=776239&_nc_ohc=LCmphP4tUtcAX_YA5n0&_nc_ht=scontent.flis6-1.fna&oh=00_AfAu5eprZe_Q59_OlTyKXlesOQA3L6vj5CH9WeWMwq_d8A&oe=639AD370
2017-01-26-ays-daily-digest-26-01-updates-on-greece-donations-needed-for-paris-a873ef05e2a7.md,https://scontent.flis6-1.fna.fbcdn.net/v/t15.5256-10/16232008_1277262069008349_7886948166195478528_n.jpg?_nc_cat=104&ccb=1-7&_nc_sid=776239&_nc_ohc=Fs2mqn40dXcAX85hXg4&_nc_ht=scontent.flis6-1.fna&oh=00_AfCICWGa-C-kuPHX4_Fsi8LrmrURXIQOyi-2QcgFaWZ5wQ&oe=639A7546
2017-01-28-ays-daily-digest-28-01-2017-this-day-is-so-absurd-that-it-is-hard-to-believe-it-really-happened-69938b2bda84.md,https://scontent.flis6-1.fna.fbcdn.net/v/t15.5256-10/16327264_10154107308675493_4322095073945714688_n.jpg?_nc_cat=109&ccb=1-7&_nc_sid=776239&_nc_ohc=c5yY682pS4IAX82R7iD&_nc_ht=scontent.flis6-1.fna&oh=00_AfB9WYOX62Zz-TUjgbLy4CNGJY0W61CBnQEUN0CJnAH9lg&oe=639A4CCD
2017-01-30-ays-daily-digest-29-1-17-no-ban-7215aa70e257.md,https://scontent.flis6-1.fna.fbcdn.net/v/t15.5256-10/16403614_414017735597737_9186991297330675712_n.jpg?_nc_cat=109&ccb=1-7&_nc_sid=776239&_nc_ohc=C0yduD_DIrUAX_lPDG8&_nc_ht=scontent.flis6-1.fna&oh=00_AfAxCD9-QonpLTgAzvbevO8BeEw9zc2VzjFbftRORr-aiA&oe=639A6EB0
2017-01-31-ays-daily-digest-30-1-17-third-man-in-moria-camp-dies-another-hospitalized-b3681955a3df.md,https://scontent.flis6-1.fna.fbcdn.net/v/t31.18172-8/16422845_403923636612697_4797887947460398553_o.png?stp=dst-png_p173x172&_nc_cat=106&ccb=1-7&_nc_sid=0cb389&_nc_ohc=o-LeK2R4y-4AX-a4nV5&_nc_ht=scontent.flis6-1.fna&oh=00_AfCW7cUADMIXRuKTxSNb5u0OCE1IDprHWHL-hFRFQAX0aQ&oe=63BD68F0
2017-02-01-are-you-syrious-digest-31-1-alternative-facts-and-the-european-way-76211440b7ac.md,https://scontent.flis6-1.fna.fbcdn.net/v/t15.5256-10/16403499_145040036003095_2587169951286558720_n.jpg?_nc_cat=107&ccb=1-7&_nc_sid=776239&_nc_ohc=cKAt9XxWNqUAX9ZHJL_&_nc_ht=scontent.flis6-1.fna&oh=00_AfCULuNcEqOwWQr70O9gXZalqfX9F45fsnANKjO3yr8MOw&oe=639B146F
2017-02-06-ays-digest-06-02-hunger-strikes-in-greece-halted-deportations-to-afghanistan-in-germany-185da631cdf2.md,https://scontent.flis6-1.fna.fbcdn.net/v/t15.5256-10/16509477_150456955461403_7447042205396500480_n.jpg?_nc_cat=106&ccb=1-7&_nc_sid=776239&_nc_ohc=ZENRoN9jclEAX82rp76&_nc_ht=scontent.flis6-1.fna&oh=00_AfA1x-PQgKyX8oTAxOAw6SiA3ZfaPegNZM98mAgX8iwe_g&oe=639BD77B
2017-02-08-ays-daily-news-digest-07-02-more-money-less-care-and-slow-relocation-9d5f7bf9351e.md,https://scontent.flis6-1.fna.fbcdn.net/v/t15.5256-10/16605246_10154593122779355_2676052989512253440_n.jpg?_nc_cat=106&ccb=1-7&_nc_sid=776239&_nc_ohc=64T68RhrO_kAX9E8D7a&_nc_ht=scontent.flis6-1.fna&oh=00_AfCov3kS_cKLOGf33YAAxlQecgq8njT8wSrdl1qzSbDe9Q&oe=639B0E32
2017-02-09-ays-daily-digest-02-09-17-follow-up-on-police-violence-and-push-backs-19f73f2de883.md,https://scontent.flis6-1.fna.fbcdn.net/v/t15.5256-10/16710054_401293856873286_8197055366291259392_n.jpg?_nc_cat=106&ccb=1-7&_nc_sid=776239&_nc_ohc=R-nVd6A1iDIAX-UMkUc&_nc_ht=scontent.flis6-1.fna&oh=00_AfBCHhDJ0hoZuuNRsydI_KwYB2f0Ffm2_c30SYhyddtrtw&oe=639AC142
2017-02-11-ays-daily-digest-10-2-seeing-how-it-could-be-peaceful-evacuation-in-paris-99ea3ee14460.md,https://scontent.flis6-1.fna.fbcdn.net/v/t15.5256-10/16683611_1779023125757652_5367777859421077504_n.jpg?_nc_cat=105&ccb=1-7&_nc_sid=776239&_nc_ohc=dAXQm53WIvEAX_I_93D&_nc_ht=scontent.flis6-1.fna&oh=00_AfC26Qpf8zchJ0EE1Jm3c5w-YZQd3IpAV7aDgZkzxiFGcQ&oe=639AC8AD
2017-02-13-ays-daily-digest-12-2-2017-they-said-we-had-to-get-out-of-france-4d11f2011a75.md,https://enoughisenough14.files.wordpress.com/2017/02/img_20170211_141025.jpg?w=640
2017-02-14-ays-digest-13-2-stonewalled-in-paris-4dd9362f1430.md,https://scontent.flis6-1.fna.fbcdn.net/v/t15.5256-10/16753628_1833346203598662_4394472355284385792_n.jpg?_nc_cat=105&ccb=1-7&_nc_sid=776239&_nc_ohc=kVb0pDYauxQAX8b_jMl&_nc_ht=scontent.flis6-1.fna&oh=00_AfD_9zokOwarhh5-QwztuRYqJV3VgzyiXm3jAFxlsiNcPA&oe=639BC5D9
2017-02-17-ays-news-digest-16-02-17-enforcement-of-dublin-regulations-for-greece-what-does-this-mean-b67d9282a929.md,https://scontent.flis6-1.fna.fbcdn.net/v/t31.18172-8/16700608_635153596685416_8685316065636009860_o.jpg?stp=dst-jpg_p228x119&_nc_cat=105&ccb=1-7&_nc_sid=0cb389&_nc_ohc=ij59gQ6V6FsAX9qIVzr&_nc_ht=scontent.flis6-1.fna&oh=00_AfBPdC_JWHVF8xePEt9Or7YtyMAVe2AY6h3gHSk-i-XunQ&oe=63BD68EC
2017-02-18-ays-daily-digest-18-2-2017-casa-nostra-es-casa-vostra-e6a3317af1f7.md,https://scontent.flis6-1.fna.fbcdn.net/v/t15.5256-10/16808222_1266054470150018_3356924216392810496_n.jpg?_nc_cat=111&ccb=1-7&_nc_sid=776239&_nc_ohc=VbKm-aoxXlMAX_MfAet&_nc_ht=scontent.flis6-1.fna&oh=00_AfCu4pNLCdMTniJWLNh8z1kRW6m_bI51V3d1D0tL_Ii42Q&oe=639AF502
2017-02-18-ays-news-digest-17-02-17-children-in-calais-prevented-from-taking-showers-d12709b665c0.md,https://scontent.flis6-1.fna.fbcdn.net/v/t15.5256-10/16827591_576880395848851_6444069940512161792_n.jpg?_nc_cat=107&ccb=1-7&_nc_sid=776239&_nc_ohc=iX-VtWpBX60AX9cF6Du&_nc_ht=scontent.flis6-1.fna&oh=00_AfDimM1UJ7cIu2MVwApBMKZUd4UPbK_nDBJ0JugG8ugzwg&oe=639ADBCD
2017-02-20-ays-daily-digest-19-02-2017-a-glimpse-hope-for-at-some-minors-stuck-in-france-e0b255a251a9.md,https://scontent.flis6-1.fna.fbcdn.net/v/t15.5256-10/16827580_1766497833669687_8045693219767320576_n.jpg?_nc_cat=108&ccb=1-7&_nc_sid=776239&_nc_ohc=VDI0bgQ2zJsAX8Y6Qin&_nc_ht=scontent.flis6-1.fna&oh=00_AfCBzjpX74LzwA_Y89yA4PDihhcIIuoCzA3o1iErun8YJw&oe=639B0C1B
2017-02-20-ays-daily-digest-19-02-2017-a-glimpse-hope-for-at-some-minors-stuck-in-france-e0b255a251a9.md,https://scontent.flis6-1.fna.fbcdn.net/v/t15.5256-10/16879700_1614986005196478_929966732909477888_n.jpg?_nc_cat=106&ccb=1-7&_nc_sid=776239&_nc_ohc=meKug5XlkckAX9aXLby&_nc_ht=scontent.flis6-1.fna&oh=00_AfBc43jyV7eTqWLNztEgQPPFi7_ynV3sEHRhc8Wz-e_SQQ&oe=639B05A2
2017-02-20-ays-daily-digest-19-02-2017-a-glimpse-hope-for-at-some-minors-stuck-in-france-e0b255a251a9.md,https://scontent.flis6-1.fna.fbcdn.net/v/t31.18172-8/16797481_1434249069938706_7582873577129427401_o.jpg?stp=dst-jpg_p133x133&_nc_cat=107&ccb=1-7&_nc_sid=0cb389&_nc_ohc=yXSJQvlfYl8AX9u1N6W&_nc_oc=AQnjNl0qCmz8wGSJvfk7j5c9SjOjuAa6B7i-0xj4Os_-hK5gAo5ZPVVvC_YaA72OsGA&_nc_ht=scontent.flis6-1.fna&oh=00_AfAdgV3ZK9F2luVLmyS18D8ge6nPz8i2bAq8AyIhFIAChA&oe=63BD81FF
2017-02-20-ays-daily-digest-19-02-2017-a-glimpse-hope-for-at-some-minors-stuck-in-france-e0b255a251a9.md,https://scontent.flis6-1.fna.fbcdn.net/v/t15.5256-10/16827466_424783787861845_6162311225377030144_n.jpg?_nc_cat=106&ccb=1-7&_nc_sid=776239&_nc_ohc=Y0Z1Mi9AF44AX_0udOk&_nc_ht=scontent.flis6-1.fna&oh=00_AfD4KmNWY_bp5wsQnkc3EAR6dEKX2HSwwYGNCXJfSCzywg&oe=639AB681
2017-02-22-ays-daily-digest-21-02-2017-volunteers-in-paris-fined-for-distributing-aid-7c19e9a63b67.md,https://scontent.flis6-1.fna.fbcdn.net/v/t15.5256-10/16879800_578469172356640_4556282632526102528_n.jpg?_nc_cat=105&ccb=1-7&_nc_sid=776239&_nc_ohc=ddUT7udTT3EAX89gj8e&_nc_ht=scontent.flis6-1.fna&oh=00_AfBXCYt8W4arofDzxtv6_mUF79G2HiNVFKUyt7asffQKOA&oe=639B7D54
2017-02-22-ays-daily-digest-21-02-2017-volunteers-in-paris-fined-for-distributing-aid-7c19e9a63b67.md,https://scontent.flis6-1.fna.fbcdn.net/v/t15.5256-10/16909364_1768388753480595_5741710588522790912_n.jpg?_nc_cat=102&ccb=1-7&_nc_sid=776239&_nc_ohc=AjXA4TWeK8MAX8S6Y-u&_nc_ht=scontent.flis6-1.fna&oh=00_AfB9a9y4coF2rk9W9EYerFernJlVZzfepa9RPqKpKvULQw&oe=639B94D4
2017-02-22-ays-digest-22-02-new-amnesty-international-yearly-report-words-will-break-bones-cfdc1b229049.md,https://scontent.flis6-1.fna.fbcdn.net/v/t15.5256-10/16909529_1910005005902861_3375856943334686720_n.jpg?_nc_cat=104&ccb=1-7&_nc_sid=776239&_nc_ohc=p3RzR8zk3RIAX9zZt_3&_nc_ht=scontent.flis6-1.fna&oh=00_AfD8vNKoBdE3QeExU4oaj__PPVl9_H_mP1ZoB9mLg3mDNQ&oe=639B7AA6
2017-02-26-ays-daily-digest-25-02-2017-unhcr-vs-people-testimonies-about-life-in-greek-islands-8b50869b57ae.md,https://scontent.flis6-1.fna.fbcdn.net/v/t15.5256-10/16977185_1684590445166625_374379560319320064_n.jpg?_nc_cat=100&ccb=1-7&_nc_sid=776239&_nc_ohc=tqGoDxVt1DAAX8rEso1&_nc_oc=AQks1wJhIAT2q8wgFTZVb1-RcItdBLAyvHZupTkXmltb28IfM7JRZbK7Ci3p8625YUs&_nc_ht=scontent.flis6-1.fna&oh=00_AfDR6jaLAL-RgP5T8x8s0MDpavX-7gvVVW5DrR9eGLfvYg&oe=639A1FD2
2017-02-26-ays-daily-digest-25-02-2017-unhcr-vs-people-testimonies-about-life-in-greek-islands-8b50869b57ae.md,https://scontent.flis6-1.fna.fbcdn.net/v/t15.5256-10/15452876_1220428191367966_8564091271268794368_n.jpg?_nc_cat=102&ccb=1-7&_nc_sid=776239&_nc_ohc=HEET3Ggn_ecAX_WQy2T&_nc_ht=scontent.flis6-1.fna&oh=00_AfCs-QqbtHWMs3A5S7cDOMKhmR__f9UVfElllSyI07uZrQ&oe=639A878B
2017-03-03-ays-daily-news-digest-02-03-2017-8e945e524055.md,https://scontent.flis6-1.fna.fbcdn.net/v/t15.5256-10/16934538_1428668467164000_533405848349704192_n.jpg?_nc_cat=104&ccb=1-7&_nc_sid=776239&_nc_ohc=2YUmsCzYeQoAX-pLJOI&_nc_ht=scontent.flis6-1.fna&oh=00_AfAYb8e958VsLp3u9PZPrW_beb4bXXGBP6QavfdPW90i5A&oe=639A1420
2017-03-07-ays-digest-07-03-europe-at-its-best-new-laws-more-suffering-40a04014d7a5.md,https://scontent.flis6-1.fna.fbcdn.net/v/t15.5256-10/17118966_712255705643132_1195241071504785408_n.jpg?_nc_cat=100&ccb=1-7&_nc_sid=776239&_nc_ohc=SDtBMTc95m0AX_Jz8rb&_nc_ht=scontent.flis6-1.fna&oh=00_AfCZfO7BDf7Ly602zJmanQJr0-emMEmyYQUBEyYpjZoqZA&oe=639BC26C
2017-03-09-ays-daily-digest-08-03-17-we-offer-waiting-risking-violence-and-a-cold-welcome-23313700cb0e.md,https://scontent.flis6-1.fna.fbcdn.net/v/t15.5256-10/17118787_587408374795308_3022869425410801664_n.jpg?_nc_cat=109&ccb=1-7&_nc_sid=776239&_nc_ohc=0eDQR0xUKtYAX8infNw&_nc_ht=scontent.flis6-1.fna&oh=00_AfDlCkKuqrZckkm00R6e8PgzUiaSvEALvbGIzgvbthNdIg&oe=639B72DC
2017-03-10-ays-daily-news-digest-09-03-17-relocation-program-highlights-the-failures-of-the-eu-4565c932e921.md,https://scontent.flis6-1.fna.fbcdn.net/v/t31.18172-8/17097927_1209891085776242_4800580820706801882_o.jpg?stp=dst-jpg_p206x206&_nc_cat=103&ccb=1-7&_nc_sid=0cb389&_nc_ohc=2DBsU9CCo5cAX9jyHwI&_nc_ht=scontent.flis6-1.fna&oh=00_AfCTHUKk9yV6O3TFxByuxg9vRgoU31JFYnQvySI3ieXbiA&oe=63BD77CB
2017-03-10-ays-daily-news-digest-09-03-17-relocation-program-highlights-the-failures-of-the-eu-4565c932e921.md,https://scontent.flis6-1.fna.fbcdn.net/v/t1.18169-9/17190526_779791672169718_1872061410959088547_n.jpg?stp=dst-jpg_p261x260&_nc_cat=101&ccb=1-7&_nc_sid=0cb389&_nc_ohc=srR0LHOgN9QAX_Tnx7I&_nc_ht=scontent.flis6-1.fna&oh=00_AfDNPB6_2j-J-vVwb6g_V_rsL57vfoarppYdedndIVYyXQ&oe=63BD76FD
2017-03-13-ays-daily-digest-12-3-2017-a-psychological-war-against-refugees-bc7c45762607.md,https://scontent.flis6-1.fna.fbcdn.net/v/t15.5256-10/17289303_436477143359176_9054116940611584000_n.jpg?stp=dst-jpg_s320x320&_nc_cat=105&ccb=1-7&_nc_sid=c12c07&_nc_ohc=KwP8R4G-6QsAX-21YNs&_nc_ht=scontent.flis6-1.fna&oh=00_AfC9O-TwL_G0ZwPz_pheXEGAHu0pGnynhXACDYUsXnRSwA&oe=639B446A
2017-03-13-this-weeks-solidarity-events-in-europe-20bd2088f697.md,https://scontent.flis6-1.fna.fbcdn.net/v/t15.5256-10/17267128_280727205683662_8625740729324404736_n.jpg?_nc_cat=102&ccb=1-7&_nc_sid=776239&_nc_ohc=bWbmP13shEgAX9wXBL0&_nc_ht=scontent.flis6-1.fna&oh=00_AfAGqHT-oDBR9aShbRza-hRj-GCI13fWfQ0GfWpWTVKNcQ&oe=639A2F7B
2017-03-14-ays-daily-news-digest-13-03-17-red-cross-shamelessly-prompts-raids-on-refugee-run-squats-in-c20a7dc42ec2.md,https://scontent.flis6-1.fna.fbcdn.net/v/t15.5256-10/17308198_800775950080473_4422292116885995520_n.jpg?_nc_cat=102&ccb=1-7&_nc_sid=776239&_nc_ohc=pcEVPoc2zYMAX8tYl6Y&_nc_ht=scontent.flis6-1.fna&oh=00_AfC7iCeWb4mxVAdYH1L0mzlB2KGa3feO5ZRzoRDo-14KaQ&oe=639B04C0
2017-03-14-ays-daily-news-digest-13-03-17-red-cross-shamelessly-prompts-raids-on-refugee-run-squats-in-c20a7dc42ec2.md,https://scontent.flis6-1.fna.fbcdn.net/v/t31.18172-8/17218669_1647521845543885_4850677531543464785_o.jpg?stp=dst-jpg_p228x119&_nc_cat=110&ccb=1-7&_nc_sid=0cb389&_nc_ohc=rHuACe87_mMAX9pq1dz&_nc_ht=scontent.flis6-1.fna&oh=00_AfAWPkohS95TvmjyOxx9A8pB7eI2_Bw3QdHXMIjT4tS7kg&oe=63BD88F2
2017-03-17-ays-daily-digest-17-3-2017-deporting-refugees-at-risk-of-death-penalty-or-torture-a487b0613623.md,https://scontent.flis6-1.fna.fbcdn.net/v/t15.5256-10/17308608_1649134018727444_3279004069305253888_n.jpg?_nc_cat=104&ccb=1-7&_nc_sid=776239&_nc_ohc=Dd0HZjajEC8AX-aGxA-&_nc_ht=scontent.flis6-1.fna&oh=00_AfCNptN5Q16H9xfL5qCTGisn2myWnBkgSHnBqWgTFVFpPg&oe=639B455B
2017-03-17-ays-daily-news-digest-16-3-where-there-is-stagnation-there-is-escalation-4987c5a6c09b.md,https://scontent.flis6-1.fna.fbcdn.net/v/t15.5256-10/17364023_717951021740267_7427700511668699136_n.jpg?_nc_cat=102&ccb=1-7&_nc_sid=776239&_nc_ohc=1YSllyrW3eIAX8aYL72&_nc_ht=scontent.flis6-1.fna&oh=00_AfDzoSshO6R0B1JI1XFvIOS2ZcAE3VzYYp9Y8tewWb7NCA&oe=639B2324
2017-03-17-ays-daily-news-digest-16-3-where-there-is-stagnation-there-is-escalation-4987c5a6c09b.md,https://scontent.flis6-1.fna.fbcdn.net/v/t15.5256-10/17362193_1356368777743612_4884125079731961856_n.jpg?_nc_cat=101&ccb=1-7&_nc_sid=776239&_nc_ohc=cRZWgeX4KFIAX-PnOj9&_nc_ht=scontent.flis6-1.fna&oh=00_AfBCDeiMmYlw8oHH3GEz_mn97qCLT3awXSPUbqdhCT1e8w&oe=639B31D9
2017-03-18-ays-daily-digest-18-03-2017-more-than-200-new-arrivals-to-greece-2a65cee782a1.md,https://scontent.flis6-1.fna.fbcdn.net/v/t15.5256-10/17362260_10155469271124672_5169583161868288000_n.jpg?_nc_cat=104&ccb=1-7&_nc_sid=776239&_nc_ohc=CX_FfLLjgOwAX8k4Alj&_nc_ht=scontent.flis6-1.fna&oh=00_AfDHUH4PM75rlCKqjkjkecLWMjptAOQELMbx0e2LLBwieQ&oe=639AD402
2017-03-18-ays-daily-digest-18-03-2017-more-than-200-new-arrivals-to-greece-2a65cee782a1.md,https://scontent.flis6-1.fna.fbcdn.net/v/t15.5256-10/17391010_589628257907398_5974406101234352128_n.jpg?_nc_cat=103&ccb=1-7&_nc_sid=776239&_nc_ohc=sOH7DsdCob4AX-b6t1l&_nc_ht=scontent.flis6-1.fna&oh=00_AfBtn6w4U8TuJ_TXQjFvtIWBAOzf6XtDoJ00jCYWJloT_Q&oe=639A2A1E
2017-03-23-ays-daily-digest-23-3-2017-more-lives-lost-at-sea-b7991c2ac69d.md,https://scontent.flis6-1.fna.fbcdn.net/v/t15.5256-10/17459084_403720009988678_2567032687881617408_n.jpg?_nc_cat=109&ccb=1-7&_nc_sid=776239&_nc_ohc=Orfu4nj3elkAX84H8-9&_nc_oc=AQm-Q7psazATuX9mUeC1PW-caakUNyOz76_BSuWfTqirnWGxGwlEtWi0X2M27GKMenk&_nc_ht=scontent.flis6-1.fna&oh=00_AfBnUIoGNysjh219oduchIQ-kr-xuqREDyeewZWpMhC6fA&oe=639AA68C
2017-03-28-ays-daily-digest-27-03-17-number-of-turkish-asylum-seekers-doubled-in-2016-1b4347851a77.md,https://scontent.flis6-1.fna.fbcdn.net/v/t15.5256-10/17584754_405459449814734_3646926296618893312_n.jpg?_nc_cat=111&ccb=1-7&_nc_sid=776239&_nc_ohc=bEbwWdQiP3wAX8weN1V&_nc_ht=scontent.flis6-1.fna&oh=00_AfATzYBghLDubDNMG64DaAf0FVLHKJw165TdFgH2gr_e0Q&oe=639AFA66
2017-03-30-ays-daily-digest-30-03-17-young-syrian-attempts-suicide-in-a-chios-camp-547648862932.md,https://scontent.flis6-1.fna.fbcdn.net/v/t15.5256-10/17584852_1460679747296205_5031067425735442432_n.jpg?_nc_cat=108&ccb=1-7&_nc_sid=776239&_nc_ohc=TxwOAAJAv_gAX9KUXyE&_nc_ht=scontent.flis6-1.fna&oh=00_AfBASm4TWCGosfC2YDjumWngm247YRwtczdNrP0Ljw3utg&oe=639B2742
2017-04-02-ays-daily-digest-1-4-2017-with-deportations-to-afghanistan-on-the-rise-desperation-reigns-21c0043e2a07.md,https://scontent.flis6-1.fna.fbcdn.net/v/t31.18172-8/17632271_407927062901306_8038453319784421519_o.jpg?stp=dst-jpg_p75x225&_nc_cat=111&ccb=1-7&_nc_sid=0cb389&_nc_ohc=XDRhrFqdpbsAX8y22Ix&_nc_ht=scontent.flis6-1.fna&oh=00_AfCUY3LTAAD3a6BfPIydlIbn6QFBImxplz4dRX1d9_T1_w&oe=63BD6804
2017-04-04-ays-daily-digest-03-04-17-new-wave-of-police-raids-and-evictions-of-refugees-in-greece-9c4b2455659c.md,https://scontent.flis6-1.fna.fbcdn.net/v/t15.5256-10/17453216_1668849366475171_8756844515840491520_n.jpg?_nc_cat=108&ccb=1-7&_nc_sid=776239&_nc_ohc=jnfdSe5Qcb8AX9c7dJv&_nc_oc=AQlmwpkhmHxtlKjY4WTE7fCu2SOc70ipCpjJtdVCUki9H8T_LibFKulXoWVctXKkaAM&_nc_ht=scontent.flis6-1.fna&oh=00_AfCgP0_B7z4CD6w7duW2NlAAHRNb7flVvos9Nw7RCiMOHA&oe=639BCD1C
2017-04-07-ays-daily-news-digest-06-04-2017-3c9a0706be66.md,https://scontent.flis6-1.fna.fbcdn.net/v/t1.18169-9/17760202_410824565944889_4883779698296348180_n.jpg?stp=dst-jpg_s320x320&_nc_cat=101&ccb=1-7&_nc_sid=0cb389&_nc_ohc=oK1VVrDW0e0AX-RhQKQ&_nc_ht=scontent.flis6-1.fna&oh=00_AfB1rOOgyy_fzZhxHUX8yzqcMOcFRQpfAU_MHP03m0Efjg&oe=63BD6478
2017-04-07-ays-digest-07-04-17-increased-relocations-and-deportations-causing-more-harm-5a023858d976.md,https://scontent.flis6-1.fna.fbcdn.net/v/t15.5256-10/17835274_1851076485110424_8622968289280131072_n.jpg?_nc_cat=111&ccb=1-7&_nc_sid=776239&_nc_ohc=McrGcsn4x78AX_zWydE&_nc_ht=scontent.flis6-1.fna&oh=00_AfCQS7A5X6KFfrL6ePvJHRj6yM2yVgTGPBEljDEQHnXYOA&oe=639BF9FD
2017-04-07-ays-digest-07-04-17-increased-relocations-and-deportations-causing-more-harm-5a023858d976.md,https://scontent.flis6-1.fna.fbcdn.net/v/t15.5256-10/17838966_10155378751463115_2508804145507467264_n.jpg?_nc_cat=104&ccb=1-7&_nc_sid=776239&_nc_ohc=vuE5HRafs5sAX_tUU6o&_nc_ht=scontent.flis6-1.fna&oh=00_AfDYQzpEKpq23sO1yoj7gvY__ESTLtkdLTJtinhzD7sgCw&oe=639BBAD0
2017-04-10-ays-daily-digest-9-4-2017-new-projects-in-greece-and-serbia-9995b1e706ad.md,https://scontent.flis6-1.fna.fbcdn.net/v/t15.5256-10/17835320_1038569336273193_1187541333309390848_n.jpg?_nc_cat=106&ccb=1-7&_nc_sid=776239&_nc_ohc=6VDBARusIXoAX-y5Dhi&_nc_ht=scontent.flis6-1.fna&oh=00_AfD3nSPxXRhzbhKKvLuePE81JQaJSXD3fvesJLdsplC8IQ&oe=639A2904
2017-04-11-ays-daily-digest-10-04-17-fire-in-la-linière-6ecf87fd3871.md,https://scontent.flis6-1.fna.fbcdn.net/v/t15.5256-10/17903105_496524124070978_8457577387998052352_n.jpg?_nc_cat=102&ccb=1-7&_nc_sid=776239&_nc_ohc=dl-ChdRU8nEAX_l0wc2&_nc_ht=scontent.flis6-1.fna&oh=00_AfDXlnnaVA6yvow-jWgdIYykdLKT6rm-ZEuLn4baWCazUg&oe=639B1576
2017-04-11-daily-digest-11-4-2017-closed-borders-brought-us-back-to-times-of-slave-trade-c9864c7cb529.md,https://scontent.flis6-1.fna.fbcdn.net/v/t15.5256-10/17903041_1853220508229355_1745844368339632128_n.jpg?_nc_cat=101&ccb=1-7&_nc_sid=776239&_nc_ohc=tvdqAuqV1FMAX_wdcQq&_nc_ht=scontent.flis6-1.fna&oh=00_AfAg_Rmswao_Txz9g-5v6WccgG3YjqlAygS_IyxVSv2nSg&oe=639A5F4D
2017-04-11-daily-digest-11-4-2017-closed-borders-brought-us-back-to-times-of-slave-trade-c9864c7cb529.md,https://scontent.flis6-1.fna.fbcdn.net/v/t31.18172-8/17834356_1366656993394444_249835594970870118_o.jpg?stp=dst-jpg_p206x206&_nc_cat=109&ccb=1-7&_nc_sid=0cb389&_nc_ohc=hBOHo6M-3kwAX8K84YQ&_nc_ht=scontent.flis6-1.fna&oh=00_AfBpC32d63p0oXWkZDI-K7w1I2B0VXL1OSKKiQqo2MH2Ow&oe=63BD6CD7
2017-04-11-daily-digest-11-4-2017-closed-borders-brought-us-back-to-times-of-slave-trade-c9864c7cb529.md,https://scontent.flis6-1.fna.fbcdn.net/v/t15.5256-10/17902284_10213391844858983_9053429655649910784_n.jpg?_nc_cat=100&ccb=1-7&_nc_sid=776239&_nc_ohc=BQw4QTSoohoAX9Cwk-D&_nc_ht=scontent.flis6-1.fna&oh=00_AfBQGzaAi9494ChBVg8Xjtfpom2GgKqrwvuWcUWHmtKTNw&oe=639AC67C
2017-04-15-ays-daily-digest-14-04-2017-thousands-rescued-from-the-sea-e1be365614c2.md,https://scontent.flis6-1.fna.fbcdn.net/v/t15.5256-10/17883463_2011858415622206_1181457228666765312_n.jpg?_nc_cat=111&ccb=1-7&_nc_sid=776239&_nc_ohc=eFPKdXs1y6gAX9cCZIM&_nc_ht=scontent.flis6-1.fna&oh=00_AfBMqZY-u6RBZMrCm6RRES3kZFUndyzN71i6xgzqeLsJBw&oe=639ACBDF
2017-04-19-ays-daily-digest-18-4-17-a-letter-from-the-inside-of-the-detention-camp-in-hungary-926c86187b8c.md,https://scontent.flis6-1.fna.fbcdn.net/v/t15.5256-10/18036198_238653819873035_4321242454217981952_n.jpg?_nc_cat=107&ccb=1-7&_nc_sid=776239&_nc_ohc=uOu8ntzQeoMAX-jTMAh&_nc_ht=scontent.flis6-1.fna&oh=00_AfAAwj-8MLZpAnCQZc-tLGH-vO-8mGC_FvbUlkoKT4DJtQ&oe=639B2EF5
2017-04-22-ays-daily-news-digest-21-04-2017-fascists-arrested-following-assaults-at-souda-camp-4f2f6a385d24.md,https://scontent.flis6-1.fna.fbcdn.net/v/t1.18169-9/17991103_1896131780662244_8833624669811385629_n.jpg?stp=dst-jpg_p240x240&_nc_cat=100&ccb=1-7&_nc_sid=0cb389&_nc_ohc=ortgJrKsyjQAX-a0_mz&_nc_ht=scontent.flis6-1.fna&oh=00_AfAsi49D-EH1oFiNeWeAhWBw8SOalohgeUZ3162CTdX_ow&oe=63BD8C61
2017-04-23-ays-daily-news-digest-22-04-2017-refugee-minors-sexually-exploited-in-greece-7be427ce2325.md,https://scontent.flis6-1.fna.fbcdn.net/v/t15.5256-10/18094293_1422769464428429_3026298218062282752_n.jpg?_nc_cat=102&ccb=1-7&_nc_sid=776239&_nc_ohc=t83yxUo5jC0AX-lkZhf&_nc_ht=scontent.flis6-1.fna&oh=00_AfAb6bnQBaxG9ZKvZq2PmI1drdB4PEduXmK7RaLJFxHVPg&oe=639B796C
2017-04-25-ays-daily-news-digest-24-04-2017-un-reports-on-widespread-torture-in-afghanistan-3381d371f7a3.md,https://scontent.flis6-1.fna.fbcdn.net/v/t15.5256-10/18137153_1897427023866053_4563378060233015296_n.jpg?_nc_cat=105&ccb=1-7&_nc_sid=776239&_nc_ohc=71jEd0SKpRIAX_CctpP&_nc_ht=scontent.flis6-1.fna&oh=00_AfAR4DdrkTYYGUrOQG-x6v7LtkqBbn-yHj8Bns32rN7XWw&oe=639A6783
2017-04-26-ays-daily-news-digest-25-04-2017-1971890c9ebd.md,https://scontent.flis6-1.fna.fbcdn.net/v/t15.5256-10/18137473_693485267505456_265912755419086848_n.jpg?_nc_cat=105&ccb=1-7&_nc_sid=776239&_nc_ohc=OEHg5s0ja6cAX9ti1UE&_nc_ht=scontent.flis6-1.fna&oh=00_AfD1CT6iTlTU-1PXrUp5234Vepg1s-rN85gDBW_qfEJeBQ&oe=639AFBFA
2017-04-26-ays-daily-news-digest-25-04-2017-1971890c9ebd.md,https://scontent.flis6-1.fna.fbcdn.net/v/t31.18172-8/18121090_1674091656220114_2335562299588845021_o.jpg?stp=dst-jpg_s320x320&_nc_cat=100&ccb=1-7&_nc_sid=0cb389&_nc_ohc=fH8la7T2Z5MAX9kE2WX&_nc_ht=scontent.flis6-1.fna&oh=00_AfA8CZ4PoMNklWJEezzLeh-MblcTaV2_oTK29Tcs-ZYwRw&oe=63BD7922
2017-04-26-ays-daily-news-digest-25-04-2017-1971890c9ebd.md,https://scontent.flis6-1.fna.fbcdn.net/v/t1.18169-9/18156905_696738607165417_7284566166080470142_n.jpg?stp=dst-jpg_p168x128&_nc_cat=108&ccb=1-7&_nc_sid=0cb389&_nc_ohc=42jSwtpzOnEAX8fenpE&_nc_ht=scontent.flis6-1.fna&oh=00_AfAZ6Hdc4DQjvUWnVTmB_H26OiEX6pF6Rr6lw5NY2DWaqA&oe=63BD914F
2017-04-26-ays-daily-news-digest-25-04-2017-1971890c9ebd.md,https://scontent.flis6-1.fna.fbcdn.net/v/t31.18172-8/18076699_1520612894637646_5954927546093512991_o.jpg?stp=dst-jpg_p173x172&_nc_cat=110&ccb=1-7&_nc_sid=0cb389&_nc_ohc=4lHJjvqEP3YAX_Bw_z3&_nc_ht=scontent.flis6-1.fna&oh=00_AfDEFyXntRupAcfMFLhM30Guf12WoyZMppw2x0roQDVFtg&oe=63BD7307
2017-05-04-ays-daily-digest-03-05-2017-families-held-in-kalamata-6ff2c68c5880.md,https://scontent.flis6-1.fna.fbcdn.net/v/t15.5256-10/18300673_841853182635645_2522545098802069504_n.jpg?_nc_cat=100&ccb=1-7&_nc_sid=776239&_nc_ohc=lmZzF_q5KfwAX8WYloZ&_nc_ht=scontent.flis6-1.fna&oh=00_AfCsaXUKFto0L66-2x57aqCaS6vFAYYbVUKxLB-NVitqxg&oe=639AC4E9
2017-05-06-ays-daily-digest-05-05-2017-forcible-returns-are-a-huge-cost-for-the-eu-b7f5ba2edae2.md,https://scontent.flis6-1.fna.fbcdn.net/v/t31.18172-8/18320652_1863873583830714_4251966126944305986_o.jpg?stp=dst-jpg_s851x315&_nc_cat=103&ccb=1-7&_nc_sid=0cb389&_nc_ohc=wN-gLsx-w6wAX89Xbwc&_nc_ht=scontent.flis6-1.fna&oh=00_AfAaY_5l7uNOi2f3iNO3IbYjnGNXJyz01n-iwn49RpOGlA&oe=63BD920F
2017-05-09-ays-daily-digest-08-05-17-6000-arrivals-by-sea-this-weekend-at-least-193-lives-lost-7c8e127f4c53.md,https://scontent.flis6-1.fna.fbcdn.net/v/t15.5256-10/18407796_10155345855119241_8095236354721447936_n.jpg?_nc_cat=102&ccb=1-7&_nc_sid=776239&_nc_ohc=gL7jmDVxpvwAX_yy1zE&_nc_ht=scontent.flis6-1.fna&oh=00_AfDboxip1kgzVJvCagT6DHWAj7oN7kREINwehmEoaJnK7A&oe=639BF1DF
2017-05-11-ays-daily-digest-10-05-2017-money-talks-humans-silenced-452c1f76e18.md,https://scontent.flis6-1.fna.fbcdn.net/v/t15.5256-10/18442728_700457616808221_2583691770806140928_n.jpg?_nc_cat=104&ccb=1-7&_nc_sid=776239&_nc_ohc=WNTbNfrSCuoAX9CABrg&_nc_ht=scontent.flis6-1.fna&oh=00_AfCfuP5CxGCYHlSb6z2pCZufQu_lVl_qtd824IXzvQf1aQ&oe=639A6882
2017-05-12-ays-daily-digest-11-05-2017-naval-force-jeopardizes-volunteers-and-refugees-7fce91d841b0.md,https://scontent.flis6-1.fna.fbcdn.net/v/t15.5256-10/18466957_1865826313635441_3964975329331642368_n.jpg?_nc_cat=111&ccb=1-7&_nc_sid=776239&_nc_ohc=JwzMXxIfMOQAX_i8Ry2&_nc_ht=scontent.flis6-1.fna&oh=00_AfAmvSKf84C9ZChK0SPXGyw4WWWliSPG8dx-paJbWBgPOA&oe=639B0559
2017-05-17-ays-daily-digest-16-5-2017-lgbtqi-refugees-voices-unheeded-945c42f31216.md,https://scontent.flis6-1.fna.fbcdn.net/v/t15.5256-10/18534817_749609271907775_5100056699432075264_n.jpg?_nc_cat=102&ccb=1-7&_nc_sid=776239&_nc_ohc=_WT2eEsybwUAX-QwxLe&_nc_ht=scontent.flis6-1.fna&oh=00_AfDKRhb4hYfiS1iH-Fd4sjlQApe8Yo5rxBDkYwv-t3QKkA&oe=639B71D2
2017-05-17-ays-daily-digest-16-5-2017-lgbtqi-refugees-voices-unheeded-945c42f31216.md,https://scontent.flis6-1.fna.fbcdn.net/v/t15.5256-10/18555486_358369367894687_5769599254284730368_n.jpg?_nc_cat=100&ccb=1-7&_nc_sid=776239&_nc_ohc=ObBysOoQLVwAX91gyZz&_nc_ht=scontent.flis6-1.fna&oh=00_AfDYVj1nhDZXAhUojEiVGr5_FJs8rvSEWgEKI5MI_WguOw&oe=639BF6FB
2017-05-18-ays-daily-digest-17-5-2017-european-countries-criticized-and-urged-to-meet-obligations-53aed9eaf96f.md,https://scontent.flis6-1.fna.fbcdn.net/v/t15.5256-10/18555719_654636384736329_7968711617523220480_n.jpg?_nc_cat=106&ccb=1-7&_nc_sid=776239&_nc_ohc=MTl77_hCB44AX-PQW4o&_nc_ht=scontent.flis6-1.fna&oh=00_AfBmKprQYXrigIIDW5hJhKR0uJJNConGWOmye9oxMTj8zQ&oe=639B30F7
2017-05-20-ays-20-05-2017-desperate-living-conditions-for-refugees-in-serbia-9cfef314e118.md,https://scontent.flis6-1.fna.fbcdn.net/v/t15.5256-10/18619183_1412801992122604_7082394370955018240_n.jpg?_nc_cat=100&ccb=1-7&_nc_sid=776239&_nc_ohc=v499orTmDqMAX-neRmG&_nc_ht=scontent.flis6-1.fna&oh=00_AfC_zqj4a9EdVbL3Cz1VDpIoQ0RxB83nqJ0r7BnJrxPByw&oe=639A97EB
2017-05-20-ays-daily-digest-19-05-2017-police-brutality-returns-capitalizing-upon-media-short-attention-span-5efbbf99e9c9.md,https://scontent.flis6-1.fna.fbcdn.net/v/t15.5256-10/18619376_297649520675104_8939255277299957760_n.jpg?_nc_cat=100&ccb=1-7&_nc_sid=776239&_nc_ohc=TEQEDFsd7kcAX9GrI_I&_nc_ht=scontent.flis6-1.fna&oh=00_AfCsQDdJvy9ZqRoKYvyI21zb_Ri7n0UPJZCHoGql1_H9_A&oe=639A18E4
2017-05-20-ays-daily-digest-19-05-2017-police-brutality-returns-capitalizing-upon-media-short-attention-span-5efbbf99e9c9.md,https://scontent.flis6-1.fna.fbcdn.net/v/t15.5256-10/18597802_1819147468404723_4755066732735889408_n.jpg?_nc_cat=105&ccb=1-7&_nc_sid=776239&_nc_ohc=3QXu8Xf7eNgAX9aKREZ&_nc_oc=AQljjwx5FPhwx6WwfmP2_e2wsfdNYThCvqAf7KA7q7eIj8iYnuy7SXV-wsGJpCL8CJk&_nc_ht=scontent.flis6-1.fna&oh=00_AfCOsw38u0qTgkYCDohxXFiPsvY3RZcn2HIaqH3qM3PjEA&oe=639A2C30
2017-05-20-ays-daily-digest-19-05-2017-police-brutality-returns-capitalizing-upon-media-short-attention-span-5efbbf99e9c9.md,https://scontent.flis6-1.fna.fbcdn.net/v/t15.5256-10/18599152_1339102029499879_3367416847266742272_n.jpg?_nc_cat=106&ccb=1-7&_nc_sid=776239&_nc_ohc=NzmRZDFuTvwAX8P0WQt&_nc_ht=scontent.flis6-1.fna&oh=00_AfDpDVkFqH0qq1RNVXYhtUc4WPq7cn2OkP7O6Dq3f1yZfA&oe=639A7295
2017-05-23-ays-news-digest-22-5-17-growing-uncertainty-among-those-being-re-moved-f453b9c86052.md,https://scontent.flis6-1.fna.fbcdn.net/v/t15.5256-10/18694963_10155349330593620_5347442787002351616_n.jpg?_nc_cat=107&ccb=1-7&_nc_sid=776239&_nc_ohc=fhyE-3JhkVMAX_ZBmW_&_nc_ht=scontent.flis6-1.fna&oh=00_AfBkIPs_vZFUqXb6B3aHxHJakHuhpnQ8bYjirIbfC451iQ&oe=639B4D79
2017-05-24-ays-daily-digest-23-05-2017-human-rights-are-at-risk-in-greece-d929d49a0256.md,https://scontent.flis6-1.fna.fbcdn.net/v/t1.18169-9/18582267_672766449599258_832674326020214664_n.png?stp=dst-png_s320x320&_nc_cat=105&ccb=1-7&_nc_sid=0cb389&_nc_ohc=Fvdk7qP7bocAX8CZ5J8&_nc_ht=scontent.flis6-1.fna&oh=00_AfAho0-gOIe47-h_Fwb_ZhppWWDvwQnJNZN4N5K_cDHuBw&oe=63BD757C
2017-05-26-ays-daily-digest-25-5-2017-chios-is-at-breaking-point-ed39185ae07d.md,https://scontent.flis6-1.fna.fbcdn.net/v/t15.5256-10/18737344_1964056517163100_6991365025902362624_n.jpg?_nc_cat=111&ccb=1-7&_nc_sid=776239&_nc_ohc=0XcehHYe9PUAX_h-j7s&_nc_ht=scontent.flis6-1.fna&oh=00_AfBfddSFBhj5uMLCTKTWypKjcI2cTL3nnO-uL2EKnJjLfQ&oe=639BD435
2017-05-27-ays-daily-digest-26-05-17-g7-summit-opens-as-rescue-ship-enters-distress-nearby-dafe2b653fce.md,https://scontent.flis6-1.fna.fbcdn.net/v/t15.5256-10/18761702_1965108280391257_4805367341007241216_n.jpg?_nc_cat=109&ccb=1-7&_nc_sid=776239&_nc_ohc=YuiI5o0hnWoAX8A-fJi&_nc_ht=scontent.flis6-1.fna&oh=00_AfCNlvTwFIfyZvgGtDmi8XLXFMDWux_IObtEvaDPwWNb3Q&oe=639A0B94
2017-05-27-ays-daily-digest-26-05-17-g7-summit-opens-as-rescue-ship-enters-distress-nearby-dafe2b653fce.md,https://scontent.flis6-1.fna.fbcdn.net/v/t15.5256-10/18737677_1442504875837881_1324995237562548224_n.jpg?_nc_cat=101&ccb=1-7&_nc_sid=776239&_nc_ohc=sNGI6QGaJHgAX_SMdox&_nc_ht=scontent.flis6-1.fna&oh=00_AfBmoUudlI6GEwdjfLk9mJoGbPqiO_8yi7xuqkgulGTKdA&oe=639AC54D
2017-06-03-ays-daily-digest-2-6-2017-elliniko-camp-evacuated-487fe0bf723b.md,https://scontent.flis6-1.fna.fbcdn.net/v/t15.5256-10/18896399_140717489810681_3657903193645383680_n.jpg?_nc_cat=107&ccb=1-7&_nc_sid=776239&_nc_ohc=bjLfCORLQXsAX_1-a8r&_nc_ht=scontent.flis6-1.fna&oh=00_AfAfy7uzX3pJ_hf5j3RF4qvM84wguWDx184cBj0TGNOOWA&oe=639B01B8
2017-06-05-ays-daily-digest-4-6-2017-heavy-fire-in-swedish-refugee-accomodation-9625cf00533e.md,https://scontent.flis6-1.fna.fbcdn.net/v/t15.5256-10/18948575_1876597559224983_8864969699042000896_n.jpg?_nc_cat=108&ccb=1-7&_nc_sid=776239&_nc_ohc=3hRA1eRYPe8AX8dQUEQ&_nc_ht=scontent.flis6-1.fna&oh=00_AfAwIeSapqMAXKQj2ws3id9fyn_tS6D2icrN6jO3vshjWQ&oe=639BB061
2017-06-10-ays-daily-digest-10-06-2017-pregnant-woman-and-31-children-among-rescued-in-the-sea-e3f150486621.md,https://scontent.flis6-1.fna.fbcdn.net/v/t15.5256-10/19106172_113224642609709_9167390410916495360_n.jpg?_nc_cat=108&ccb=1-7&_nc_sid=776239&_nc_ohc=XKyrQYyWQaAAX8-3Wi-&_nc_ht=scontent.flis6-1.fna&oh=00_AfC9TBD_SOs-wlw3mefaah2vx0VLX9BofErjM4SvaYV3yA&oe=639BAF28
2017-06-10-ays-daily-digest-9-06-17-facing-down-fortress-europe-ae4222f4c67e.md,https://scontent.flis6-1.fna.fbcdn.net/v/t31.18172-8/19055175_2051363241671723_9009613850312316808_o.jpg?stp=dst-jpg_s851x315&_nc_cat=108&ccb=1-7&_nc_sid=0cb389&_nc_ohc=GAbJi6F1HEoAX-akL34&_nc_ht=scontent.flis6-1.fna&oh=00_AfBJ6X6It-mpW306uM0ivN5FW_CNniemOZtanxXk78mT7A&oe=63BD6E19
2017-06-14-ays-daily-digest-13-06-17-shocking-treatment-of-people-in-the-hungarian-tranzit-zone-e5359c2cbaa6.md,https://scontent.flis6-1.fna.fbcdn.net/v/t15.5256-10/19198122_1880754462142626_6875892562406670336_n.jpg?_nc_cat=103&ccb=1-7&_nc_sid=776239&_nc_ohc=RQ1Sn6xBOQEAX8P09lW&_nc_ht=scontent.flis6-1.fna&oh=00_AfDJBeOUVHOGo7ndkIhjBhJa5fOnHIK_wupTboznnXm_ig&oe=639ADDC2
2017-06-17-ays-daily-digest-16-06-2017-controversy-over-rescuers-but-they-keep-saving-lives-6d251c3cf1a8.md,https://scontent.flis6-1.fna.fbcdn.net/v/t15.5256-10/19281562_444618489232163_3065151261021044736_n.jpg?_nc_cat=102&ccb=1-7&_nc_sid=776239&_nc_ohc=5PMSWELG-1gAX9icBBM&_nc_ht=scontent.flis6-1.fna&oh=00_AfBd1mNFU5mC2diIWV2DpxyGzjMq-qTYMvZpgehzWCeAcQ&oe=639A927D
2017-06-18-ays-daily-digest-17-6-2017-imminent-deportations-from-france-to-afghanistan-f484bea1bec4.md,https://scontent.flis6-1.fna.fbcdn.net/v/t15.5256-10/19291810_1822803254704455_1902908857043124224_n.jpg?_nc_cat=103&ccb=1-7&_nc_sid=776239&_nc_ohc=UfShuhwFO68AX8kXy5G&_nc_ht=scontent.flis6-1.fna&oh=00_AfDZR1lATxExMu6985xb44JdYw_jsEtfUJCZ15fWSOBSCQ&oe=639A9ECE
2017-06-20-ays-daily-digest-19-6-17-rome-evicts-its-refugees-people-choosing-death-over-return-to-libya-8d49d67b74e1.md,https://scontent.flis6-1.fna.fbcdn.net/v/t15.5256-10/19332038_1368472543229494_7790779579240546304_n.jpg?_nc_cat=111&ccb=1-7&_nc_sid=776239&_nc_ohc=Jqz0EOKfhZYAX8rS0KC&_nc_ht=scontent.flis6-1.fna&oh=00_AfDIBW8v_2vos_ZSd3gt31unlfQxducxwTnQYWEp7hDBvQ&oe=639BD7E2
2017-06-24-ays-daily-digest-23-06-fences-do-not-contain-souls-squat-evictions-in-greece-2940805af8a6.md,https://scontent.flis6-1.fna.fbcdn.net/v/t15.5256-10/17838060_705428799641856_6092100235348148224_n.jpg?_nc_cat=111&ccb=1-7&_nc_sid=776239&_nc_ohc=KkpY8Xaid-oAX_K7i2L&_nc_ht=scontent.flis6-1.fna&oh=00_AfCHBiDJL_DCN6OepWBF4gg0brBo0rg-wHUv0C8mBILlkw&oe=639B36E8
2017-06-26-ays-daily-digest-26-06-2017-hundreds-of-refugees-on-march-from-italy-to-france-609b38367432.md,https://scontent.flis6-1.fna.fbcdn.net/v/t15.5256-10/19524193_472514196441833_6607642825087516672_n.jpg?_nc_cat=103&ccb=1-7&_nc_sid=776239&_nc_ohc=ZkFyCucxoaMAX-wAT5k&_nc_ht=scontent.flis6-1.fna&oh=00_AfCA-FqMjHbBh4ArqJWtvJsF4uQ_dDkiXOdJWVoYTXVkVA&oe=639B1110
2017-06-30-ays-daily-digest-29-6-17-eu-funds-for-refugee-support-in-turkey-are-used-to-detain-and-deport-them-b9f02cead802.md,https://scontent.flis6-1.fna.fbcdn.net/v/t15.5256-10/19640050_451447218549290_224815673652543488_n.jpg?_nc_cat=104&ccb=1-7&_nc_sid=776239&_nc_ohc=dAS3tbOP5L8AX9gLPoV&_nc_ht=scontent.flis6-1.fna&oh=00_AfB7BrKhX29lcfUSAYeKa5ZjpMpNZ0w8U-jFad9JFl-9Vg&oe=639A1ADF
2017-07-01-ays-digest-30-06-questioning-values-c1d18aa5bbe8.md,https://scontent.flis6-1.fna.fbcdn.net/v/t15.5256-10/19647269_654303681435960_6316888953785942016_n.jpg?_nc_cat=111&ccb=1-7&_nc_sid=776239&_nc_ohc=Z-eU0F97k5MAX-l5d8H&_nc_ht=scontent.flis6-1.fna&oh=00_AfBH-nj17xoF2mCWG1g-OLLWs7gzO4pUqnbP6KIqPCqaYA&oe=639B4F34
2017-07-04-ays-daily-digest-03-07-2017-italy-europe-agreements-over-refugees-lives-b5c4352829d5.md,https://scontent.flis6-1.fna.fbcdn.net/v/t15.5256-10/19776821_1985511291684289_404944755210846208_n.jpg?_nc_cat=109&ccb=1-7&_nc_sid=776239&_nc_ohc=eC398WnDDmkAX-Ydgcy&_nc_ht=scontent.flis6-1.fna&oh=00_AfBzXyleYylkJyMizU0haBY_3SqsJoMtVQPMVXwX-MsBbA&oe=639AAC51
2017-07-05-ays-daily-digest-04-07-2017-slow-procedures-put-peoples-health-at-risk-ee9d852fc37.md,https://scontent.flis6-1.fna.fbcdn.net/v/t31.18172-8/19620465_451504558559421_7307511231157789163_o.jpg?stp=dst-jpg_p261x260&_nc_cat=106&ccb=1-7&_nc_sid=0cb389&_nc_ohc=cSUIk6uX_I4AX8YRVnz&_nc_ht=scontent.flis6-1.fna&oh=00_AfCdDzKAU-usEtW4n4h5xrltQZmHLovQDzn0EFo-B1-2tw&oe=63BD6CAE
2017-07-12-ays-daily-digest-11-7-17-cutting-the-legs-of-solidarity-outside-the-official-camps-8fc96c54f9bf.md,https://scontent.flis6-1.fna.fbcdn.net/v/t15.5256-10/19983143_1064575957011272_29814876989816832_n.jpg?_nc_cat=106&ccb=1-7&_nc_sid=776239&_nc_ohc=43jEPBO9YCQAX9j5Zaz&_nc_ht=scontent.flis6-1.fna&oh=00_AfCi9u0lX6PGor51rspZGQPW9lOpHqiiP7k-tnngTl6PHw&oe=639BCA05
2017-07-17-ays-daily-digest-17-7-17-the-situation-at-sea-continues-to-degenerate-10fa51fb3937.md,https://scontent.flis6-1.fna.fbcdn.net/v/t15.5256-10/20173682_1465601620166647_3791355575653105664_n.jpg?_nc_cat=102&ccb=1-7&_nc_sid=776239&_nc_ohc=6GIUIlqaqAIAX9G_dHe&_nc_ht=scontent.flis6-1.fna&oh=00_AfCZ88geLBz-aMggrjfR1XBrGADCba90XoXwE6eDI4qkvA&oe=639BC12E
2017-07-23-ays-daily-digest-22-07-2017-what-stemming-the-tide-really-means-78699e85ee72.md,https://scontent.flis6-1.fna.fbcdn.net/v/t15.5256-10/20269761_10155083793754355_6783656864119783424_n.jpg?_nc_cat=106&ccb=1-7&_nc_sid=776239&_nc_ohc=Pd6v09LuFcYAX8zEhdm&_nc_ht=scontent.flis6-1.fna&oh=00_AfDapr4s5qi3GfF14jBYEE0pcOqyd8mi8AzCfIeOsnDRDw&oe=639AD824
2017-07-24-ays-daily-digest-23-07-2017-moria-hunger-strike-continues-6ce43f4e8307.md,https://pbs.twimg.com/media/DFb7HSsXUAAr2Zl.jpg
2017-07-24-ays-daily-digest-24-07-2017-terror-and-uncertainty-on-lesvos-d8f7de15942b.md,https://scontent.flis6-1.fna.fbcdn.net/v/t15.5256-10/20392098_487645268262059_6121201155629383680_n.jpg?_nc_cat=102&ccb=1-7&_nc_sid=776239&_nc_ohc=fu01PNi8KTYAX-BAeY0&_nc_oc=AQmB1dzDr6BM2VkV-v5nD7wSVORMX1E5ak2KGfu1KCeeecgqV_gmaq5wUXYCQ9LtqP0&_nc_ht=scontent.flis6-1.fna&oh=00_AfD0ElWrVEiEi1-dEETYq20R8CBPCTjFxvw55Nfj6FbfNQ&oe=639B8EED
2017-08-03-ays-daily-digest-02-08-17-put-an-end-to-policies-separating-families-292e0c34a7de.md,https://scontent.flis6-1.fna.fbcdn.net/v/t15.5256-10/20619168_1751655205126815_4686414334799118336_n.jpg?_nc_cat=110&ccb=1-7&_nc_sid=776239&_nc_ohc=hHimGVQP_V8AX8meKuw&_nc_ht=scontent.flis6-1.fna&oh=00_AfDpMTzlrZi0M3GKD_T33qGKne8pnXcP1ge7nFRvX2MfZQ&oe=639ABE4C
2017-08-08-ays-daily-digest-08-08-17-afghan-youths-in-sweden-have-had-enough-of-the-deportations-192aac4fa6be.md,https://scontent.flis6-1.fna.fbcdn.net/v/t15.5256-10/20730823_712013449007891_8427045298714443776_n.jpg?_nc_cat=100&ccb=1-7&_nc_sid=776239&_nc_ohc=GIyE2onOGy8AX-LE7QO&_nc_ht=scontent.flis6-1.fna&oh=00_AfCilHPp8ghJuSFJ1y3BTMG_wt_r_s5fRFs0XI4g1PjLNQ&oe=639A4CCF
2017-08-08-ays-daily-digest-08-08-17-afghan-youths-in-sweden-have-had-enough-of-the-deportations-192aac4fa6be.md,https://media.euobserver.com/67d8a895a21062b5144916f1c9544e42-800x.jpg
2017-08-08-ays-daily-digest-7-8-17-a-growing-number-of-arrivals-and-of-obstacles-1bfec1b0b443.md,https://scontent.flis6-1.fna.fbcdn.net/v/t15.5256-10/20691333_1416417831768298_7344235042110963712_n.jpg?_nc_cat=104&ccb=1-7&_nc_sid=776239&_nc_ohc=EUcJbmV6QrAAX-hS1HS&_nc_ht=scontent.flis6-1.fna&oh=00_AfDl4bLCg7_VvSe7JvZNVb87ESO0M_n3syOCTnd-fF5QjA&oe=639B0C5E
2017-08-10-ays-daily-digest-09-08-2017-3d5049c8e551.md,https://scontent.flis6-1.fna.fbcdn.net/v/t15.5256-10/20774051_289962084805590_4312423546329497600_n.jpg?_nc_cat=103&ccb=1-7&_nc_sid=776239&_nc_ohc=m3P3mPz970IAX921--N&_nc_ht=scontent.flis6-1.fna&oh=00_AfAKo9JIARvB43cEq9y2-uR63MvEnAM73KzJDDR1RNeFGw&oe=639A423B
2017-08-10-ays-daily-digest-09-08-2017-3d5049c8e551.md,https://scontent.flis6-1.fna.fbcdn.net/v/t15.5256-10/20767439_472569123103766_8088454816109428736_n.jpg?_nc_cat=103&ccb=1-7&_nc_sid=776239&_nc_ohc=PAM-v3F6vu8AX-hdDHs&_nc_ht=scontent.flis6-1.fna&oh=00_AfAIYR_rWhhzzBrh4uwWCMIsyqwh7rV7JyrjC026GqnjZQ&oe=639B886F
2017-08-11-ays-daily-digest-10-08-2017-rhodes-another-island-same-shameful-camps-327832412d31.md,https://scontent.flis6-1.fna.fbcdn.net/v/t15.5256-10/20746456_1754169701542032_2639117602206515200_n.jpg?_nc_cat=100&ccb=1-7&_nc_sid=776239&_nc_ohc=BFU5SKGCt6wAX9JYU5l&_nc_ht=scontent.flis6-1.fna&oh=00_AfC0V5dZ0NC2lLGzR7nkkFGTyezVnNpQM4SLhN8ILZeiBg&oe=639A3503
2017-08-11-ays-daily-digest-10-08-2017-rhodes-another-island-same-shameful-camps-327832412d31.md,https://scontent.flis6-1.fna.fbcdn.net/v/t15.5256-10/20774106_10155887212523690_8466586983844544512_n.jpg?_nc_cat=104&ccb=1-7&_nc_sid=776239&_nc_ohc=xFZVlf7Bf30AX_yGTje&_nc_ht=scontent.flis6-1.fna&oh=00_AfBKQL3yB5sFImMXKLd05TU5JwaG-OM7VuD5-nTvd-Ywmw&oe=639B3BEA
2017-08-11-ays-daily-digest-10-08-2017-rhodes-another-island-same-shameful-camps-327832412d31.md,https://scontent.flis6-1.fna.fbcdn.net/v/t15.5256-10/20767558_10154990600282217_8318421710328037376_n.jpg?_nc_cat=105&ccb=1-7&_nc_sid=776239&_nc_ohc=18Ijw3llZzoAX90HXe9&_nc_ht=scontent.flis6-1.fna&oh=00_AfCJIjNFLN0pqx62Xa6-HtnzFb1TNJnKHRRq7wICnBAIfg&oe=639B75B7
2017-08-13-ays-daily-digest-12-08-17-eu-efforts-to-train-libyan-coastguard-empowering-militias-c417eb9dad4c.md,https://scontent.flis6-1.fna.fbcdn.net/v/t31.18172-8/20728928_987245264748596_7260377482653468212_o.jpg?stp=dst-jpg_p228x119&_nc_cat=104&ccb=1-7&_nc_sid=0cb389&_nc_ohc=UvhfWo3xYIAAX8tPPUt&_nc_ht=scontent.flis6-1.fna&oh=00_AfBExYVQvr1EIMEa9FbHndj_ferOHvQS4ov-CPCdnWN93Q&oe=63BD609E
2017-08-13-ays-daily-digest-12-08-17-eu-efforts-to-train-libyan-coastguard-empowering-militias-c417eb9dad4c.md,https://scontent.flis6-1.fna.fbcdn.net/v/t15.5256-10/20814513_496407970719122_4379106937984253952_n.jpg?_nc_cat=110&ccb=1-7&_nc_sid=776239&_nc_ohc=TC1M-0yKuDgAX9MVnGk&_nc_ht=scontent.flis6-1.fna&oh=00_AfAnTJUCE40HtX9cFttTO8YNT684qZ_iEEpDtlHNF2GfiA&oe=639B6570
2017-08-13-ays-daily-digest-12-08-17-eu-efforts-to-train-libyan-coastguard-empowering-militias-c417eb9dad4c.md,https://scontent.flis6-1.fna.fbcdn.net/v/t15.5256-10/20820085_1973763239536015_4885348715914592256_n.jpg?_nc_cat=109&ccb=1-7&_nc_sid=776239&_nc_ohc=NLbCGsllIAAAX9hYOqd&_nc_ht=scontent.flis6-1.fna&oh=00_AfAGPHdeYFAaLtAHR-IRD81WdvM3s0nAnWT7Csad6c9bJg&oe=639B10DC
2017-08-17-ays-daily-digest-16-08-17-discussing-migrants-health-with-libya-who-arent-really-famous-for-866bf266cd80.md,https://scontent.flis6-1.fna.fbcdn.net/v/t15.5256-10/20902984_1922290931391648_5479359383194304512_n.jpg?_nc_cat=108&ccb=1-7&_nc_sid=776239&_nc_ohc=g8sYyutE1mcAX82cV-y&_nc_ht=scontent.flis6-1.fna&oh=00_AfDh4wSaBQ5FRdfu-1ncIeqyolTMgFgz1cBfl-Mo8vXlyA&oe=639AB4F6
2017-08-21-ays-daily-digest-20-08-2017-9d76321ebf5e.md,https://scontent.flis6-1.fna.fbcdn.net/v/t15.5256-10/20990000_1939473806333742_827596337733173248_n.jpg?_nc_cat=105&ccb=1-7&_nc_sid=776239&_nc_ohc=bLIHoeZTZ7wAX-_KInm&_nc_ht=scontent.flis6-1.fna&oh=00_AfCnklRFVU5rsMTN7MOZiiechaJvWmHCERaQuKZ6WjuGhA&oe=639B5FBD
2017-08-23-ays-daily-digest-22-8-17-ngos-preventing-camp-residents-from-joining-protests-aa791bb154c4.md,https://scontent.flis6-1.fna.fbcdn.net/v/t31.18172-8/20988364_471351706574080_5669371790083503428_o.jpg?stp=dst-jpg_p160x160&_nc_cat=102&ccb=1-7&_nc_sid=0cb389&_nc_ohc=1u66jpfiD3IAX8l_5Rb&_nc_ht=scontent.flis6-1.fna&oh=00_AfA7WJREAuf_4UEdrk3NpSJ5AKqUzkzamR7GTt-1jCOw2w&oe=63BD605D
2017-08-25-ays-daily-digest-24-08-2017-dont-clean-up-the-blood-the-aftermath-of-squat-eviction-in-italy-915ef77f5010.md,https://scontent.flis6-1.fna.fbcdn.net/v/t15.5256-10/21105376_1830384040312872_7260410929899110400_n.jpg?_nc_cat=108&ccb=1-7&_nc_sid=776239&_nc_ohc=S4aiIBzOlhUAX9CYYaN&_nc_ht=scontent.flis6-1.fna&oh=00_AfA2OZcp8ZltuDa54Q-zI50F0UAQHWkxFs3aZBSPm42WCQ&oe=639B4481
2017-08-25-ays-daily-digest-24-08-2017-dont-clean-up-the-blood-the-aftermath-of-squat-eviction-in-italy-915ef77f5010.md,https://scontent.flis6-1.fna.fbcdn.net/v/t15.5256-10/21096090_10156470174837195_1704832292565811200_n.jpg?_nc_cat=110&ccb=1-7&_nc_sid=776239&_nc_ohc=mK2CrAsHmZMAX_-ynjh&_nc_ht=scontent.flis6-1.fna&oh=00_AfDj8tBpP4z_fqTkt8Kaks04UXZhOA01hpc6x2K577L4Vw&oe=639BC63F
2017-08-30-ays-daily-digest-29-08-17-another-day-another-protest-against-deportations-to-afghanistan-9b8c21d4163a.md,https://scontent.flis6-1.fna.fbcdn.net/v/t15.5256-10/21223532_1626074927423352_5305765858881044480_n.jpg?_nc_cat=106&ccb=1-7&_nc_sid=776239&_nc_ohc=gwrfxu7sXagAX-5iDUE&_nc_ht=scontent.flis6-1.fna&oh=00_AfBwZzdx6VeuiT6M33SkB5c7nX6VIJDh3_QOUGsT2Z5q8g&oe=639B158F
2017-08-31-ays-daily-digest-30-8-17-thousands-missing-many-more-fearing-instead-of-sleeping-in-the-woods-and-209f95d3696a.md,https://scontent.flis6-1.fna.fbcdn.net/v/t15.5256-10/21223261_170761116806318_7961008460533858304_n.jpg?_nc_cat=111&ccb=1-7&_nc_sid=776239&_nc_ohc=Njp_kM7fJtIAX9pHvre&_nc_ht=scontent.flis6-1.fna&oh=00_AfDRJ4Mrn7qIDga-nfJE4ZHq4vg-cW00_R5wZJovp0pbyw&oe=639A68D7
2017-09-01-ays-daily-digest-31-08-2017-humans-crushed-in-the-cogs-of-bureaucracy-74e99cb399cb.md,https://scontent.flis6-1.fna.fbcdn.net/v/t15.5256-10/21269119_808726019329646_2997860535220830208_n.jpg?_nc_cat=109&ccb=1-7&_nc_sid=776239&_nc_ohc=B9IiBA3yXlkAX_rjEfj&_nc_ht=scontent.flis6-1.fna&oh=00_AfDoLhPNbUGP-THxg8LKK9VIYBLju8Z30R_WaUrpSDapAw&oe=639B1094
2017-09-03-ays-daily-digest-02-09-17-bc424351bcdc.md,https://scontent.flis6-1.fna.fbcdn.net/v/t15.5256-10/21321332_1878482265804576_5458992858730070016_n.jpg?_nc_cat=100&ccb=1-7&_nc_sid=776239&_nc_ohc=B-uk8CKsNr4AX-FnFcd&_nc_ht=scontent.flis6-1.fna&oh=00_AfDONRbOZANIGElsCI5jeWquEgciPKpRKODxtqjdhv2b2Q&oe=639AF19F
2017-09-03-ays-daily-digest-02-09-17-bc424351bcdc.md,https://scontent.flis6-1.fna.fbcdn.net/v/t31.18172-8/21200461_998853790254410_5651748598234231195_o.jpg?stp=dst-jpg_p206x206&_nc_cat=101&ccb=1-7&_nc_sid=0cb389&_nc_ohc=jwwlopOwoLQAX-Y6AdY&_nc_ht=scontent.flis6-1.fna&oh=00_AfD5xxYc39AJtEQ6kRNW4o4IUa4pqshGPY4SWgb1_0xR1A&oe=63BD959C
2017-09-05-ays-daily-digest-5-9-2017-alien-homeland-afghanistan-9be5db7dce08.md,https://scontent.flis6-1.fna.fbcdn.net/v/t15.5256-10/21369712_404641593267464_7650149465067618304_n.jpg?_nc_cat=105&ccb=1-7&_nc_sid=776239&_nc_ohc=fmDBry9-Z2sAX-Q6qRQ&_nc_ht=scontent.flis6-1.fna&oh=00_AfDdo3-8YN1x4YunvaAlhbMSDqEAikTr5kvE9fXHGNoI5Q&oe=639B2AC5
2017-09-07-ays-daily-digest-06-09-17-as-expected-slovakia-and-hungary-lost-in-the-eu-court-4b46869269cb.md,https://scontent.flis6-1.fna.fbcdn.net/v/t15.5256-10/21460414_879751732173711_7896632424094760960_n.jpg?_nc_cat=107&ccb=1-7&_nc_sid=776239&_nc_ohc=26RzZ3dS0XkAX_ld8m0&_nc_ht=scontent.flis6-1.fna&oh=00_AfBkGo2cONtZZhQph_Zv605h9i_RLT7JXGHsn_W99mkL0A&oe=639AAAB3
2017-09-07-ays-daily-digest-06-09-17-as-expected-slovakia-and-hungary-lost-in-the-eu-court-4b46869269cb.md,https://scontent.flis6-1.fna.fbcdn.net/v/t1.18169-9/21314782_1985864738325865_2130602533675190362_n.jpg?stp=dst-jpg_p75x225&_nc_cat=107&ccb=1-7&_nc_sid=0cb389&_nc_ohc=D-NT0AdG4QEAX90l4TT&_nc_ht=scontent.flis6-1.fna&oh=00_AfAnwZRA7NrHqwwIV9KXcog4FShvbZQVVVVFK-pJEQ7Zig&oe=63BD7C0E
2017-09-08-ays-daily-digest-07-09-2017-human-cruelty-the-cost-of-current-migration-management-80c461eb803a.md,https://scontent.flis6-1.fna.fbcdn.net/v/t15.5256-10/21479231_1881909941826367_8729833256062550016_n.jpg?_nc_cat=108&ccb=1-7&_nc_sid=776239&_nc_ohc=Bu7Z5s-mE4gAX-FG-P-&_nc_ht=scontent.flis6-1.fna&oh=00_AfAMFjNcTbr0mRIwVvs0WKsLQnkoivX9zGKaxcsmvva5lw&oe=639B1734
2017-09-12-ays-daily-digest-11-09-2017-seeds-of-violence-bear-bad-fruit-3adf6e7d48cf.md,https://scontent.flis6-1.fna.fbcdn.net/v/t15.5256-10/21697490_1867130793605034_4266678790257639424_n.jpg?_nc_cat=103&ccb=1-7&_nc_sid=776239&_nc_ohc=KvqsPFwwyawAX_GktmB&_nc_ht=scontent.flis6-1.fna&oh=00_AfDxOy0Ix1UagaT46-wbFZxJJWv6LeyhZisMAp-rpr_HBQ&oe=639B85A5
2017-09-13-ays-daily-digest-11-09-2017-canada-heaven-for-refugees-de223c949c0a.md,https://scontent.flis6-1.fna.fbcdn.net/v/t15.5256-10/21697777_1417874158319859_1649598476268339200_n.jpg?_nc_cat=108&ccb=1-7&_nc_sid=776239&_nc_ohc=FsEtd7ehhf8AX_L_VAR&_nc_ht=scontent.flis6-1.fna&oh=00_AfB0gGSJniG0wAFCa8KSQj5lGlWQljk2-CnjoFogZ8qZXg&oe=639A19BB
2017-09-13-ays-daily-digest-11-09-2017-canada-heaven-for-refugees-de223c949c0a.md,https://scontent.flis6-1.fna.fbcdn.net/v/t15.5256-10/21763452_1664764396889844_9161023903584223232_n.jpg?_nc_cat=106&ccb=1-7&_nc_sid=776239&_nc_ohc=C1M1hpS8ySEAX8NWeGd&_nc_oc=AQngdDOH674Hw9_dBJyZ2bmVAlmbN4Xpqcd10ZV8HtrEzyElMcU6WJJSaEqq8u7Wsmc&_nc_ht=scontent.flis6-1.fna&oh=00_AfCL2cvbzjDomFpe-hsIR2YQxrStmYpsWNjks6lPH4OE2g&oe=639A2C4D
2017-09-15-ays-daily-digest-15-09-2017-can-we-resist-orbanization-6dbcbae5d0d.md,https://scontent.flis6-1.fna.fbcdn.net/v/t15.5256-10/21819277_1420745668032708_6391291690161799168_n.jpg?_nc_cat=107&ccb=1-7&_nc_sid=776239&_nc_ohc=Wh-xFqZWklkAX8VaDEr&_nc_ht=scontent.flis6-1.fna&oh=00_AfABz7hSDmjk1tRak-tY20Xmq0zsyVPUHwRluxskRjNM1A&oe=639AC448
2017-09-15-ays-daily-digest-15-09-2017-can-we-resist-orbanization-6dbcbae5d0d.md,https://scontent.flis6-1.fna.fbcdn.net/v/t15.5256-10/21819331_727463247462911_1701754695095156736_n.jpg?_nc_cat=111&ccb=1-7&_nc_sid=776239&_nc_ohc=oyS-j8wzp94AX-cHGiJ&_nc_ht=scontent.flis6-1.fna&oh=00_AfDPEzrByPN2JO9oQNRIGHdkasrklni82138wJc5RnMftg&oe=639A05D4
2017-09-18-ays-daily-digest-18-9-2017-what-is-the-role-of-the-unhcr-5f23cadadbd3.md,https://scontent.flis6-1.fna.fbcdn.net/v/t15.5256-10/21853196_10155610018763632_5807624652750585856_n.jpg?_nc_cat=109&ccb=1-7&_nc_sid=776239&_nc_ohc=r306lDILCvEAX8H7O7x&_nc_ht=scontent.flis6-1.fna&oh=00_AfCYt55H96QjtCR-dpm_0qJD1HLGUru4XFyxSkuamriYpw&oe=639B4141
2017-09-18-ays-daily-digest-18-9-2017-what-is-the-role-of-the-unhcr-5f23cadadbd3.md,https://scontent.flis6-1.fna.fbcdn.net/v/t15.5256-10/21852166_1973406002939510_7534846442326720512_n.jpg?_nc_cat=103&ccb=1-7&_nc_sid=776239&_nc_ohc=729tL_tTdGQAX9zeY_i&_nc_ht=scontent.flis6-1.fna&oh=00_AfAy8yXxMUUCr3mzXCTJKSK6GBG3VhQZsafNnvsVz3VGhg&oe=639A5F0F
2017-09-22-ays-daily-digest-21-09-17-whats-the-unhcr-s-role-on-lesvos-8442940da207.md,https://scontent.flis6-1.fna.fbcdn.net/v/t1.18169-9/21617940_1651332931579736_7872838538233377581_n.jpg?stp=dst-jpg_s851x315&_nc_cat=104&ccb=1-7&_nc_sid=0cb389&_nc_ohc=ky6F0Cn1Rd8AX-KHxXy&_nc_ht=scontent.flis6-1.fna&oh=00_AfB0w7HevTQb4kgovFlNhBnh0oOJ2Ev5rrhoDJY-wlaPqg&oe=63BD80D7
2017-09-22-ays-daily-digest-21-09-17-whats-the-unhcr-s-role-on-lesvos-8442940da207.md,https://scontent.flis6-1.fna.fbcdn.net/v/t31.18172-8/21686759_492258141134864_2183945429837266502_o.jpg?stp=dst-jpg_p228x119&_nc_cat=107&ccb=1-7&_nc_sid=0cb389&_nc_ohc=DKbo4_aYkr0AX-AzjOp&_nc_ht=scontent.flis6-1.fna&oh=00_AfBa_yiH-EbOgtUfDDj89azDrH1jAtdnNbhsYNWcc8Yy5Q&oe=63BD8342
2017-09-27-ays-daily-digest-26-09-2017-another-date-marks-failed-policies-45cc66ace4c3.md,https://scontent.flis6-1.fna.fbcdn.net/v/t15.5256-10/22012505_1429611060479502_2836708500371931136_n.jpg?_nc_cat=104&ccb=1-7&_nc_sid=776239&_nc_ohc=DS3V4CEMexAAX92fdrz&_nc_ht=scontent.flis6-1.fna&oh=00_AfAqqMHabbeTeePsEeAu43mz-awTydvOduDOk3IPQ0oDoQ&oe=639AF0E0
2017-09-27-ays-daily-digest-26-09-2017-another-date-marks-failed-policies-45cc66ace4c3.md,https://scontent.flis6-1.fna.fbcdn.net/v/t15.5256-10/22068357_1771481106477558_6951223741862903808_n.jpg?_nc_cat=111&ccb=1-7&_nc_sid=776239&_nc_ohc=0a3nzGV7jv4AX9xzZuJ&_nc_ht=scontent.flis6-1.fna&oh=00_AfB5byOTFRDgokCyAEmVCay8kz7drC3V3PKd9WGJX7zWmw&oe=639AF28A
2017-09-28-ays-28-09-2017-9-years-old-girl-from-syria-died-after-boat-accident-in-greece-a79d5ba64dee.md,https://scontent.flis6-1.fna.fbcdn.net/v/t15.5256-10/21992446_10107496975941936_7002450005780856832_n.jpg?_nc_cat=103&ccb=1-7&_nc_sid=776239&_nc_ohc=pzb6MHewRhwAX8vPVhZ&_nc_oc=AQkBMOcYUxV57Xgb77yMEBLyQU7EgqG5DSn0KZiz3dqsGlzUKVTL5QcB9aR9b2sQuHc&_nc_ht=scontent.flis6-1.fna&oh=00_AfCc2bUydYM61HU60SPFj5j0AEXV9NbSx7ucT_lP-CMwew&oe=639A6030
2017-09-28-ays-daily-digest-27-09-2017-new-plan-to-resettle-at-least-50-000-refugees-138287dc2c73.md,https://scontent.flis6-1.fna.fbcdn.net/v/t15.5256-10/22115081_1670765416309290_2230729550239629312_n.jpg?_nc_cat=109&ccb=1-7&_nc_sid=776239&_nc_ohc=qaxoG2ljCUEAX-uwJYH&_nc_ht=scontent.flis6-1.fna&oh=00_AfB50NWhG3gTmE2SQaVIEb3iWpNLyvG5KgMrZ58etlcRGQ&oe=639B2B2D
2017-09-30-ays-29-09-2017-the-consequences-of-the-eu-turkey-deal-cd255b4d93fa.md,https://miro.medium.com/max/940/1*zeYkxStHQ45EJth5mGgL_A.jpeg
2017-09-30-ays-29-09-2017-the-consequences-of-the-eu-turkey-deal-cd255b4d93fa.md,https://scontent.flis6-1.fna.fbcdn.net/v/t1.18169-9/22007674_772550669584210_7830669048431141535_n.png?stp=dst-png_p75x225&_nc_cat=109&ccb=1-7&_nc_sid=0cb389&_nc_ohc=s8jPhVnWuCIAX8TL-Vj&_nc_ht=scontent.flis6-1.fna&oh=00_AfBhwu4IYl22SSfeyGogQAPRKYIetKi-IVTu4AMScl65TQ&oe=63BD5F17
2017-09-30-ays-29-09-2017-the-consequences-of-the-eu-turkey-deal-cd255b4d93fa.md,https://scontent.flis6-1.fna.fbcdn.net/v/t1.18169-9/22046647_1944213225866710_2027342821150306563_n.jpg?stp=dst-jpg_p75x225&_nc_cat=100&ccb=1-7&_nc_sid=0cb389&_nc_ohc=Snt1wXpKky8AX_Rk_R4&_nc_ht=scontent.flis6-1.fna&oh=00_AfA14s6GpAdmKsKS3IqN8iSAuVNVZxRrwbPWfqg60_gf-w&oe=63BD86CB
2017-10-01-ays-daily-digest-01-10-17-relocation-2-years-later-no-solidarity-in-the-eu-95a127c6db56.md,https://scontent.flis6-1.fna.fbcdn.net/v/t15.5256-10/22198007_1979430759003701_1362554292774371328_n.jpg?_nc_cat=103&ccb=1-7&_nc_sid=776239&_nc_ohc=WaZhkqMSheEAX9Ujloc&_nc_ht=scontent.flis6-1.fna&oh=00_AfCpFAeocxh-tRR9DGd4qYO27U73Al4XGtquOcuUgSIMew&oe=639ABA4D
2017-10-01-ays-daily-digest-30-09-17-sick-of-waiting-protests-take-place-across-europe-5d2a52f7c67d.md,https://scontent.flis6-1.fna.fbcdn.net/v/t15.5256-10/22183916_1461091487300932_275354571004444672_n.jpg?_nc_cat=108&ccb=1-7&_nc_sid=776239&_nc_ohc=8jxzSJGeOBgAX95W-vm&_nc_ht=scontent.flis6-1.fna&oh=00_AfDEVmGrOYw4hCBwxA2Q5tceh9GY6_1C2xhEf35n2RVgZA&oe=639AB364
2017-10-04-ays-daily-digest-2-10-2017-spain-sentended-for-illegal-border-practices-36761f13f3a0.md,https://scontent.flis6-1.fna.fbcdn.net/v/t15.5256-10/22220393_10155697704454354_5546578846897143808_n.jpg?_nc_cat=101&ccb=1-7&_nc_sid=776239&_nc_ohc=k97EcCBQm80AX8jITY9&_nc_ht=scontent.flis6-1.fna&oh=00_AfCb9KZeIfy2v63Z9eOKCD9cn0Er9ut3HS-eqZZjN4auaw&oe=639AA5DA
2017-10-04-ays-daily-digest-2-10-2017-spain-sentended-for-illegal-border-practices-36761f13f3a0.md,https://scontent.flis6-1.fna.fbcdn.net/v/t31.18172-8/22135283_1014978461975276_8030521360047405260_o.jpg?stp=dst-jpg_p75x225&_nc_cat=103&ccb=1-7&_nc_sid=0cb389&_nc_ohc=17vxuUExRLgAX8kNcIj&_nc_oc=AQmY0eOd0QaqMVRn2NHHqeVEp31u0VDC2QU6NKnk43IzUpmGstmYeh6Tlv5XjZzCKxA&_nc_ht=scontent.flis6-1.fna&oh=00_AfDvBH4cQNT2K6t-QvlZtg52F3nM_5dfmbZO5dTB2zpg0g&oe=63BD907E
2017-10-04-ays-daily-digest-2-10-2017-spain-sentended-for-illegal-border-practices-36761f13f3a0.md,https://scontent.flis6-1.fna.fbcdn.net/v/t31.18172-8/22255036_1773791906251771_8092822338170637656_o.png?stp=dst-png_p75x225&_nc_cat=103&ccb=1-7&_nc_sid=0cb389&_nc_ohc=veqq3AsMGSAAX_XqOt1&_nc_ht=scontent.flis6-1.fna&oh=00_AfBGnZSmPDWEP83XuCgrbr8HKNbCWKjGg_zpGG_nYOI1jQ&oe=63BD7803
2017-10-07-ays-daily-digest-06-10-17-moria-overcrowding-reaches-tipping-point-7bc241b770e1.md,https://scontent.flis6-1.fna.fbcdn.net/v/t31.18172-8/22256409_1090148034455836_8653246420513966094_o.jpg?stp=dst-jpg_p173x172&_nc_cat=107&ccb=1-7&_nc_sid=0cb389&_nc_ohc=ckDveUbqk4YAX-KA7sC&_nc_ht=scontent.flis6-1.fna&oh=00_AfCDgzFe97tKAdGRjEbw9xVhXd00XaOIXIgs-h-c4Y3kWg&oe=63BD7A61
2017-10-07-ays-daily-digest-06-10-17-moria-overcrowding-reaches-tipping-point-7bc241b770e1.md,https://www.refugeecouncil.org.uk/wp-content/uploads/2019/03/Project-asylum-destitution-20190401.jpg
2017-10-07-ays-daily-digest-07-10-2017-humans-helping-humans-8bdaffc5ee9d.md,https://scontent.flis6-1.fna.fbcdn.net/v/t1.18169-9/22279724_302929830113563_3118628221659999085_n.jpg?stp=dst-jpg_p206x206&_nc_cat=103&ccb=1-7&_nc_sid=0cb389&_nc_ohc=qtmDfdrXYXkAX8n9R_k&_nc_ht=scontent.flis6-1.fna&oh=00_AfAvEHBgIhTzR4LLtIHOx2pGHdJ7DQDYuDXXmJd7kxNjOQ&oe=63BD8008
2017-10-07-ays-daily-digest-07-10-2017-humans-helping-humans-8bdaffc5ee9d.md,https://scontent.flis6-1.fna.fbcdn.net/v/t1.18169-9/22195917_1775218686103800_7583801136818984865_n.jpg?stp=dst-jpg_p261x260&_nc_cat=109&ccb=1-7&_nc_sid=0cb389&_nc_ohc=Sc8QKfI22ukAX_EPVa9&_nc_ht=scontent.flis6-1.fna&oh=00_AfDf6kECzDC6dBuce5wt63tdUxUAhuGaaZnrV47MBjlD7g&oe=63BD89D8
2017-10-12-ays-daily-digest-11-10-17-3bc6673486b7.md,https://scontent.flis6-1.fna.fbcdn.net/v/t15.5256-10/22277015_1438437666271020_7549476376542183424_n.jpg?_nc_cat=110&ccb=1-7&_nc_sid=776239&_nc_ohc=LXxvwynGxfMAX_ifO-C&_nc_ht=scontent.flis6-1.fna&oh=00_AfAvqgv9M3VPeN631TohDm6_4pkJHIrJl_7IqxllYnMifg&oe=639A8BDA
2017-10-16-ays-daily-digest-15-10-17-what-the-election-in-austria-means-for-refugees-f97df1f03c5a.md,https://scontent.flis6-1.fna.fbcdn.net/v/t15.5256-10/22578715_1995368370737396_8400210364523872256_n.jpg?_nc_cat=104&ccb=1-7&_nc_sid=776239&_nc_ohc=eqvNqn_kgzUAX9OUijK&_nc_ht=scontent.flis6-1.fna&oh=00_AfCITuCHd2FafJmdX3gh60WXI7wHbng0_zj4zkRhR3ihRw&oe=639B0411
2017-10-16-ays-daily-digest-15-10-17-what-the-election-in-austria-means-for-refugees-f97df1f03c5a.md,https://scontent.flis6-1.fna.fbcdn.net/v/t15.5256-10/22284329_1697208293622801_3975883008665190400_n.jpg?_nc_cat=105&ccb=1-7&_nc_sid=776239&_nc_ohc=gHB_tEjltgwAX_ckEeW&_nc_oc=AQkakvxyMxdSAD4fB68DYqQ3brB4ocFctDDVTeaDqsh-a1WoDGMmO8HzSjX6pUlG4bY&_nc_ht=scontent.flis6-1.fna&oh=00_AfBNb_2YwFIDIuD_ZwiKVlRDamYPmd9boxbkQp5OEVxS2Q&oe=639BC678
2017-10-18-ays-daily-digest-17-10-17-november-1-brings-hard-restrictions-for-refugees-in-austria-119df9001564.md,https://scontent.flis6-1.fna.fbcdn.net/v/t15.5256-10/22619034_10154842238302385_4256348715305926656_n.jpg?_nc_cat=105&ccb=1-7&_nc_sid=776239&_nc_ohc=bK4SRfL2wSEAX8b0HBH&_nc_ht=scontent.flis6-1.fna&oh=00_AfDax5SVCjMe6iz91-yWP5G6JSHHTusnBhVIDtVBrL_4Sw&oe=639AC88B
2017-10-19-ays-daily-digest-18-10-2017-fortress-europe-closes-the-gates-8c4c70d7dcfc.md,https://scontent.flis6-1.fna.fbcdn.net/v/t31.18172-8/22528637_184070028808760_5365495127232505035_o.jpg?stp=dst-jpg_p206x206&_nc_cat=111&ccb=1-7&_nc_sid=0cb389&_nc_ohc=qk9hloYljWwAX8U3kVT&_nc_ht=scontent.flis6-1.fna&oh=00_AfAa_UzQ7KXvojl_FoKt6Q-_DDsAPs-CR7P6_ihjS9WlLg&oe=63BD7483
2017-10-19-ays-daily-digest-19-10-2017-proposal-for-a-new-dublin-regulation-b849e4788988.md,https://scontent.flis6-1.fna.fbcdn.net/v/t15.5256-10/22658541_1477246865685394_8198468809963601920_n.jpg?_nc_cat=104&ccb=1-7&_nc_sid=776239&_nc_ohc=fKgMZ3BwA88AX-IWpnZ&_nc_ht=scontent.flis6-1.fna&oh=00_AfCoVq5vci0wMnxO5mPkO2Ex_9PBrQoXQj39IFyH7d2p3w&oe=639BA979
2017-10-21-ays-daily-digest-20-10-2017-high-tension-on-greek-islands-continues-764af48ba44.md,https://scontent.flis6-1.fna.fbcdn.net/v/t15.5256-10/22742681_1451009121673029_5717312618775969792_n.jpg?_nc_cat=104&ccb=1-7&_nc_sid=776239&_nc_ohc=h4VYWKIjY5wAX9lHGUp&_nc_ht=scontent.flis6-1.fna&oh=00_AfD6MS9RZVEmebn3PSIyQyzpvHxVnXG2cLuE9ejCPtyvvg&oe=639AEF2E
2017-10-21-ays-daily-digest-20-10-2017-high-tension-on-greek-islands-continues-764af48ba44.md,https://scontent.flis6-1.fna.fbcdn.net/v/t15.5256-10/22658340_1989756284637815_3140386709951217664_n.jpg?_nc_cat=107&ccb=1-7&_nc_sid=776239&_nc_ohc=2yVghfaWgXEAX9j4oN9&_nc_ht=scontent.flis6-1.fna&oh=00_AfAkNO4nYpNE6srzsUmVPrW7SyLImer0IEFUlQhLHMheJQ&oe=639B0683
2017-10-25-ays-daily-digest-25-10-2017-police-in-calais-used-extensive-force-148039b47155.md,https://scontent.flis6-1.fna.fbcdn.net/v/t15.5256-10/22743543_1455604471213494_8204097304475467776_n.jpg?_nc_cat=111&ccb=1-7&_nc_sid=776239&_nc_ohc=H--je2by3FAAX8xB45s&_nc_ht=scontent.flis6-1.fna&oh=00_AfBLx09hJ8b7fZGQ-hfz-Dp40DTm5vI6PDy67wYLgxMSCg&oe=639B209F
2017-10-26-ays-daily-digest-26-10-2017-conditions-on-chios-unbearable-9fb0f770f584.md,https://scontent.flis6-1.fna.fbcdn.net/v/t15.5256-10/22741172_1185386568272497_8135118931405832192_n.jpg?_nc_cat=101&ccb=1-7&_nc_sid=776239&_nc_ohc=JVvGnrjlsmMAX-6TSq4&_nc_ht=scontent.flis6-1.fna&oh=00_AfCoCrYWzXKgYsey2Ndc2cJHEhRjXkgn_VFFOpnB6cG86g&oe=639ACE2E
2017-10-28-ays-daily-digest-27-10-17-lawyers-want-to-challenge-the-eu-turkey-deal-in-front-of-the-echr-2e3cc56fe98f.md,https://scontent.flis6-1.fna.fbcdn.net/v/t1.18169-9/22815308_2056711417890910_1011593310424876353_n.jpg?stp=dst-jpg_p206x206&_nc_cat=107&ccb=1-7&_nc_sid=0cb389&_nc_ohc=ArxUHxk3eFwAX8ru_U2&_nc_ht=scontent.flis6-1.fna&oh=00_AfAhsP7X66NMOKihl2dKE-uBb2nAphIce_BVI4kwtUoAzg&oe=63BD8469
2017-10-28-ays-daily-digest-27-10-17-lawyers-want-to-challenge-the-eu-turkey-deal-in-front-of-the-echr-2e3cc56fe98f.md,https://scontent.flis6-1.fna.fbcdn.net/v/t1.18169-9/22730332_1006001159542413_66936485458934907_n.jpg?stp=dst-jpg_s526x296&_nc_cat=102&ccb=1-7&_nc_sid=0cb389&_nc_ohc=0qBx6TS10-4AX_YTgXx&_nc_ht=scontent.flis6-1.fna&oh=00_AfA8Zl4Oyf03eV2ywWGKaNUGNxAJjWyTrZOujPD6pkqCPQ&oe=63BD8F45
2017-10-29-ays-daily-digest-28-10-17-the-boy-who-dreamt-to-become-a-pilot-b045a79afe31.md,https://scontent.flis6-1.fna.fbcdn.net/v/t15.5256-10/22742292_1456949547745653_2438806340475289600_n.jpg?_nc_cat=103&ccb=1-7&_nc_sid=776239&_nc_ohc=U8oxDg7Ux-0AX8GG8zC&_nc_ht=scontent.flis6-1.fna&oh=00_AfAKgIKRIkACTQrlplA2tNwq64LUo0C9mvcJ0BG887NLAA&oe=639B8685
2017-11-01-ays-daily-digest-31-10-17-real-life-demons-haunt-calais-refugees-this-halloween-b640c859123.md,https://scontent.flis6-1.fna.fbcdn.net/v/t15.5256-10/22744045_2039765349592216_4380669777799020544_n.jpg?_nc_cat=109&ccb=1-7&_nc_sid=776239&_nc_ohc=3E2UCJhHwUcAX-XkfIk&_nc_ht=scontent.flis6-1.fna&oh=00_AfAJtEX8cUaEvtLV_rVFj7XObD3Gec3VfCtA188JSMm8Rg&oe=639A361E
2017-11-03-ays-daily-digest-02-11-2017-let-the-children-in-876a7fc98e43.md,https://scontent.flis6-1.fna.fbcdn.net/v/t15.5256-10/23180370_1784348228524179_4895979172289052672_n.jpg?_nc_cat=100&ccb=1-7&_nc_sid=776239&_nc_ohc=mL-0FTxI3PsAX98ILfT&_nc_ht=scontent.flis6-1.fna&oh=00_AfD_wtHQ5CejDULrJs1G83MX4j-uhQSdjnyr_jeEy18HRg&oe=639A3ABA
2017-11-07-ays-daily-digest-6-11-17-italian-funded-libyan-coast-guard-causes-5-deaths-in-the-mediterranean-4c234bd2e913.md,https://scontent.flis6-1.fna.fbcdn.net/v/t15.5256-10/23283069_10155833801798158_2160466780085026816_n.jpg?_nc_cat=107&ccb=1-7&_nc_sid=776239&_nc_ohc=XwRPwxycIZcAX9bdKHg&_nc_ht=scontent.flis6-1.fna&oh=00_AfCeXZHLwqUJSLKSLQ-TGK-epHMmH215x2fWGppvCl8H0g&oe=639A6D23
2017-11-07-ays-daily-digest-6-11-17-italian-funded-libyan-coast-guard-causes-5-deaths-in-the-mediterranean-4c234bd2e913.md,https://scontent.flis6-1.fna.fbcdn.net/v/t15.5256-10/23382619_10155769557404192_8717206554723483648_n.jpg?_nc_cat=101&ccb=1-7&_nc_sid=776239&_nc_ohc=Rhm-Oi15inoAX9aFEwO&_nc_ht=scontent.flis6-1.fna&oh=00_AfBWFuZ_VCgwvGQHAxpT4gNG3XwHY1NX1x9lKZFXKf4xuw&oe=639BE097
2017-11-07-ays-daily-digest-6-11-17-italian-funded-libyan-coast-guard-causes-5-deaths-in-the-mediterranean-4c234bd2e913.md,https://scontent.flis6-1.fna.fbcdn.net/v/t15.5256-10/23337327_2043646099204141_8003846734927101952_n.jpg?_nc_cat=108&ccb=1-7&_nc_sid=776239&_nc_ohc=oc-ueebgIfwAX-N_GS_&_nc_ht=scontent.flis6-1.fna&oh=00_AfBGK7cmNgOloqvvwc-3FvCXmvUdTOQ5EkEMECb_0PkjRQ&oe=639BEA53
2017-11-08-ays-special-from-paris-part-2-the-never-ending-cycle-e568a1f59119.md,https://scontent.flis6-1.fna.fbcdn.net/v/t15.5256-10/22902298_1993369600943150_3245013083944386560_n.jpg?_nc_cat=105&ccb=1-7&_nc_sid=776239&_nc_ohc=4M00HmB0-SUAX9ow9QV&_nc_ht=scontent.flis6-1.fna&oh=00_AfCpbYuAr6JI4-zM5AOfu7OfOJpIPMRTb-6ybCarwwxwXA&oe=639BA709
2017-11-08-ays-special-from-paris-part-2-the-never-ending-cycle-e568a1f59119.md,https://scontent.flis6-1.fna.fbcdn.net/v/t15.5256-10/22748965_1708257109207239_676759517249142784_n.jpg?_nc_cat=109&ccb=1-7&_nc_sid=776239&_nc_ohc=jTZ-0MW9S_4AX8tbyTF&_nc_ht=scontent.flis6-1.fna&oh=00_AfD0erAmSmmpICx53rEdcsyEyOLvd2K5gyRM8hlmzanffA&oe=639BAE5D
2017-11-09-ays-daily-digest-08-11-17-refugee-families-vs-policies-a707aa113250.md,https://scontent.flis6-1.fna.fbcdn.net/v/t15.5256-10/23473701_768539680018446_5892602156954943488_n.jpg?_nc_cat=100&ccb=1-7&_nc_sid=776239&_nc_ohc=lYFyOgUHmdwAX952ako&_nc_ht=scontent.flis6-1.fna&oh=00_AfAu9lt4nXGJ1MdRRA3OJK3yvdVtsOJ-oyb13HBalkilKw&oe=639A669F
2017-11-09-ays-daily-digest-08-11-17-refugee-families-vs-policies-a707aa113250.md,https://scontent.flis6-1.fna.fbcdn.net/v/t15.5256-10/23431145_1786566384969030_3550717487295234048_n.jpg?_nc_cat=102&ccb=1-7&_nc_sid=776239&_nc_ohc=8vHh-LJQ6dkAX89PaMU&_nc_ht=scontent.flis6-1.fna&oh=00_AfBQyjTCfn96GhZDPRLPmvPPn1NBAc3CtE2XcSRc2Axh6Q&oe=639A1C99
2017-11-09-ays-daily-digest-08-11-17-refugee-families-vs-policies-a707aa113250.md,https://scontent.flis6-1.fna.fbcdn.net/v/t15.5256-10/23475382_517205805306764_888944658451791872_n.jpg?_nc_cat=110&ccb=1-7&_nc_sid=776239&_nc_ohc=8QybTgCvGKwAX8YgU5I&_nc_ht=scontent.flis6-1.fna&oh=00_AfCb4zczGQMh00mbB_fcXrSUMFfHm8vpSF6s75LWy2WNoA&oe=639AB367
2017-11-13-ays-daily-digest-12-11-17-71331c34a877.md,https://scontent.flis6-1.fna.fbcdn.net/v/t31.18172-8/23456522_393171614446097_4266935091531711329_o.jpg?stp=dst-jpg_p75x225&_nc_cat=107&ccb=1-7&_nc_sid=0cb389&_nc_ohc=N6bjOBLFldkAX8wOmYW&_nc_ht=scontent.flis6-1.fna&oh=00_AfBwOkfMOzm7etebzvCwLrKjK7OGdpJVGZR3xGJiN8xDGQ&oe=63BD7C39
2017-11-14-ays-daily-digest-13-11-17-rescue-group-calls-upon-unhcr-to-investigate-turkish-coast-guard-c28e5f536310.md,https://scontent.flis6-1.fna.fbcdn.net/v/t15.5256-10/23521785_1945809458970459_8888097947607105536_n.jpg?_nc_cat=109&ccb=1-7&_nc_sid=776239&_nc_ohc=fOOMcXlmMAoAX_RRHqy&_nc_ht=scontent.flis6-1.fna&oh=00_AfBL8INl2QpC7elGan4oP8IxEM5QRfcbzrHoeMc2qpdBpA&oe=639BA081
2017-11-16-ays-daily-digest-15-11-2017-2-years-of-eu-achievements-4833322e7505.md,https://scontent.flis6-1.fna.fbcdn.net/v/t15.5256-10/23496462_1696439440387776_7645003587440869376_n.jpg?_nc_cat=107&ccb=1-7&_nc_sid=776239&_nc_ohc=35TCKpXxztsAX8yEEAi&_nc_ht=scontent.flis6-1.fna&oh=00_AfBAJy_rGjztF7QDof156RQKVP_TZ-P7gLiej08a8KJkrQ&oe=639B0678
2017-11-21-ays-daily-digest-20-11-17-a-warning-and-cry-for-help-from-the-aegean-dde4c88c3529.md,https://scontent.flis6-1.fna.fbcdn.net/v/t15.5256-10/23630204_824270377760387_1595775638331981824_n.jpg?_nc_cat=107&ccb=1-7&_nc_sid=776239&_nc_ohc=QLUiAwDbDIIAX8SGWLQ&_nc_ht=scontent.flis6-1.fna&oh=00_AfDuo0aQjRKR6IndNzwdPr-noXunmy6Xsu6DymX_ubJnrg&oe=639BBC41
2017-11-21-ays-daily-digest-20-11-17-a-warning-and-cry-for-help-from-the-aegean-dde4c88c3529.md,https://scontent.flis6-1.fna.fbcdn.net/v/t15.5256-10/23628723_1478819455558662_450980078705180672_n.jpg?_nc_cat=104&ccb=1-7&_nc_sid=776239&_nc_ohc=jx0IV6a-lYAAX-mcDsF&_nc_ht=scontent.flis6-1.fna&oh=00_AfCJ3C6PMnwc1xur81QW5WOWlvfPT7Y5E7LZlUtTFsiMWw&oe=639A48C9
2017-11-21-ays-daily-digest-20-11-17-a-warning-and-cry-for-help-from-the-aegean-dde4c88c3529.md,https://scontent.flis6-1.fna.fbcdn.net/v/t15.5256-10/23630551_342356176228950_3307739002538295296_n.jpg?_nc_cat=100&ccb=1-7&_nc_sid=776239&_nc_ohc=9ifoHjf1FMUAX9GKtJ2&_nc_ht=scontent.flis6-1.fna&oh=00_AfCtrXDFo16uW2UHYtXIpmpqwOjEaKww6L7MV2SEVGyMow&oe=639B115C
2017-11-22-ays-daily-digest-21-11-2017-brutality-in-italian-reception-centres-2de4e4aaa72b.md,https://scontent.flis6-1.fna.fbcdn.net/v/t15.5256-10/23721354_2012584482349118_1927430483193364480_n.jpg?_nc_cat=100&ccb=1-7&_nc_sid=776239&_nc_ohc=nP2rq6JkhO0AX--lClD&_nc_ht=scontent.flis6-1.fna&oh=00_AfBmmDsGzAln15Zda02qz51ndEOhjbnAJTFed-5kaCfESw&oe=639AAFDE
2017-11-22-ays-daily-digest-21-11-2017-brutality-in-italian-reception-centres-2de4e4aaa72b.md,https://scontent.flis6-1.fna.fbcdn.net/v/t15.5256-10/23630509_342878232843411_4909100945918394368_n.jpg?_nc_cat=110&ccb=1-7&_nc_sid=776239&_nc_ohc=P110M1gg8CgAX-juMrs&_nc_ht=scontent.flis6-1.fna&oh=00_AfD4ITKljQpHikDz3cO0R3FBq0S1UY2Ih2QKM6lAYrG0aQ&oe=639BD653
2017-11-23-ays-daily-digest-22-11-2017-another-child-another-victim-of-this-fortress-europe-d7cf88505efd.md,https://scontent.flis6-1.fna.fbcdn.net/v/t31.18172-8/23783483_1733345113365105_5059100657065821469_o.jpg?stp=dst-jpg_p228x119&_nc_cat=103&ccb=1-7&_nc_sid=0cb389&_nc_ohc=crYPruJQcowAX8D_aYy&_nc_ht=scontent.flis6-1.fna&oh=00_AfCb7r593gHpGnY-Qd_GhhMZp7LANeSjj9M3KVqRiHRVgA&oe=63BD781A
2017-11-24-ays-daily-digest-23-11-17-some-rescued-in-the-sea-while-others-die-on-the-land-3272d3191f77.md,https://scontent.flis6-1.fna.fbcdn.net/v/t15.5256-10/23781368_834746916694335_1639061401072828416_n.jpg?_nc_cat=102&ccb=1-7&_nc_sid=776239&_nc_ohc=rgjoJGASl2UAX-cZUjT&_nc_ht=scontent.flis6-1.fna&oh=00_AfC5GmcUrtZLYqah0L5M38LUdJ60dFZTog-OQhFiHlrcEQ&oe=639A6B35
2017-11-25-ays-daily-digest-24-11-2017-the-worlds-deadliest-border-6b5c5715d1b9.md,https://scontent.flis6-1.fna.fbcdn.net/v/t31.18172-8/23800326_1983844155230040_6176955509863154572_o.jpg?stp=dst-jpg_s320x320&_nc_cat=100&ccb=1-7&_nc_sid=0cb389&_nc_ohc=ZNUp2kh_TycAX8zICO1&_nc_ht=scontent.flis6-1.fna&oh=00_AfBvkE9tgECHmRe1cMdV4LpJyP177e8sZmUdLzAvQkILpg&oe=63BD6A96
2017-11-25-ays-daily-digest-24-11-2017-the-worlds-deadliest-border-6b5c5715d1b9.md,https://scontent.flis6-1.fna.fbcdn.net/v/t15.5256-10/23827206_1357688294352952_2804193416097824768_n.jpg?_nc_cat=105&ccb=1-7&_nc_sid=776239&_nc_ohc=_bX_pGpGSU4AX95LIKZ&_nc_ht=scontent.flis6-1.fna&oh=00_AfAdAgzgI8bNoe7Tkw7LW3W1rLjG3_57OuJa5aCe6LbvSQ&oe=639BC5AD
2017-11-27-ays-daily-digest-26-11-2017-those-that-are-rescued-in-the-mediterranean-show-visible-scars-of-4c708c27b.md,https://scontent.flis6-1.fna.fbcdn.net/v/t15.5256-10/23902269_1546682285412528_6227671062729981952_n.jpg?_nc_cat=106&ccb=1-7&_nc_sid=776239&_nc_ohc=fEMsdzKsxGUAX-MRhT2&_nc_ht=scontent.flis6-1.fna&oh=00_AfDOjOkZCG5oWTAgrKfoaHjqKkNTh3eDzmxgpFaPPlPMLA&oe=639A4541
2017-12-01-ays-daily-digest-30-11-2017-vulnerable-asylum-seekers-moved-from-lesvos-ae945182fdba.md,https://scontent.flis6-1.fna.fbcdn.net/v/t15.5256-10/24187968_528808614146483_9015437663439683584_n.jpg?_nc_cat=100&ccb=1-7&_nc_sid=776239&_nc_ohc=s-NAR780XlcAX_3NYRT&_nc_ht=scontent.flis6-1.fna&oh=00_AfCJO8REKBcEN1CNYCdXkYGePNsQleciFQc3lIOFk0DRow&oe=639B6E15
2017-12-02-ays-daily-digest-1-12-2017-the-winter-is-here-it-is-time-to-act-9510a393f80e.md,https://scontent.flis6-1.fna.fbcdn.net/v/t15.5256-10/24133885_1228282540649864_4800094826269769728_n.jpg?_nc_cat=101&ccb=1-7&_nc_sid=776239&_nc_ohc=jeB7qJ43g9wAX9VzVbK&_nc_ht=scontent.flis6-1.fna&oh=00_AfCgbBIlS5AUj2WjW_J-cktKZNmaWhPZlrJykz0iswyiyg&oe=639A71DB
2017-12-02-ays-daily-digest-1-12-2017-the-winter-is-here-it-is-time-to-act-9510a393f80e.md,https://scontent.flis6-1.fna.fbcdn.net/v/t15.5256-10/24134395_2054303511471733_2149355961683279872_n.jpg?_nc_cat=101&ccb=1-7&_nc_sid=776239&_nc_ohc=t8DwVzEh6EEAX_9SCpu&_nc_ht=scontent.flis6-1.fna&oh=00_AfACo96pQrnR6Y_E7m3qkadOGz2G9FKihyNEGYJW25GMDw&oe=639BE3C1
2017-12-03-ays-daily-digest-02-12-2017-when-injustice-becomes-law-resistance-becomes-duty-a-very-354466b51236.md,https://scontent.flis6-1.fna.fbcdn.net/v/t15.5256-10/23628126_314976618908884_408324151443456000_n.jpg?_nc_cat=107&ccb=1-7&_nc_sid=776239&_nc_ohc=jdZn292dcqkAX8iN1Vo&_nc_ht=scontent.flis6-1.fna&oh=00_AfC3ITHqqhqMEW-mLpLdn3lReJpE3q8bXc0uYVNxkWRHaA&oe=639AEF1D
2017-12-04-ays-daily-digest-3-12-2017-welcome-to-europe-29259d37d515.md,https://scontent.flis6-1.fna.fbcdn.net/v/t15.5256-10/24244290_319472955125917_1340211065446727680_n.jpg?_nc_cat=107&ccb=1-7&_nc_sid=776239&_nc_ohc=ijloDQm0HCwAX9p438-&_nc_ht=scontent.flis6-1.fna&oh=00_AfAFoq8JtcrtvwmL9EgXV3QAZBKbhhpgfRu_5yQ4BcRHHw&oe=639BAB12
2017-12-07-ays-daily-digest-06-12-17-saying-no-to-indifference-4262953c7e1a.md,https://scontent.flis6-1.fna.fbcdn.net/v/t15.5256-10/24551931_530759107284767_7752558592258998272_n.jpg?_nc_cat=109&ccb=1-7&_nc_sid=776239&_nc_ohc=S71onHZ9vxoAX9drKUq&_nc_ht=scontent.flis6-1.fna&oh=00_AfAu8zq-1C30Mou0-yPaF5Jt0pjXkOzsqsY7uuvY79pRZQ&oe=639A6F67
2017-12-07-ays-daily-digest-06-12-17-saying-no-to-indifference-4262953c7e1a.md,https://scontent.flis6-1.fna.fbcdn.net/v/t15.5256-10/24196473_1533589240065807_9154605367018127360_n.jpg?_nc_cat=106&ccb=1-7&_nc_sid=776239&_nc_ohc=rj_NLQB6gdAAX_Lbh1r&_nc_ht=scontent.flis6-1.fna&oh=00_AfBK6N-PB2KPle2ofAiNM8ZW_LYSs0l9ocGt-Udc8d2YHw&oe=639BA41F
2017-12-09-ays-daily-digest-08-12-17-mouzalas-greece-can-not-guarantee-no-deaths-432153fb4e91.md,https://scontent.flis6-1.fna.fbcdn.net/v/t31.18172-8/25073410_547199922281536_6916123977478054055_o.jpg?stp=dst-jpg_p173x172&_nc_cat=102&ccb=1-7&_nc_sid=0cb389&_nc_ohc=9X7M6nnUA-UAX8miyRe&_nc_ht=scontent.flis6-1.fna&oh=00_AfCOcQUqtr7Wd1PJ3IFQSRoO-QpFbfJznrAomcnpzUQ6SQ&oe=63BD7700
2017-12-10-ays-daily-digest-9-12-2017-a-disastrous-reception-system-that-does-not-guarantee-medical-82c727a60bbd.md,https://scontent.flis6-1.fna.fbcdn.net/v/t1.18169-9/24852172_1994867280794088_8455368634035243783_n.jpg?stp=dst-jpg_s320x320&_nc_cat=104&ccb=1-7&_nc_sid=0cb389&_nc_ohc=oiUe92cBMogAX_7MXx6&_nc_ht=scontent.flis6-1.fna&oh=00_AfAvtAj5Yjcf5tp4PK51lV6lCUIVRaJeny7i-eUxROvZGw&oe=63BD8E64
2017-12-10-ays-daily-digest-9-12-2017-a-disastrous-reception-system-that-does-not-guarantee-medical-82c727a60bbd.md,https://scontent.flis6-1.fna.fbcdn.net/v/t15.5256-10/24134578_1983170885033922_7304826793024815104_n.jpg?_nc_cat=106&ccb=1-7&_nc_sid=776239&_nc_ohc=9NiOul9U8F0AX8p0uFo&_nc_ht=scontent.flis6-1.fna&oh=00_AfCT_bVcZLy64VwgxMAlHaIwfj4vQXbDYHtA2UIvt6AW5Q&oe=639A2440
2017-12-13-ays-daily-digest-12-12-17-europe-complicit-in-crime-56e4cea4f995.md,https://scontent.flis6-1.fna.fbcdn.net/v/t15.5256-10/24290676_10155642848445339_3284172723143573504_n.jpg?_nc_cat=110&ccb=1-7&_nc_sid=776239&_nc_ohc=y3QLuv4P7eQAX__uxOv&_nc_ht=scontent.flis6-1.fna&oh=00_AfC4n-7h7lRaxe-P6ybRNOHnRSSgrZzLn-HsGLqBw1_etw&oe=639A35F1
2017-12-13-ays-daily-digest-12-12-17-europe-complicit-in-crime-56e4cea4f995.md,https://scontent.flis6-1.fna.fbcdn.net/v/t15.5256-10/24243626_1880593192269739_682059485417570304_n.jpg?_nc_cat=107&ccb=1-7&_nc_sid=776239&_nc_ohc=Vzs9Gv0cwxMAX930LEm&_nc_ht=scontent.flis6-1.fna&oh=00_AfBQkBCuTR0MQxIiXZ4rNZI2LdVmb13H4dJbhM4FPwng6Q&oe=639ADA7C
2017-12-15-ays-daily-digest-14-12-2017-libya-drops-the-ban-for-privately-organized-international-rescue-teams-96c41e4e04ad.md,https://scontent.flis6-1.fna.fbcdn.net/v/t15.5256-10/24545020_1801169700175365_6918606660705452032_n.jpg?_nc_cat=111&ccb=1-7&_nc_sid=776239&_nc_ohc=YbPLGVqRl5gAX80OFXn&_nc_ht=scontent.flis6-1.fna&oh=00_AfCu2xa4chKj6PkVpYdRwFYeGAQ9-7DUuK9OLlZMlaBLEw&oe=639BE9AD
2017-12-18-ays-daily-digest-17-12-17-the-daily-struggles-of-building-up-a-new-life-in-europe-2f4328bfe01.md,https://scontent.flis6-1.fna.fbcdn.net/v/t15.5256-10/24286198_1726066770791387_1289698139762065408_n.jpg?_nc_cat=102&ccb=1-7&_nc_sid=776239&_nc_ohc=HMSIcrkVfNsAX8b_Dt4&_nc_ht=scontent.flis6-1.fna&oh=00_AfDjBsFwc2Cua6AWERPoYsEaboQx4ji5aCKCwTa8marEAQ&oe=639A48C3
2017-12-22-ays-daily-digest-21-12-pace-of-transfers-from-the-islands-to-the-mainland-needs-to-accelerate-a18a3695c206.md,https://scontent.flis6-1.fna.fbcdn.net/v/t15.5256-10/24555731_1467532669962701_6272496231944028160_n.jpg?_nc_cat=107&ccb=1-7&_nc_sid=776239&_nc_ohc=hHOP3jKrm58AX-_qpeh&_nc_oc=AQlMg8Hu-GGAQ1I7KMnqHgxcnWmobrjLGiwAQ-ic4QzAFHbvOXbuLjWxosa-Fu5pB00&_nc_ht=scontent.flis6-1.fna&oh=00_AfA3O5CSKyuzo1lZMxD4iwMPctJp8JVfj6uCvB0ZGe4J6g&oe=639AC8F0
2017-12-25-ays-daily-digest-24-12-2017-où-est-la-dignité-where-is-dignity-db1127e3add9.md,https://scontent.flis6-1.fna.fbcdn.net/v/t15.5256-10/24512061_1804850953140573_8637980913671602176_n.jpg?_nc_cat=108&ccb=1-7&_nc_sid=776239&_nc_ohc=Fx8gMcdlC5sAX_ipkuq&_nc_ht=scontent.flis6-1.fna&oh=00_AfAznLZ_6SDbEYIKxtUNoajmsBVLL4g91y0bYGffXsnVxQ&oe=6399FE3C
2018-01-03-ays-daily-digest-02-01-2018-unaccompanied-child-refugees-continue-to-be-underserved-7cc1b408f63e.md,https://scontent.flis6-1.fna.fbcdn.net/v/t31.18172-8/26114684_139979070121836_2369958694965775774_o.png?stp=dst-png_s180x540&_nc_cat=104&ccb=1-7&_nc_sid=0cb389&_nc_ohc=TzxrthSj8MMAX_SXDGl&_nc_oc=AQm_IdjPom7WBfesPdSJQnga-f_3cF9vjhCUuIBMK-mfoA7BJ5HcKY4olH8vaEQbckM&_nc_ht=scontent.flis6-1.fna&oh=00_AfCMtfZTFSSm8scxX-GMzUltSH7T56geCsi7VAEnoO9j_w&oe=63BD831A
2018-01-04-ays-daily-digest-03-01-2018-delays-and-detentions-continue-c417d25129f.md,https://scontent.flis6-1.fna.fbcdn.net/v/t15.5256-10/24553175_565053063842159_7365005843256836096_n.jpg?_nc_cat=107&ccb=1-7&_nc_sid=776239&_nc_ohc=upzDdvtDzJsAX8-GOth&_nc_ht=scontent.flis6-1.fna&oh=00_AfDXXhHK3DgniwtT5sFTo_0HSnfhJ-st69OH9kWFmjFGDg&oe=639AA882
2018-01-05-ays-daily-digest-4-1-17-greater-influx-from-turkey-to-greece-in-the-midst-of-hard-conditions-e10e56677e75.md,https://scontent.flis6-1.fna.fbcdn.net/v/t15.5256-10/24554319_1520942738013000_5241987157903540224_n.jpg?_nc_cat=103&ccb=1-7&_nc_sid=776239&_nc_ohc=teIlvYlqCtAAX-_tetP&_nc_ht=scontent.flis6-1.fna&oh=00_AfCElLwONTDtCNTuGBJZfogrRloEwaYO7BaeRCLPgB1uew&oe=639AE9A1
2018-01-05-ays-daily-digest-4-1-17-greater-influx-from-turkey-to-greece-in-the-midst-of-hard-conditions-e10e56677e75.md,https://scontent.flis6-1.fna.fbcdn.net/v/t15.5256-10/24596837_2075026449399439_3736472941651558400_n.jpg?_nc_cat=104&ccb=1-7&_nc_sid=776239&_nc_ohc=7vzjizAJJmcAX8kP6aF&_nc_ht=scontent.flis6-1.fna&oh=00_AfBWf2_sGoTxnoHkTNFj2iS77qW8cgx7VjrS8AZd58_yjg&oe=639A3FF9
2018-01-06-ays-daily-digest-05-01-2018-the-trickle-down-effect-d957f1623b03.md,https://scontent.flis6-1.fna.fbcdn.net/v/t31.18172-8/26170882_1545407928884659_8982623765308139802_o.jpg?stp=dst-jpg_s851x315&_nc_cat=105&ccb=1-7&_nc_sid=0cb389&_nc_ohc=BsHVh7p65AgAX8rDAZg&_nc_ht=scontent.flis6-1.fna&oh=00_AfCOkucd_Ft-fNyZjVjzYecgRKMdeRfio95GnS_OlZ79vg&oe=63BD748B
2018-01-09-ays-daily-digest-8-1-2018-second-instance-verdict-for-ahmed-h-in-hungary-expected-on-friday-724268de656b.md,https://scontent.flis6-1.fna.fbcdn.net/v/t15.5256-10/24510532_1551037791597897_3696373408989184_n.jpg?_nc_cat=101&ccb=1-7&_nc_sid=776239&_nc_ohc=v2_WqN5hkzYAX8x_qTJ&_nc_ht=scontent.flis6-1.fna&oh=00_AfDKFmQVN93roQhwZNuEIh9ZzwrGle6wzFhP9dvZpVkyuQ&oe=639A2B52
2018-01-09-ays-daily-digest-8-1-2018-second-instance-verdict-for-ahmed-h-in-hungary-expected-on-friday-724268de656b.md,https://scontent.flis6-1.fna.fbcdn.net/v/t15.5256-10/24574154_2019390151714738_4871661904977723392_n.jpg?_nc_cat=108&ccb=1-7&_nc_sid=776239&_nc_ohc=py4LcaHswwcAX9s3Gx6&_nc_ht=scontent.flis6-1.fna&oh=00_AfBSNVEekNpGzZ78A6ca1_H3NVTjR41ZJ0tLco0-NYDCGA&oe=639AC8B3
2018-01-10-ays-daily-digest-09-01-2017-syrian-refugees-in-lebanon-are-more-poor-and-more-vulnerable-than-ever-d903f34c0d73.md,https://scontent.flis6-1.fna.fbcdn.net/v/t31.18172-8/26221178_1589316524469125_5253864734582552442_o.jpg?stp=dst-jpg_p206x206&_nc_cat=100&ccb=1-7&_nc_sid=0cb389&_nc_ohc=PdLt45ZjTssAX9-qSg1&_nc_ht=scontent.flis6-1.fna&oh=00_AfDi91-QkKS72bqKNunV5AuXy_rVi5ejpX9O8vVzeblUfg&oe=63BD7F66
2018-01-10-ays-daily-digest-09-01-2017-syrian-refugees-in-lebanon-are-more-poor-and-more-vulnerable-than-ever-d903f34c0d73.md,https://scontent.flis6-1.fna.fbcdn.net/v/t1.18169-9/26196163_2010489129232483_1601520356718695940_n.jpg?stp=dst-jpg_s851x315&_nc_cat=102&ccb=1-7&_nc_sid=0cb389&_nc_ohc=S0EXLu6sedMAX_xbDeo&_nc_ht=scontent.flis6-1.fna&oh=00_AfA2n2f8SKCg2t3vfWL8tKFZi4Yf6Q-jHUKT2LZtoXBjzg&oe=63BD6470
2018-01-12-ays-daily-digest-11-01-2018-eurorelief-u-s-807717ec51f8.md,https://scontent.flis6-1.fna.fbcdn.net/v/t15.5256-10/14992238_656565184524573_8863467267942252544_n.jpg?_nc_cat=100&ccb=1-7&_nc_sid=776239&_nc_ohc=4p6bHahQazYAX_8-wRs&_nc_ht=scontent.flis6-1.fna&oh=00_AfCWcuTNl3zav58Wjq8X9ZiFH18H8eLMSUMfB4ptO9zmlA&oe=639AD348
2018-01-12-ays-daily-digest-11-01-2018-eurorelief-u-s-807717ec51f8.md,https://scontent.flis6-1.fna.fbcdn.net/v/t15.5256-10/24597132_2078392585729492_996211496734162944_n.jpg?_nc_cat=103&ccb=1-7&_nc_sid=776239&_nc_ohc=Uk1pHB7Bw3kAX-hr05T&_nc_ht=scontent.flis6-1.fna&oh=00_AfBg4LZqqcANOj0Mdtk8M1Bus9lxnQQYgYZ2sRQc8eUEIw&oe=639A7DD7
2018-01-12-ays-daily-digest-11-01-2018-eurorelief-u-s-807717ec51f8.md,https://scontent.flis6-1.fna.fbcdn.net/v/t15.5256-10/24570738_549504522076892_2300662514150539264_n.jpg?_nc_cat=106&ccb=1-7&_nc_sid=776239&_nc_ohc=W86UNeRarZYAX_QEJ7y&_nc_ht=scontent.flis6-1.fna&oh=00_AfBMY50IqE9ZmhJtqFv3RpRYWzcblxNPB6wQeRXUqGBiPQ&oe=639A3FC5
2018-01-13-ays-daily-digest-12-01-2018-when-loving-your-home-means-speaking-out-dfe0199982f4.md,https://scontent.flis6-1.fna.fbcdn.net/v/t15.5256-10/34477049_1956092271078448_7953283377736450048_n.jpg?_nc_cat=104&ccb=1-7&_nc_sid=776239&_nc_ohc=nP0Ul7dHnUoAX-0-9GI&_nc_ht=scontent.flis6-1.fna&oh=00_AfAkOyZRpIwwrtxPmtKdHe-DP5EOUeizyggX3b2jecP83Q&oe=639A73BF
2018-01-15-ays-daily-digest-14-01-18-in-21st-century-europe-refugees-warm-their-feet-over-an-open-fire-aaeccbb68bf3.md,https://scontent.flis6-1.fna.fbcdn.net/v/t15.5256-10/24581755_1531099543663986_7989606706432704512_n.jpg?_nc_cat=109&ccb=1-7&_nc_sid=776239&_nc_ohc=tkjB89setX8AX9HS-F8&_nc_ht=scontent.flis6-1.fna&oh=00_AfDkv9Qu3tKVyEpubPbgaBbgLXdeFuks2AgphNPJRW1N6A&oe=639BA618
2018-01-17-ays-daily-digest-16-1-17-tuesday-brought-largest-number-of-people-rescued-in-2018-d9655bc95b54.md,https://scontent.flis6-1.fna.fbcdn.net/v/t15.5256-10/24553392_2093284347570807_7973366378524573696_n.jpg?_nc_cat=103&ccb=1-7&_nc_sid=776239&_nc_ohc=DCJEW7R7uX0AX-RDxfJ&_nc_oc=AQkQqV7G5ei6B5c53v1BBx6lrhf2mYxefAfq3jGdCnfiGF9run7uuBvTtuwgt6mM9oc&_nc_ht=scontent.flis6-1.fna&oh=00_AfAGs9QQpryumVgeiViZDqmlaTf8whmE16a6u_sW1JOQpA&oe=639A7979
2018-01-18-ays-daily-digest-17-01-2018-migration-organizer-fee-could-be-introduced-in-hungary-84ac68bf983d.md,https://scontent.flis6-1.fna.fbcdn.net/v/t15.5256-10/24582672_293950477794730_2996867225249382400_n.jpg?_nc_cat=111&ccb=1-7&_nc_sid=776239&_nc_ohc=wRsaI2qVoKEAX9ieUfP&_nc_ht=scontent.flis6-1.fna&oh=00_AfDGmxaFdsCHTmn3QtMHYnCywZz_0FFnkU7DkmFNcYmH7g&oe=639B9D45
2018-01-18-ays-daily-digest-17-01-2018-migration-organizer-fee-could-be-introduced-in-hungary-84ac68bf983d.md,https://scontent.flis6-1.fna.fbcdn.net/v/t15.5256-10/24553652_1766430310054479_527645219168976896_n.jpg?_nc_cat=102&ccb=1-7&_nc_sid=776239&_nc_ohc=nD3VRscwpJIAX-LnSmh&_nc_ht=scontent.flis6-1.fna&oh=00_AfCfNZbP9uW_N8jx1AuLvesEZLfnxgDhEEfxcifBMa7cDQ&oe=639BB889
2018-01-19-ays-daily-digest-18-01-2018-what-macron-failed-to-mention-b062b363009e.md,https://scontent.flis6-1.fna.fbcdn.net/v/t15.5256-10/24556048_1818819964826949_2446247684848222208_n.jpg?_nc_cat=109&ccb=1-7&_nc_sid=776239&_nc_ohc=xpDbppBdsmsAX_Q7mi3&_nc_ht=scontent.flis6-1.fna&oh=00_AfCaQCVDu-7ujhmLkpXQUPkLNBh96U65XFwni2TrJZUfVg&oe=639A74EA
2018-01-19-ays-daily-digest-18-01-2018-what-macron-failed-to-mention-b062b363009e.md,https://scontent.flis6-1.fna.fbcdn.net/v/t15.5256-10/24570066_1169465613188714_8889556995242196992_n.jpg?_nc_cat=111&ccb=1-7&_nc_sid=776239&_nc_ohc=4b1dfitv5hMAX-Y3gyv&_nc_ht=scontent.flis6-1.fna&oh=00_AfAKn_UmZ8PXQlSImnF6azd_eURr32Wfx7WGXl8x7H3IxQ&oe=639AEF3B
2018-01-20-ays-daily-digest-19-01-2018-another-eviction-in-paris-48489b66a1bb.md,https://scontent.flis6-1.fna.fbcdn.net/v/t15.5256-10/24583774_2034162580197185_2427767467070717952_n.jpg?_nc_cat=109&ccb=1-7&_nc_sid=776239&_nc_ohc=PrFHK4cVnYAAX-_b88x&_nc_ht=scontent.flis6-1.fna&oh=00_AfBuNb3DvsspOVcdb3UgxPWNtAL5PiZovEJI_yDW-EMm-w&oe=639AF7B1
2018-01-20-ays-daily-digest-19-01-2018-another-eviction-in-paris-48489b66a1bb.md,https://scontent.flis6-1.fna.fbcdn.net/v/t15.5256-10/26703089_2024804841173269_1110570962404769792_n.jpg?_nc_cat=111&ccb=1-7&_nc_sid=776239&_nc_ohc=kk3l7W_zJ0cAX-X9NJf&_nc_ht=scontent.flis6-1.fna&oh=00_AfA6DAv2Ugc7p1KJV1tOa-aEvFZe4KlPVKgHXK9HYocoRw&oe=639B3CA6
2018-01-20-ays-daily-digest-19-01-2018-another-eviction-in-paris-48489b66a1bb.md,https://scontent.flis6-1.fna.fbcdn.net/v/t15.5256-10/24583036_860522660801825_5275930189954547712_n.jpg?_nc_cat=108&ccb=1-7&_nc_sid=776239&_nc_ohc=DNEX9HQnMtoAX-RWjRY&_nc_ht=scontent.flis6-1.fna&oh=00_AfB4kndoBi54r-JS1IrlMub_kv32-qBDMrbBSZ0k-6KxEQ&oe=639B8A9A
2018-01-22-ays-daily-digest-22-01-18-fascists-set-fire-to-squat-in-thessaloniki-cc4061c4e5b7.md,https://scontent.flis6-1.fna.fbcdn.net/v/t15.5256-10/24599352_1781769438561168_8638947307083005952_n.jpg?_nc_cat=108&ccb=1-7&_nc_sid=776239&_nc_ohc=eXjRtDJI6GIAX8wq35t&_nc_ht=scontent.flis6-1.fna&oh=00_AfCXxA7BoW7QmTlHVGR1S718i4VWufRXDRlBCvxGh7o-3g&oe=639BC57B
2018-01-23-ays-daily-digest-22-01-2018-germanys-foreign-office-spreaded-inaccurate-information-569c899f47a6.md,https://scontent.flis6-1.fna.fbcdn.net/v/t31.18172-8/26757779_2103678839860834_7607622759889509788_o.jpg?stp=dst-jpg_s320x320&_nc_cat=108&ccb=1-7&_nc_sid=0cb389&_nc_ohc=0_HcV6olPeMAX-qlqas&_nc_ht=scontent.flis6-1.fna&oh=00_AfBlADlJrqSC5lVWTVv5wbAJvABUzzJfpmHtJLsPZTvtqQ&oe=63BD7AF2
2018-01-23-ays-daily-digest-22-01-2018-germanys-foreign-office-spreaded-inaccurate-information-569c899f47a6.md,https://miro.medium.com/max/800/1*Z75vvF7fKW2CaNamy3Fmfw.jpeg
2018-01-24-ays-daily-digest-23-1-2018-european-migration-is-seriously-unhealthy-e29b4922b5e0.md,https://scontent.flis6-1.fna.fbcdn.net/v/t15.5256-10/26700811_1602387553162022_309481912987025408_n.jpg?_nc_cat=100&ccb=1-7&_nc_sid=776239&_nc_ohc=F9ovH8zYO7MAX9-pFR5&_nc_ht=scontent.flis6-1.fna&oh=00_AfBlBLRHIyqutgk84vfYJad1CIGeITO_Z-BC5U4EjxERDg&oe=639BD329
2018-01-25-ays-daily-digest-24-1-18-storm-to-hit-lebanon-refugees-at-risk-91996ef4a566.md,https://scontent.flis6-1.fna.fbcdn.net/v/t15.5256-10/26707751_2036822563264520_4813144027836710912_n.jpg?_nc_cat=103&ccb=1-7&_nc_sid=776239&_nc_ohc=hbxsi3rhmYYAX9APG6g&_nc_ht=scontent.flis6-1.fna&oh=00_AfA8bqVJrUuMZBuI3oS_g6GQMcBrOSI6xltNwrDzW6Jc6w&oe=639AFAB8
2018-01-25-ays-daily-digest-24-1-18-storm-to-hit-lebanon-refugees-at-risk-91996ef4a566.md,https://scontent.flis6-1.fna.fbcdn.net/v/t15.5256-10/26700182_10156129892943872_5543796098931359744_n.jpg?_nc_cat=103&ccb=1-7&_nc_sid=776239&_nc_ohc=TkLCbwrcw20AX_AW_0m&_nc_oc=AQmv2FGasrN09HonPjcXb9myqz5M9M2pXGas86vcRunBQP4vcZnJFoZTu3JHIggOZOU&_nc_ht=scontent.flis6-1.fna&oh=00_AfBk8ksqFDWjkQTV0s1AvpB108oqv3mGHJctqyeJxySTXw&oe=639BB2CC
2018-01-26-ays-daily-digest-25-01-18-chaotic-winds-of-change-bring-little-hope-from-above-5f2678f1650b.md,https://scontent.flis6-1.fna.fbcdn.net/v/t15.5256-10/27408854_2085431911692226_8850757390266531840_n.jpg?_nc_cat=103&ccb=1-7&_nc_sid=776239&_nc_ohc=J76jFe5Us1IAX-asCeG&_nc_ht=scontent.flis6-1.fna&oh=00_AfDl0OuLnwm_YhclSXez4bYVdLkhbGvQEP4OOwNfiSgciQ&oe=639B52E9
2018-01-26-ays-special-stateless-in-myanmar-stateless-in-bangladesh-26dacf6586b8.md,https://scontent.flis6-1.fna.fbcdn.net/v/t15.5256-10/26700904_2128765337353684_969589880684281856_n.jpg?_nc_cat=109&ccb=1-7&_nc_sid=776239&_nc_ohc=mlDtdYM8XV0AX_T35Me&_nc_ht=scontent.flis6-1.fna&oh=00_AfD17NHh6-hu1fkAAh9OAwqAZ_gb5q9Dw4a1j7HHbz6wBA&oe=639A1116
2018-01-27-ays-daily-digest-26-01-2018-protesters-sow-their-mouths-shut-in-lampedusa-625226844336.md,https://scontent.flis6-1.fna.fbcdn.net/v/t15.5256-10/27246541_1994957587429929_7743231619804168192_n.jpg?_nc_cat=111&ccb=1-7&_nc_sid=776239&_nc_ohc=RPTWbxM_b0AAX9TNVTN&_nc_ht=scontent.flis6-1.fna&oh=00_AfD7u9M4FAJ7cL0lGd5MxFIln5-aefAOa-d8WcgCNVXdzQ&oe=639B6A53
2018-01-27-ays-daily-digest-26-01-2018-protesters-sow-their-mouths-shut-in-lampedusa-625226844336.md,https://scontent.flis6-1.fna.fbcdn.net/v/t15.5256-10/26709839_1605048666215172_7012249042386157568_n.jpg?_nc_cat=101&ccb=1-7&_nc_sid=776239&_nc_ohc=wE5h6866kf0AX_UFrlX&_nc_ht=scontent.flis6-1.fna&oh=00_AfDKB_sT3d3QYYHGeMCFsdiUJKY72TGPzaXdUPtlIyZRuA&oe=639A67CB
2018-01-27-ays-daily-digest-26-01-2018-protesters-sow-their-mouths-shut-in-lampedusa-625226844336.md,https://scontent.flis6-1.fna.fbcdn.net/v/t15.5256-10/26706159_1804688816243265_6886231643904802816_n.jpg?_nc_cat=101&ccb=1-7&_nc_sid=776239&_nc_ohc=1vhb4AwbRlAAX_rnTjS&_nc_ht=scontent.flis6-1.fna&oh=00_AfBhvND8F_JgGnZB6mo6whMXeVACvlq7Q8C-wa8lHd-XiQ&oe=639BEFE0
2018-01-29-ays-daily-digest-28-01-2018-more-than-200-reach-lesvos-in-one-day-f1c4b6283936.md,https://scontent.flis6-1.fna.fbcdn.net/v/t15.5256-10/27244079_576664726014326_5437440446550769664_n.jpg?_nc_cat=103&ccb=1-7&_nc_sid=776239&_nc_ohc=a4gMLOTgj00AX8vrl5H&_nc_ht=scontent.flis6-1.fna&oh=00_AfAl_pkApXWE7gjbHIX-lv2LOtAR2IfIzS2HXiTSwDb8CQ&oe=639ACD59
2018-01-29-ays-daily-digest-28-01-2018-more-than-200-reach-lesvos-in-one-day-f1c4b6283936.md,https://scontent.flis6-1.fna.fbcdn.net/v/t15.5256-10/27410055_1500675043315130_6650318053932269568_n.jpg?_nc_cat=104&ccb=1-7&_nc_sid=776239&_nc_ohc=b6sUI7XNP4EAX-cg0jZ&_nc_ht=scontent.flis6-1.fna&oh=00_AfCdKdiGn-W0QvXlae9zeK6aP-CaCLQyxSBdi2K8PcRYAg&oe=639A044D
2018-01-31-ays-daily-digest-30-01-17-illegal-police-pushbacks-at-the-evros-crossing-90fb54f4046f.md,https://scontent.flis6-1.fna.fbcdn.net/v/t15.5256-10/27247386_1982492078434357_5870101201248321536_n.jpg?_nc_cat=108&ccb=1-7&_nc_sid=776239&_nc_ohc=qCyRSFFpSJIAX-qTo_Y&_nc_ht=scontent.flis6-1.fna&oh=00_AfABZcTW7xBuLdP8eralK4hpkBgAsIbXg_jFqA_ULOHt-g&oe=639BDDC4
2018-01-31-ays-daily-digest-30-01-17-illegal-police-pushbacks-at-the-evros-crossing-90fb54f4046f.md,https://scontent.flis6-1.fna.fbcdn.net/v/t15.5256-10/27260002_558974787796532_266467785452814336_n.jpg?_nc_cat=103&ccb=1-7&_nc_sid=776239&_nc_ohc=5vWCf2JW47YAX_7ajVl&_nc_ht=scontent.flis6-1.fna&oh=00_AfCY-NgUXx_xfJ0jybM4_TWJMFLR34nNgH9SV1N27IVsUw&oe=639AB0FF
2018-02-01-ays-daily-digest-31-1-2018-calls-for-the-international-day-of-action-against-eu-dirty-deals-17-18-b6ef7bbc8459.md,https://scontent.flis6-1.fna.fbcdn.net/v/t1.18169-9/27332556_2007330412823367_6867752625518306398_n.jpg?stp=dst-jpg_p75x225&_nc_cat=105&ccb=1-7&_nc_sid=0cb389&_nc_ohc=e9K_xpvaNTwAX-WQw0h&_nc_ht=scontent.flis6-1.fna&oh=00_AfDpZhJ9K4rvizH-lZGZulIK9P3BcHZY9sTC6hjzTmbmsQ&oe=63BD8D80
2018-02-01-ays-daily-digest-31-1-2018-calls-for-the-international-day-of-action-against-eu-dirty-deals-17-18-b6ef7bbc8459.md,https://scontent.flis6-1.fna.fbcdn.net/v/t1.18169-9/27331928_1804983536220810_5780248060692512847_n.jpg?stp=dst-jpg_s851x315&_nc_cat=106&ccb=1-7&_nc_sid=0cb389&_nc_ohc=5_OXSwfMH1AAX_fLDaJ&_nc_ht=scontent.flis6-1.fna&oh=00_AfA_I9fkD3Lh9mJvAd0X3m9RgYAAhCD0qGJzFrt0fkZFmA&oe=63BD63BB
2018-02-06-ays-daily-digest-05-02-2018-never-again-fafeed340a67.md,https://scontent.flis6-1.fna.fbcdn.net/v/t15.5256-10/27259121_303067486883029_8319936244645625856_n.jpg?_nc_cat=103&ccb=1-7&_nc_sid=776239&_nc_ohc=sxeUajgf_QYAX_gEw7n&_nc_ht=scontent.flis6-1.fna&oh=00_AfAVIGHDIjq2SuSuSy9NSvJvXfhN93A_7wQbuRDy2U15Bw&oe=639BB676
2018-02-06-ays-daily-digest-05-02-2018-never-again-fafeed340a67.md,https://scontent.flis6-1.fna.fbcdn.net/v/t15.5256-10/27597036_2043913455888764_2212226191178334208_n.jpg?_nc_cat=108&ccb=1-7&_nc_sid=776239&_nc_ohc=-kVOP_xHZNsAX8fB2M9&_nc_ht=scontent.flis6-1.fna&oh=00_AfCrteRrDNVFNU-sXwKmImyM_StLgxGAMo0P7fKtOu-SHQ&oe=639B3AE2
2018-02-07-ays-daily-digest-6-2-18-immediate-help-needed-across-paris-45ad2ff428fc.md,https://scontent.flis6-1.fna.fbcdn.net/v/t15.5256-10/27258645_1365747570196909_9066919903113510912_n.jpg?_nc_cat=104&ccb=1-7&_nc_sid=776239&_nc_ohc=kbxE1SLqxQ4AX-0uTTI&_nc_ht=scontent.flis6-1.fna&oh=00_AfAPNPaOCPzCOLqKCoi9qF-dGPna0in84Pp08CEyTMXSRg&oe=639B2AEE
2018-02-07-ays-daily-digest-6-2-18-immediate-help-needed-across-paris-45ad2ff428fc.md,https://scontent.flis6-1.fna.fbcdn.net/v/t15.5256-10/27600575_2044533362493440_3102073595921170432_n.jpg?_nc_cat=107&ccb=1-7&_nc_sid=776239&_nc_ohc=lbjhF7U_r-QAX8RZvA8&_nc_ht=scontent.flis6-1.fna&oh=00_AfBkmT0aO_vPilaRYVw0Ff6YzwXPF8Segf_bxKFhGfWFLg&oe=639BD692
2018-02-09-ays-daily-digest-08-02-18-a-letter-to-paris-55f6ce548eed.md,https://scontent.flis6-1.fna.fbcdn.net/v/t15.5256-10/27405310_1815128595206304_8384441237477785600_n.jpg?_nc_cat=102&ccb=1-7&_nc_sid=776239&_nc_ohc=oEVtUlaMutEAX_BiOcK&_nc_ht=scontent.flis6-1.fna&oh=00_AfApcIUk6eUPJQYDCWYNQYDi6og1jZXBiDpoGM6Ek4oeYg&oe=639A923E
2018-02-10-ays-daily-digest-9-2-2018-letter-from-paris-55aeccc1f21a.md,https://scontent.flis6-1.fna.fbcdn.net/v/t15.5256-10/27258940_1816211901764640_4387346532093919232_n.jpg?_nc_cat=102&ccb=1-7&_nc_sid=776239&_nc_ohc=pXAY97gtGPYAX8jzH84&_nc_ht=scontent.flis6-1.fna&oh=00_AfAvSCx5UHAD-BDBdtxZ-UfWYuAqHDbWcKdGeM8lzKGSWA&oe=639B6AB3
2018-02-11-ays-daily-digest-10-02-2017-fascism-racism-xenophobia-from-our-streets-we-will-wipe-them-e71831586125.md,https://scontent.flis6-1.fna.fbcdn.net/v/t15.5256-10/27410118_1848366165205662_3566521966217134080_n.jpg?_nc_cat=110&ccb=1-7&_nc_sid=776239&_nc_ohc=sirEgdvffVUAX-UOi3V&_nc_ht=scontent.flis6-1.fna&oh=00_AfDVgC4NqOAi3-581O6nVSbG_70LfjzMwJjUaPycp7W3NA&oe=639BE4D6
2018-02-16-ays-daily-digest-15-02-18-where-do-the-legal-procedures-and-corridors-take-people-dd5f8ccdd10c.md,https://scontent.flis6-1.fna.fbcdn.net/v/t15.5256-10/27415773_566860090341335_4168066671853961216_n.jpg?_nc_cat=110&ccb=1-7&_nc_sid=776239&_nc_ohc=tfQHVv0LMYIAX9NqsAD&_nc_ht=scontent.flis6-1.fna&oh=00_AfCUoYVpAAqVEVwoFUCW3rid0mvzT7MR7EInwLRgqbhKww&oe=639B0126
2018-02-17-ays-daily-digest-16-2-2018-the-money-and-the-aid-e3677a98fd61.md,https://scontent.flis6-1.fna.fbcdn.net/v/t1.18169-9/27857943_2018067801742549_7765757125387099375_n.png?stp=dst-png_p261x260&_nc_cat=106&ccb=1-7&_nc_sid=0cb389&_nc_ohc=gI3d3AHRRWoAX_irpfq&_nc_ht=scontent.flis6-1.fna&oh=00_AfDpnZCkUfPN4C8XCvsPMb8g1otRYJ1efX-DGOTvUkTQTw&oe=63BD5D89
2018-02-19-ays-daily-digest-18-02-18-a-denial-of-human-rights-violations-at-eu-borders-8613b4de5c49.md,https://scontent.flis6-1.fna.fbcdn.net/v/t15.5256-10/27598758_1800587336638776_5276297998068875264_n.jpg?_nc_cat=104&ccb=1-7&_nc_sid=776239&_nc_ohc=LyQK05yd_yUAX8N7Bfn&_nc_ht=scontent.flis6-1.fna&oh=00_AfAxYVNRWNC18BElhJ0N5s3-6kH5Bgj5xQgyfVEWnRL_sg&oe=639B3225
2018-02-20-ays-daily-digest-19-02-2018-people-deported-to-afghanistan-are-risking-their-a-second-time-to-42cc696fe8b0.md,https://scontent.flis6-1.fna.fbcdn.net/v/t15.5256-10/27407827_1539588852791206_8147090267980169216_n.jpg?_nc_cat=102&ccb=1-7&_nc_sid=776239&_nc_ohc=m_60yYDOM-4AX-gVZIW&_nc_ht=scontent.flis6-1.fna&oh=00_AfAOqntSVpUiRBcdthJmFz4Jrkplifz3AoxK-UcVmn0oAw&oe=639BD0E2
2018-02-25-ays-daily-digest-24-2-2018-u-n-security-council-votes-on-a-ceasefire-in-three-syrian-districts-69e5ed1953b5.md,https://scontent.flis6-1.fna.fbcdn.net/v/t15.5256-10/27410585_1448519571936490_3556976281142689792_n.jpg?_nc_cat=104&ccb=1-7&_nc_sid=776239&_nc_ohc=A5cUneOrV0QAX-LWmpT&_nc_ht=scontent.flis6-1.fna&oh=00_AfCMbHv9KswCj4oJTZJV_W3b3vbir9hAy9OljLP3gARLlA&oe=639A8BD7
2018-02-28-ays-daily-digest-27-2-18-people-pushed-back-even-in-severe-conditions-35dd08e65011.md,https://scontent.flis6-1.fna.fbcdn.net/v/t15.5256-10/27853005_173336216786121_4249329196851003392_n.jpg?_nc_cat=109&ccb=1-7&_nc_sid=776239&_nc_ohc=RS4fEGCE7o8AX8YZ3Bk&_nc_ht=scontent.flis6-1.fna&oh=00_AfCIhyTXsEEinERSp8avO_UL39lKV99PMAa4S-MS9_TNVw&oe=639BA7CF
2018-03-01-ays-daily-digest-28-2-18-a-victory-for-humanitarian-aid-3a09434f6ab2.md,https://scontent.flis6-1.fna.fbcdn.net/v/t15.5256-10/27415159_580042475667478_3169509414306578432_n.jpg?_nc_cat=100&ccb=1-7&_nc_sid=776239&_nc_ohc=F_xWLX2CtOEAX_eSonP&_nc_ht=scontent.flis6-1.fna&oh=00_AfApBMWSTEdMdgIz1OVq149JKxbUbrLgmU_xHcUfknM2tQ&oe=639BACD6
2018-03-02-ays-daily-digest-01-03-2018-ays-discusses-illegal-push-backs-and-human-rights-violations-in-a-d304780ca858.md,https://scontent.flis6-1.fna.fbcdn.net/v/t15.5256-10/27593079_2057621154517994_26989097746694144_n.jpg?_nc_cat=108&ccb=1-7&_nc_sid=776239&_nc_ohc=RwBAN8FnlV0AX9bvSVm&_nc_ht=scontent.flis6-1.fna&oh=00_AfBBgIJzrnE2ZoEQXLNbuv09-puIqYGGtEUJfQFm2dtSMA&oe=639B36F1
2018-03-02-ays-daily-digest-01-03-2018-ays-discusses-illegal-push-backs-and-human-rights-violations-in-a-d304780ca858.md,https://scontent.flis6-1.fna.fbcdn.net/v/t15.5256-10/27598797_2057749324505177_1877388401888460800_n.jpg?_nc_cat=111&ccb=1-7&_nc_sid=776239&_nc_ohc=QiusvNp_GzgAX_6SC1B&_nc_oc=AQnjvSDUHH7ulO_wGUZkSUmCAAhnAFpBZbG3wAILXJuoiYQT8cXPGeHaXLt9yG4_NaA&_nc_ht=scontent.flis6-1.fna&oh=00_AfA4YAzxoyl6jUceLUWn8HgSJU6d2G_x3iuxhiVgY530Cg&oe=639A65F2
2018-03-04-ays-daily-digest-3-3-2018-likely-war-crimes-in-syrias-ghouta-f1254de7081.md,https://scontent.flis6-1.fna.fbcdn.net/v/t15.5256-10/27861080_1353488671423693_3288219651783262208_n.jpg?_nc_cat=104&ccb=1-7&_nc_sid=776239&_nc_ohc=K8206g2LyAMAX9MO_xQ&_nc_ht=scontent.flis6-1.fna&oh=00_AfDkkShhnTy7WqgGXQMh7aE3vb3F8FEP5nkYUNDraSpJjw&oe=639BBF8B
2018-03-06-ays-daily-digest-5-3-18-are-we-still-allowed-to-ever-pronounce-human-rights-77f39650e6f7.md,https://scontent.flis6-1.fna.fbcdn.net/v/t15.5256-10/28758562_413750705735491_6770278238561239040_n.jpg?_nc_cat=106&ccb=1-7&_nc_sid=776239&_nc_ohc=XVfieiqwLjUAX92w4tJ&_nc_ht=scontent.flis6-1.fna&oh=00_AfAe9fvxGQZ8TkmJqm6952el0DnajtOx8unwYS12LVSz8g&oe=639A489F
2018-03-07-ays-daily-digest-06-03-2018-more-deaths-on-land-more-deaths-at-sea-surprise-surprise-3b262b49679e.md,https://scontent.flis6-1.fna.fbcdn.net/v/t15.5256-10/27602020_10155176171227385_798641351850721280_n.jpg?_nc_cat=106&ccb=1-7&_nc_sid=776239&_nc_ohc=_iI7GoJllWoAX9e3fPG&_nc_ht=scontent.flis6-1.fna&oh=00_AfA-QISnpoS0smHgJ1yn4_36Sx4XkoJOScg3TR19swY-Jg&oe=639B530C
2018-03-07-ays-daily-digest-06-03-2018-more-deaths-on-land-more-deaths-at-sea-surprise-surprise-3b262b49679e.md,https://scontent.flis6-1.fna.fbcdn.net/v/t1.18169-9/28661145_1643180002416110_1914653104619562348_n.jpg?stp=dst-jpg_s851x315&_nc_cat=105&ccb=1-7&_nc_sid=0cb389&_nc_ohc=JWosYBa-_I8AX9Ue2mQ&_nc_ht=scontent.flis6-1.fna&oh=00_AfCn6fQejFSLOjSat10heq4-HhoO5f-moQqf3-8j3sfCiQ&oe=63BD6007
2018-03-07-ays-daily-digest-06-03-2018-more-deaths-on-land-more-deaths-at-sea-surprise-surprise-3b262b49679e.md,https://scontent.flis6-1.fna.fbcdn.net/v/t31.18172-8/28828282_225694417979654_7496722489530126876_o.jpg?stp=dst-jpg_p75x225&_nc_cat=101&ccb=1-7&_nc_sid=0cb389&_nc_ohc=xmF60-L3h8MAX84b3d7&_nc_ht=scontent.flis6-1.fna&oh=00_AfD4h_UBGs6JJvY2sPOFrXbvfA_Pv7VKOsT_oWsHNgC9aQ&oe=63BD8328
2018-03-07-ays-daily-digest-06-03-2018-more-deaths-on-land-more-deaths-at-sea-surprise-surprise-3b262b49679e.md,https://scontent.flis6-1.fna.fbcdn.net/v/t1.18169-9/28577420_1844751282244035_4115309143280291089_n.jpg?stp=dst-jpg_p228x119&_nc_cat=101&ccb=1-7&_nc_sid=0cb389&_nc_ohc=t8ELuDrTiq0AX_tK2UB&_nc_ht=scontent.flis6-1.fna&oh=00_AfChtkPj1pQqy4A1R3i_9YvC3UiZxeYHQ0cfOlNxDdLn_A&oe=63BD6C7E
2018-03-07-ays-daily-digest-06-03-2018-more-deaths-on-land-more-deaths-at-sea-surprise-surprise-3b262b49679e.md,https://scontent.flis6-1.fna.fbcdn.net/v/t31.18172-8/28618958_419309108523845_2619894879132203138_o.png?stp=dst-png_p160x160&_nc_cat=104&ccb=1-7&_nc_sid=0cb389&_nc_ohc=_fx7yLUA49IAX-Xegz3&_nc_ht=scontent.flis6-1.fna&oh=00_AfAFmmjJBq6dczZua_rG7-8tPQ39ojXriYcvqmJTKk3XuA&oe=63BD579E
2018-03-07-ays-daily-digest-07-03-2018-no-place-for-fascism-f507e9374c57.md,https://scontent.flis6-1.fna.fbcdn.net/v/t1.18169-9/28685474_316259865563791_4651932745689137974_n.jpg?stp=dst-jpg_s320x320&_nc_cat=111&ccb=1-7&_nc_sid=0cb389&_nc_ohc=ChIYU8nBGFEAX_OdJiM&_nc_ht=scontent.flis6-1.fna&oh=00_AfDd2A7GKWi_JfZpBEo4TxufN5S7fyDh7fD3qpJjYSQ1Yw&oe=63BD6F2F
2018-03-10-ays-daily-digest-09-03-18-tense-situation-at-the-evros-river-38312b9cd2a5.md,https://scontent.flis6-1.fna.fbcdn.net/v/t15.5256-10/27594192_2090852417598784_1534258357894905856_n.jpg?_nc_cat=101&ccb=1-7&_nc_sid=776239&_nc_ohc=cpOwXSNh9vYAX8hZG9c&_nc_ht=scontent.flis6-1.fna&oh=00_AfANdl8U9hL2fwX_vaBHJcSZcp3mr3oqohglXlCz3RXBtA&oe=639B91B2
2018-03-11-ays-daily-digest-11-03-18-the-war-in-syria-marks-its-7th-year-c48bba3cfbb6.md,https://scontent.flis6-1.fna.fbcdn.net/v/t15.5256-10/27600029_2063866393893470_1049749732957618176_n.jpg?_nc_cat=111&ccb=1-7&_nc_sid=776239&_nc_ohc=XODRZuin63MAX9prnfZ&_nc_ht=scontent.flis6-1.fna&oh=00_AfAbxlCHXXLEv3kULTG2NpN9v1p4_6fdEgzjOrlsdaQ6iw&oe=639A49E0
2018-03-13-ays-daily-digest-12-03-18-thousands-of-newly-displaced-people-e3758561d33c.md,https://scontent.flis6-1.fna.fbcdn.net/v/t1.6435-9/29133534_1644012022315259_1990290245853118464_n.jpg?stp=dst-jpg_p206x206&_nc_cat=100&ccb=1-7&_nc_sid=0cb389&_nc_ohc=JF7GZWq-s1YAX93dorr&_nc_ht=scontent.flis6-1.fna&oh=00_AfDgjBhxWC2IiThWcAJhRWo-vRMK6MER7UgOeHFdrmQssg&oe=63BD661D
2018-03-13-ays-daily-digest-12-03-18-thousands-of-newly-displaced-people-e3758561d33c.md,https://scontent.flis6-1.fna.fbcdn.net/v/t15.5256-10/27861267_421942328260523_3514593135843868672_n.jpg?_nc_cat=100&ccb=1-7&_nc_sid=776239&_nc_ohc=83XsDqMhxiMAX-2LtIN&_nc_ht=scontent.flis6-1.fna&oh=00_AfA67OF2C2KI6jO_mf1r0rmyldmguqXHpckQTIr97B3b7A&oe=639BC04E
2018-03-15-ays-daily-digest-14-03-2018-i-havent-finished-my-dreams-yet-a-10-year-old-s-message-from-afrin-751f6e0625db.md,https://scontent.flis6-1.fna.fbcdn.net/v/t1.18169-9/29177699_633232060353806_3779526875022129849_n.jpg?stp=dst-jpg_p75x225&_nc_cat=105&ccb=1-7&_nc_sid=0cb389&_nc_ohc=9icNgZ9OKEgAX9X14yD&_nc_ht=scontent.flis6-1.fna&oh=00_AfBZvx-g3GDpRhapDRYq7IaQVK1TSzJVx6YBZzKEClNpAA&oe=63BD7743
2018-03-15-ays-daily-digest-14-03-2018-i-havent-finished-my-dreams-yet-a-10-year-old-s-message-from-afrin-751f6e0625db.md,https://scontent.flis6-1.fna.fbcdn.net/v/t1.6435-9/29177190_1467761220012325_7898988595908706304_n.png?stp=dst-png_p173x172&_nc_cat=105&ccb=1-7&_nc_sid=0cb389&_nc_ohc=XizesUrdYLcAX_YsYJY&_nc_ht=scontent.flis6-1.fna&oh=00_AfCXmW6FS6syoKRVLFI3A5NF6gDSz5M8oLXAtQJbU5GzWw&oe=63BD7214
2018-03-17-daily-digest-16-03-2018-14-lifeless-bodies-recovered-from-the-sea-d4ec43d2da58.md,https://scontent.flis6-1.fna.fbcdn.net/v/t15.5256-10/27598138_2079534125654153_925703071630098432_n.jpg?_nc_cat=103&ccb=1-7&_nc_sid=776239&_nc_ohc=z4_xYNjwsfEAX9iJQlw&_nc_ht=scontent.flis6-1.fna&oh=00_AfA0xqdz89mVyjhl0w1vh4KIx7Jxlrc8K5-KXaS7NH72Nw&oe=639B8758
2018-03-18-ays-daily-digest-17-03-2018-two-years-after-the-bloody-deal-that-killed-solidarity-in-europe-d82aa96290ad.md,https://scontent.flis6-1.fna.fbcdn.net/v/t15.5256-10/28759913_1777397355632303_6194346725012930560_n.jpg?_nc_cat=102&ccb=1-7&_nc_sid=776239&_nc_ohc=XBj54PcEYH0AX87KOb5&_nc_ht=scontent.flis6-1.fna&oh=00_AfDG99sCU1-bfX_BG9g5DLywVT5yy2voKSMnjlnEySaFFA&oe=639B878D
2018-03-18-ays-daily-digest-17-03-2018-two-years-after-the-bloody-deal-that-killed-solidarity-in-europe-d82aa96290ad.md,https://scontent.flis6-1.fna.fbcdn.net/v/t15.5256-10/27594604_1905238066214468_1391219587407675392_n.jpg?_nc_cat=100&ccb=1-7&_nc_sid=776239&_nc_ohc=LvoXBBdoaDoAX-niaQU&_nc_ht=scontent.flis6-1.fna&oh=00_AfC8j3ehurIKRj3WTiicg1GDailY6jAnGiojcKX1ZFqsuw&oe=639A5DA9
2018-03-18-ays-daily-digest-17-03-2018-two-years-after-the-bloody-deal-that-killed-solidarity-in-europe-d82aa96290ad.md,https://scontent.flis6-1.fna.fbcdn.net/v/t31.18172-8/28701266_1428278250617339_2046302762515639831_o.jpg?stp=dst-jpg_p75x225&_nc_cat=108&ccb=1-7&_nc_sid=0cb389&_nc_ohc=7AuhtNYaLRIAX969Q39&_nc_ht=scontent.flis6-1.fna&oh=00_AfAz6Lo3h5xsl1UbsMuqdU8axBSE5RyGXbOY6kDrsSoqVA&oe=63BD8C80
2018-03-18-ays-daily-digest-17-03-2018-two-years-after-the-bloody-deal-that-killed-solidarity-in-europe-d82aa96290ad.md,https://scontent.flis6-1.fna.fbcdn.net/v/t1.6435-9/29216344_1469840549804392_4007559333071028224_n.jpg?stp=dst-jpg_p173x172&_nc_cat=100&ccb=1-7&_nc_sid=0cb389&_nc_ohc=BSv7nlMvwW4AX8sDHRT&_nc_ht=scontent.flis6-1.fna&oh=00_AfAG9YXvGWsm6Rmeh1i2yVtn8zWh7tASGy8DX1olIDmOmQ&oe=63BD676C
2018-03-19-ays-daily-digest-18-03-2018-first-deadly-shipwreck-of-2018-in-greece-51b7ddbd148.md,https://scontent.flis6-1.fna.fbcdn.net/v/t1.18169-9/29356160_1889275901104913_7312118492225549713_n.jpg?stp=dst-jpg_p206x206&_nc_cat=111&ccb=1-7&_nc_sid=0cb389&_nc_ohc=bRD-my0Bu6cAX-Dv55n&_nc_ht=scontent.flis6-1.fna&oh=00_AfCSQtHVYky7WEdYPhnQaYThTgilKIzVQxc1G9K51rUplg&oe=63BD6A4A
2018-03-19-ays-daily-digest-18-03-2018-first-deadly-shipwreck-of-2018-in-greece-51b7ddbd148.md,https://scontent.flis6-1.fna.fbcdn.net/v/t15.5256-10/27596622_1858424100857205_1294580001454161920_n.jpg?_nc_cat=104&ccb=1-7&_nc_sid=776239&_nc_ohc=VnRsyUzuQ2YAX9_Vu1_&_nc_oc=AQldqRdEVmfBEZ9ecesPze-4O11KsgOaNpUJSbVBoSdMoOaVVKlxWcC5pWsNkiZGkI0&_nc_ht=scontent.flis6-1.fna&oh=00_AfCiJIhnrmdzuSxd5opFzabxrpPQQb4Kmt4_CD4JkChvYw&oe=639BCD50
2018-03-21-ays-daily-digest-20-3-18-two-years-of-a-failed-deal-988160f8a0df.md,https://scontent.flis6-1.fna.fbcdn.net/v/t15.5256-10/27602549_10100322654200271_634116268730875904_n.jpg?_nc_cat=111&ccb=1-7&_nc_sid=776239&_nc_ohc=fGY-sBDrn18AX83-RWN&_nc_ht=scontent.flis6-1.fna&oh=00_AfADE5-DGiVU-IpJifoqT82LwfS_-FYfrjPEjaVHiISMkg&oe=639AFCF7
2018-03-22-ays-daily-digest-21-3-18-the-last-civil-rescue-ship-in-the-central-mediterranean-6819ece1cd7c.md,https://scontent.flis6-1.fna.fbcdn.net/v/t1.6435-9/29468929_2081974675394622_6509149075982516224_n.jpg?stp=dst-jpg_p75x225&_nc_cat=109&ccb=1-7&_nc_sid=0cb389&_nc_ohc=4vmOFgxrhTwAX-zQ7n2&_nc_ht=scontent.flis6-1.fna&oh=00_AfCPH6cdR2ipZ-6uz3eOxXSfVOfi4TxA1uWQtpJTJOk2Zw&oe=63BD57F2
2018-03-22-ays-daily-digest-21-3-18-the-last-civil-rescue-ship-in-the-central-mediterranean-6819ece1cd7c.md,https://scontent.flis6-1.fna.fbcdn.net/v/t1.6435-9/29432819_1839187476373587_5109043377333075968_n.jpg?stp=dst-jpg_p206x206&_nc_cat=100&ccb=1-7&_nc_sid=0cb389&_nc_ohc=xkCsZwywtRsAX-YG2sr&_nc_ht=scontent.flis6-1.fna&oh=00_AfBHnOflKAjOgGijc3QDtJ4l7aVqi_EnjgEyJxHTMEzQXQ&oe=63BD6A84
2018-03-26-ays-daily-digest-25-03-2018-un-provides-russia-with-gps-location-of-hospitals-in-syria-63e7dc279c7a.md,https://scontent.flis6-1.fna.fbcdn.net/v/t1.18169-9/29511357_1897434353622401_2895353300061413385_n.jpg?stp=dst-jpg_p206x206&_nc_cat=107&ccb=1-7&_nc_sid=0cb389&_nc_ohc=XXwGI_SKRCsAX89bjfz&_nc_ht=scontent.flis6-1.fna&oh=00_AfDAFMSQUY8nutAo8kVQQiE25EXi78OeITxmzoF3mLc57A&oe=63BD6949
2018-03-26-ays-daily-digest-25-03-2018-un-provides-russia-with-gps-location-of-hospitals-in-syria-63e7dc279c7a.md,https://scontent.flis6-1.fna.fbcdn.net/v/t1.18169-9/29570951_1696912827043269_8227699002560439127_n.jpg?stp=dst-jpg_p206x206&_nc_cat=110&ccb=1-7&_nc_sid=0cb389&_nc_ohc=vIGWlsFva2UAX_0XFs0&_nc_ht=scontent.flis6-1.fna&oh=00_AfA2FQNcXVBH0XY2In-cGyc9qQQhHQCpY162NwApAIdCXw&oe=63BD7F8E
2018-03-28-ays-daily-news-digest-27-3-18-another-limbo-in-front-of-the-entrance-to-the-eu-830fa3dc0d76.md,https://scontent.flis6-1.fna.fbcdn.net/v/t15.5256-10/27852937_1627195480690531_7407314870305030144_n.jpg?_nc_cat=101&ccb=1-7&_nc_sid=776239&_nc_ohc=ITpKpR6rBKIAX_ggyAy&_nc_oc=AQllM7Qu0IXq-O7J-U0g4M35a8WHEj7ttKd7r3MCnQ03BrXXi0k-uMc45mg1Xf038u4&_nc_ht=scontent.flis6-1.fna&oh=00_AfCWOo3Rv1UmF6O1q6QPAGHtfaKGcdE0uZDQwKlDS-ULTw&oe=639B8651
2018-03-29-ays-daily-digest-28-03-18-iom-and-unodc-will-cooperate-to-counter-migrant-smuggling-2cdad83cb84d.md,https://scontent.flis6-1.fna.fbcdn.net/v/t15.5256-10/27603139_10155119738616249_243868694038446080_n.jpg?stp=dst-jpg_s320x320&_nc_cat=104&ccb=1-7&_nc_sid=c12c07&_nc_ohc=CbXVJUmZmqUAX9hE2ds&_nc_ht=scontent.flis6-1.fna&oh=00_AfC02faX7oCoPI-jN0VBAmL-h8_B2fNEXC7XnhjfK3PXTw&oe=639BA447
2018-04-01-ays-daily-digest-31-03-2018-killing-with-kindness-3504b6126da8.md,https://scontent.flis6-1.fna.fbcdn.net/v/t15.5256-10/27601598_2118699258365491_4594249602256863232_n.jpg?_nc_cat=103&ccb=1-7&_nc_sid=776239&_nc_ohc=h5UlrLYFMkwAX-h8BiV&_nc_ht=scontent.flis6-1.fna&oh=00_AfCtoYXpgJ_RiB-6w2JHhszz54a3Dlz10JkIjNKGiTPPSg&oe=639B42F4
2018-04-02-ays-daily-digest-01-04-2018-calls-to-review-of-framework-underpinning-libyan-coast-guard-f303e25bad32.md,https://scontent.flis6-1.fna.fbcdn.net/v/t15.5256-10/28759684_1905895136109656_3908847287958241280_n.jpg?_nc_cat=101&ccb=1-7&_nc_sid=776239&_nc_ohc=mJV6XwBMwCYAX-zOnqB&_nc_ht=scontent.flis6-1.fna&oh=00_AfAAdLnkwzUZyTGdLV5WaE3c8InbWOfU72GNeEw7o5cOLQ&oe=639B7B5A
2018-04-02-ays-daily-digest-01-04-2018-calls-to-review-of-framework-underpinning-libyan-coast-guard-f303e25bad32.md,https://scontent.flis6-1.fna.fbcdn.net/v/t1.18169-9/29570716_327771927745918_1799930021595533234_n.jpg?stp=dst-jpg_p206x206&_nc_cat=102&ccb=1-7&_nc_sid=0cb389&_nc_ohc=B9JB8OnCb5kAX-8gSVY&_nc_ht=scontent.flis6-1.fna&oh=00_AfCU2Z5blEY6JfFNhlytClFPH4QaBaVAXr1BLTZV6dn0tg&oe=63BD6C64
2018-04-02-ays-daily-digest-01-04-2018-calls-to-review-of-framework-underpinning-libyan-coast-guard-f303e25bad32.md,https://scontent.flis6-1.fna.fbcdn.net/v/t1.18169-9/29572825_1847589221938587_3925915560612186076_n.jpg?stp=dst-jpg_s320x320&_nc_cat=107&ccb=1-7&_nc_sid=0cb389&_nc_ohc=rV-E2r0qlz0AX-aQUbM&_nc_ht=scontent.flis6-1.fna&oh=00_AfAcj3SZ_xOyOrd6ejuYjSeL1n7p9evGImHjibFKXVeu7g&oe=63BD6755
2018-04-02-ays-daily-digest-01-04-2018-calls-to-review-of-framework-underpinning-libyan-coast-guard-f303e25bad32.md,https://scontent.flis6-1.fna.fbcdn.net/v/t1.18169-9/29791863_10155942664130339_9160486171795307552_n.jpg?stp=dst-jpg_p206x206&_nc_cat=100&ccb=1-7&_nc_sid=0cb389&_nc_ohc=ocy-d1JOKGcAX-LPb-J&_nc_ht=scontent.flis6-1.fna&oh=00_AfAqyYKpJtnaL09yaq1gMfqavFXAcg2eVJ7ZN4MxSrMW3g&oe=63BD83B0
2018-04-02-ays-daily-digest-01-04-2018-calls-to-review-of-framework-underpinning-libyan-coast-guard-f303e25bad32.md,https://scontent.flis6-1.fna.fbcdn.net/v/t15.5256-10/27852683_1645405282162305_5522133559495622656_n.jpg?_nc_cat=110&ccb=1-7&_nc_sid=776239&_nc_ohc=7J-4_8g34x4AX-ii9XE&_nc_ht=scontent.flis6-1.fna&oh=00_AfDbZWuhsYuMiVLFNp0vs94ZVG3xZUMDXdWC7mClQcse_Q&oe=639BB8F5
2018-04-04-ays-daily-digest-3-4-18-resilience-in-the-face-of-more-police-expulsions-58c77f6ad40.md,https://scontent.flis6-1.fna.fbcdn.net/v/t15.5256-10/29768924_328534794336298_6758599183101329408_n.jpg?_nc_cat=100&ccb=1-7&_nc_sid=776239&_nc_ohc=FJddDs3oKA8AX_kGMIT&_nc_ht=scontent.flis6-1.fna&oh=00_AfBargmtSd8IO56jubvw4yqGssI6IMfPeig94oDUMOCP-g&oe=639AC520
2018-04-08-ays-daily-digest-07-04-18-deportations-from-austria-dc3bfc1e09d3.md,https://scontent.flis6-1.fna.fbcdn.net/v/t15.5256-10/27855628_10155957072295339_2440901365392736256_n.jpg?_nc_cat=108&ccb=1-7&_nc_sid=776239&_nc_ohc=ZTYHMHJsxRcAX-68bai&_nc_ht=scontent.flis6-1.fna&oh=00_AfAfOaSf8sOF5KCk3EP_BUoSSC2IRweB046dVpVsr2moWA&oe=639B857B
2018-04-09-ays-daily-digest-08-04-2018-chemical-attack-kills-at-least-70-people-in-douma-9e27f567cd40.md,https://scontent.flis6-1.fna.fbcdn.net/v/t1.6435-9/30226968_2006870756197662_735437308907487232_n.png?stp=dst-png_p75x225&_nc_cat=110&ccb=1-7&_nc_sid=0cb389&_nc_ohc=Er8PkMTsiTMAX9Lfm7U&_nc_ht=scontent.flis6-1.fna&oh=00_AfB_mHvXfHA4n27reuuT7JJrQekS06wkmYxW6MuiLJpB-Q&oe=63BD574C
2018-04-09-ays-daily-digest-08-04-2018-chemical-attack-kills-at-least-70-people-in-douma-9e27f567cd40.md,https://scontent.flis6-1.fna.fbcdn.net/v/t1.6435-9/30265043_1757691337584535_7540938600033026048_n.jpg?stp=dst-jpg_p75x225&_nc_cat=103&ccb=1-7&_nc_sid=0cb389&_nc_ohc=k2W8ZlcTvXEAX-li4b3&_nc_ht=scontent.flis6-1.fna&oh=00_AfDntKmS4Ve9_PYnI5L0ORdK8tl717qavetRDKFfSlx4Bg&oe=63BD6CCF
2018-04-09-ays-daily-digest-08-04-2018-chemical-attack-kills-at-least-70-people-in-douma-9e27f567cd40.md,https://scontent.flis6-1.fna.fbcdn.net/v/t15.5256-10/28770587_1881380691894879_3197002238702649344_n.jpg?_nc_cat=109&ccb=1-7&_nc_sid=776239&_nc_ohc=3rG7gdlDy1UAX87dDqW&_nc_ht=scontent.flis6-1.fna&oh=00_AfB5wwEFtKqYAXBBHi3SYAc_cz_7hVadJEIBbYCtyeUozw&oe=639A7186
2018-04-09-ays-special-from-turkey-abandoned-in-the-fields-654d3f925141.md,https://miro.medium.com/max/1200/1*ZRGO2e9rs3n2cOhypa_Jdg.jpeg
2018-04-09-ays-special-from-turkey-abandoned-in-the-fields-654d3f925141.md,https://scontent.flis6-1.fna.fbcdn.net/v/t15.5256-10/28773693_982435511915712_4424905024665026560_n.jpg?_nc_cat=104&ccb=1-7&_nc_sid=776239&_nc_ohc=66ONEQGkEdAAX_2G4Hs&_nc_ht=scontent.flis6-1.fna&oh=00_AfBDQHrLEJHuchqprXmC81EuChS7QXKXzZiDQYo5EHHcUA&oe=6399F9DD
2018-04-09-ays-special-from-turkey-abandoned-in-the-fields-654d3f925141.md,https://miro.medium.com/max/1137/1*VILMsnzbZ4_0f75C9dbIog.jpeg
2018-04-10-ays-daily-digest-9-4-18-individuals-and-communities-abandoned-and-deceived-by-the-system-2c9ad7af1f2b.md,https://scontent.flis6-1.fna.fbcdn.net/v/t15.5256-10/27863247_817580428451192_5256536857834946560_n.jpg?_nc_cat=100&ccb=1-7&_nc_sid=776239&_nc_ohc=4tHQxP08g0AAX-OrNO2&_nc_ht=scontent.flis6-1.fna&oh=00_AfDKQ_lY0AMyUxOejRf7lt5zk4sd4XSfq-cPh_t08KdGbg&oe=639BCF7B
2018-04-10-ays-daily-digest-9-4-18-individuals-and-communities-abandoned-and-deceived-by-the-system-2c9ad7af1f2b.md,https://scontent.flis6-1.fna.fbcdn.net/v/t15.5256-10/28756767_2007816419436429_8458508189015474176_n.jpg?_nc_cat=111&ccb=1-7&_nc_sid=776239&_nc_ohc=NPSJm_M9wosAX986dvE&_nc_ht=scontent.flis6-1.fna&oh=00_AfAYH-FHnHeiwsVml1PxrfYz2AKRkpKNr7spYzO6hA6a4g&oe=639A31F3
2018-04-11-ays-daily-digest-10-4-18-another-riot-in-moria-bd5622988e5d.md,https://scontent.flis6-1.fna.fbcdn.net/v/t1.6435-9/30594399_1678959325504844_1797476768660062208_n.jpg?stp=dst-jpg_p206x206&_nc_cat=104&ccb=1-7&_nc_sid=0cb389&_nc_ohc=jdmx1sjqFqgAX9DB5hX&_nc_ht=scontent.flis6-1.fna&oh=00_AfCijVuFv05yBT6tO2YblRKeK5sGiqWjHyrtw0bbMjsQ6Q&oe=63BD79CA
2018-04-11-ays-daily-digest-10-4-18-another-riot-in-moria-bd5622988e5d.md,https://scontent.flis6-1.fna.fbcdn.net/v/t1.18169-9/30515778_2042649035951092_5095446592034044861_n.png?stp=dst-png_p75x225&_nc_cat=106&ccb=1-7&_nc_sid=0cb389&_nc_ohc=C5Wtr7iSRDgAX_QQ2zh&_nc_ht=scontent.flis6-1.fna&oh=00_AfASIMzLO0NSstDnymTkMT93pj4-LPRiqYq6p4DczyykaQ&oe=63BD8601
2018-04-11-ays-daily-digest-10-4-18-another-riot-in-moria-bd5622988e5d.md,https://scontent.flis6-1.fna.fbcdn.net/v/t1.6435-9/30629691_1843983552320489_5689442601762029568_n.jpg?stp=dst-jpg_p75x225&_nc_cat=100&ccb=1-7&_nc_sid=0cb389&_nc_ohc=Vosbf_bdMPUAX-6Ne2-&_nc_ht=scontent.flis6-1.fna&oh=00_AfC4eGRPE5ahWvvT04lfc1wdD6-qQlHQxhMJaep6CYBHmg&oe=63BD6F7D
2018-04-13-ays-daily-digest-13-04-2018-mismanagement-as-justification-for-cruelty-the-european-way-754a90a50836.md,https://scontent.flis6-1.fna.fbcdn.net/v/t15.5256-10/27861413_10155964767195339_4444085347881582592_n.jpg?_nc_cat=109&ccb=1-7&_nc_sid=776239&_nc_ohc=Lby9BdjcIDgAX940FHd&_nc_ht=scontent.flis6-1.fna&oh=00_AfDNu2k-4G237hJGym2dBtYmxPxQdvLnZ9B--SOZSQ0ncA&oe=639B5AE9
2018-04-14-ays-daily-digest-13-4-2018-western-hypocrisies-over-syria-e2f6559ecfa3.md,https://scontent.flis6-1.fna.fbcdn.net/v/t1.6435-9/30656957_1302442913233528_592796789262778368_n.jpg?stp=dst-jpg_p173x172&_nc_cat=110&ccb=1-7&_nc_sid=0cb389&_nc_ohc=ShH7jD7GU8EAX-LiFhK&_nc_ht=scontent.flis6-1.fna&oh=00_AfDSlcLSAZ_ECDtSWQuYvFQx5Tau4j3ir3Rdb1SlNl-QXA&oe=63BD5D25
2018-04-14-ays-daily-digest-13-4-2018-western-hypocrisies-over-syria-e2f6559ecfa3.md,https://scontent.flis6-1.fna.fbcdn.net/v/t15.5256-10/27861736_1864758387156394_2256369950945968128_n.jpg?_nc_cat=111&ccb=1-7&_nc_sid=776239&_nc_ohc=fsF4viNeonQAX_3pqAX&_nc_ht=scontent.flis6-1.fna&oh=00_AfCDUeSiMV3HZjpB42HR9gp_qIIQ9zaes0ZuOxRE-y2bOQ&oe=639B0FF4
2018-04-14-ays-daily-digest-13-4-2018-western-hypocrisies-over-syria-e2f6559ecfa3.md,https://scontent.flis6-1.fna.fbcdn.net/v/t1.6435-9/30688444_1680634271989944_5000480781777240064_n.jpg?stp=dst-jpg_p75x225&_nc_cat=107&ccb=1-7&_nc_sid=0cb389&_nc_ohc=EF6FWgcF99oAX-X0t9P&_nc_ht=scontent.flis6-1.fna&oh=00_AfCQeM5v1nQ3F_pQHljWSl2AwrAHU8gnjxLzU0PttKg9Tg&oe=63BD62F6
2018-04-16-ays-daily-digest-15-04-2018-protests-in-paris-against-new-immigration-bill-ff87c77c4485.md,https://scontent.flis6-1.fna.fbcdn.net/v/t15.5256-10/27865835_803131193212081_8584137610216079360_n.jpg?_nc_cat=109&ccb=1-7&_nc_sid=776239&_nc_ohc=wloUnxMVEr0AX-LJ_mR&_nc_ht=scontent.flis6-1.fna&oh=00_AfAjUHBWan7jgblUUl8pLX3yOafh7fBdcc90fUysQS40ww&oe=639B6963
2018-04-16-ays-daily-digest-15-04-2018-protests-in-paris-against-new-immigration-bill-ff87c77c4485.md,https://scontent.flis6-1.fna.fbcdn.net/v/t15.5256-10/27862451_803108223214378_4111528349434642432_n.jpg?_nc_cat=103&ccb=1-7&_nc_sid=776239&_nc_ohc=gilQR2GR-L0AX_fqO0k&_nc_ht=scontent.flis6-1.fna&oh=00_AfCPo8p6BnUOBHRUXDYVbetitBsfXKd7u_KmunoE2oN2HA&oe=639B620C
2018-04-17-ays-daily-digest-16-04-2018-free-at-last-c46b2e189cef.md,https://scontent.flis6-1.fna.fbcdn.net/v/t15.5256-10/27864608_1863282880369221_1819129056008863744_n.jpg?_nc_cat=104&ccb=1-7&_nc_sid=776239&_nc_ohc=n7v2TGtABbEAX_rjAPR&_nc_ht=scontent.flis6-1.fna&oh=00_AfA2TCe1QsJUdgTn0ry9owilV7wppECacbBXp2muRlByRQ&oe=639BAAF7
2018-04-17-ays-daily-digest-16-04-2018-free-at-last-c46b2e189cef.md,https://scontent.flis6-1.fna.fbcdn.net/v/t1.6435-9/30715118_2019732578274645_1848611687213563904_n.jpg?stp=dst-jpg_p228x119&_nc_cat=106&ccb=1-7&_nc_sid=0cb389&_nc_ohc=HS5Iqa8yjU8AX_NT--z&_nc_ht=scontent.flis6-1.fna&oh=00_AfD77_f5tfznN5xPQQuTkALdNoPpJQiDuSyjRTJahtmz_A&oe=63BD67C2
2018-04-17-ays-daily-digest-16-04-2018-free-at-last-c46b2e189cef.md,https://scontent.flis6-1.fna.fbcdn.net/v/t31.18172-8/30171789_414139392345030_6006529595197880683_o.jpg?stp=dst-jpg_p173x172&_nc_cat=108&ccb=1-7&_nc_sid=0cb389&_nc_ohc=PNIQz7yMXTwAX_VqJOE&_nc_ht=scontent.flis6-1.fna&oh=00_AfAxugaaIUIZUvhQHmXuGb2SC2_Ebdyw0gUKqSO9r700rg&oe=63BD7208
2018-04-19-ays-daily-digest-18-4-18-give-us-the-migrants-or-we-will-kill-you-the-front-lines-of-4a84d6762437.md,https://scontent.flis6-1.fna.fbcdn.net/v/t15.5256-10/28770028_334655297057581_1410439587532111872_n.jpg?_nc_cat=109&ccb=1-7&_nc_sid=776239&_nc_ohc=fii6JxTx60EAX9_3tG2&_nc_ht=scontent.flis6-1.fna&oh=00_AfA6STADQCD0xFDcakUDQXL3Iyq9bhy0Wjz4LKCHIYrHjg&oe=639AF3DE
2018-04-19-ays-daily-digest-18-4-18-give-us-the-migrants-or-we-will-kill-you-the-front-lines-of-4a84d6762437.md,https://scontent.flis6-1.fna.fbcdn.net/v/t15.5256-10/28773579_1942978275744450_5503217935113519104_n.jpg?_nc_cat=104&ccb=1-7&_nc_sid=776239&_nc_ohc=J-GiA3l7XWYAX8deign&_nc_ht=scontent.flis6-1.fna&oh=00_AfAvT4Qz1ih8RjPDEzFwZzkilSvwyuVfooV02Tho7yI70A&oe=639A4D18
2018-04-22-ays-daily-digest-20-04-2018-more-than-500-people-rescued-in-the-mediterranean-44953c35ef33.md,https://scontent.flis6-1.fna.fbcdn.net/v/t15.5256-10/27862919_1868187696545406_8914717751180787712_n.jpg?_nc_cat=110&ccb=1-7&_nc_sid=776239&_nc_ohc=3rbU04NzYnYAX9d-bmi&_nc_ht=scontent.flis6-1.fna&oh=00_AfCU1HSnoHtW9lU4T-t9pW7tiyqIjBbXmva0yB0ZePmC-g&oe=639A3F37
2018-04-22-ays-daily-digest-20-04-2018-more-than-500-people-rescued-in-the-mediterranean-44953c35ef33.md,https://scontent.flis6-1.fna.fbcdn.net/v/t31.18172-8/30425054_2158483957713655_4124909258003287063_o.jpg?stp=dst-jpg_p206x206&_nc_cat=111&ccb=1-7&_nc_sid=0cb389&_nc_ohc=o0Ig_ocK-8gAX-16DdG&_nc_ht=scontent.flis6-1.fna&oh=00_AfBlA9TVy7yKjoG8V_2WX7REUB1PIZ8y189yDlarHN83lg&oe=63BD6D66
2018-04-22-ays-daily-digest-20-04-2018-more-than-500-people-rescued-in-the-mediterranean-44953c35ef33.md,https://scontent.flis6-1.fna.fbcdn.net/v/t15.5256-10/28770565_1895717907127824_7409204432576970752_n.jpg?_nc_cat=102&ccb=1-7&_nc_sid=776239&_nc_ohc=5gGqPjZLmHQAX_7RnE2&_nc_ht=scontent.flis6-1.fna&oh=00_AfBiOu9cY9IpGbH5fmpbIt6LkmN6o3bQKwmiKtIEQrS3MA&oe=639B7D28
2018-04-22-ays-daily-digest-20-04-2018-more-than-500-people-rescued-in-the-mediterranean-44953c35ef33.md,https://scontent.flis6-1.fna.fbcdn.net/v/t1.6435-9/31062234_365016747317061_6900231055446376448_n.jpg?stp=dst-jpg_p206x206&_nc_cat=105&ccb=1-7&_nc_sid=0cb389&_nc_ohc=LlI0-BH2O48AX83pFs2&_nc_oc=AQkQ6MQVu1cv6kCt0mJ02Au27Sm1xVVyPKeN2aVcXcjnyIyBmnu_3zCj61TA8Dgea4M&_nc_ht=scontent.flis6-1.fna&oh=00_AfDNmC5pk44R6dwygS_K7AAu4ogyStiUVvFFJRKKBxSgTg&oe=63BD8818
2018-04-22-ays-interview-with-jugend-rettet-the-accusations-are-just-empty-claims-ba873e0f53f4.md,https://scontent.flis6-1.fna.fbcdn.net/v/t1.6435-9/31052259_821333591409209_783539310535114752_n.jpg?stp=dst-jpg_p75x225&_nc_cat=111&ccb=1-7&_nc_sid=0cb389&_nc_ohc=dSAF2o74fnIAX8-D-bB&_nc_ht=scontent.flis6-1.fna&oh=00_AfAaJiRsh__d_SPQbIC8Nlpg1hPKhMLau-HWVQzGEPbMWQ&oe=63BD6F28
2018-04-22-ays-interview-with-jugend-rettet-the-accusations-are-just-empty-claims-ba873e0f53f4.md,https://miro.medium.com/max/1119/1*imJ4HvbIPXrqA1QChgfM1g.jpeg
2018-04-22-ays-interview-with-jugend-rettet-the-accusations-are-just-empty-claims-ba873e0f53f4.md,https://scontent.flis6-1.fna.fbcdn.net/v/t1.6435-9/29792827_816023258606909_7781733639380795392_n.jpg?stp=dst-jpg_p75x225&_nc_cat=101&ccb=1-7&_nc_sid=0cb389&_nc_ohc=Wcz3d3zQ18AAX_e3ODC&_nc_oc=AQmqIiqrJGDp1MvO2OZvmCL6CVNogVTniwmC1-o4snYvCAl_5MoL1hYRMWurVULgnWg&_nc_ht=scontent.flis6-1.fna&oh=00_AfBewA7pYR69pYgi0LeoDOGhcTl_zPDhnr7cvfaMklc6uQ&oe=63BD641C
2018-04-23-ays-daily-digest-22-04-2018-italian-court-to-decide-over-release-of-rescue-ship-iuventa-d43005ed6ffa.md,https://scontent.flis6-1.fna.fbcdn.net/v/t15.5256-10/28757809_10155679487168160_2307959577687097344_n.jpg?_nc_cat=111&ccb=1-7&_nc_sid=776239&_nc_ohc=yIWXgAvCvEIAX9CP9Xp&_nc_ht=scontent.flis6-1.fna&oh=00_AfA7KHJl2yyeoKmscjLwwq61JS5UCli9FTfmQkFp_j58Sg&oe=639B40B0
2018-04-23-ays-daily-digest-22-04-2018-italian-court-to-decide-over-release-of-rescue-ship-iuventa-d43005ed6ffa.md,https://scontent.flis6-1.fna.fbcdn.net/v/t15.5256-10/27863246_1948632948512316_6864176986839842816_n.jpg?_nc_cat=104&ccb=1-7&_nc_sid=776239&_nc_ohc=EXE4Pr-K-7EAX8R5bCv&_nc_ht=scontent.flis6-1.fna&oh=00_AfBAJnaERzhVLG1MBA8MZ2JBlOVh5yYTPvNnRchmU_Kbbw&oe=639A8B1B
2018-04-24-ays-daily-digest-23-04-18-fascists-attack-refugees-on-lesvos-1e65534a5726.md,https://scontent.flis6-1.fna.fbcdn.net/v/t15.5256-10/28773015_10155679781348160_1348780732088057856_n.jpg?_nc_cat=101&ccb=1-7&_nc_sid=776239&_nc_ohc=TaMCP2fCkekAX9yanGj&_nc_oc=AQnq9LC_V-IS7Kdz0cVF211OljnwTI38bYlsg8IpIry7_rnmTWrFm1iBrXDC-Cwuhf8&_nc_ht=scontent.flis6-1.fna&oh=00_AfDlhVaw7MTxjwp43v0lcfE4crOVPGIDn-iMxXKoSzTIfw&oe=639B67E2
2018-04-25-ays-daily-digest-24-04-18-who-is-behind-the-politics-that-want-to-keep-people-from-helping-other-82310d88539f.md,https://scontent.flis6-1.fna.fbcdn.net/v/t15.5256-10/27866630_1727044590696759_7171689412508516352_n.jpg?_nc_cat=102&ccb=1-7&_nc_sid=776239&_nc_ohc=K6MpbjN9RyIAX_NSUSA&_nc_ht=scontent.flis6-1.fna&oh=00_AfDpTrd44q2EjzLYVS06v3onAO2Qm0kqTcIRkfryqRsxOA&oe=639AA587
2018-04-27-ays-daily-digest-26-04-2018-syrians-about-to-lose-their-property-by-law-c42cc47255be.md,https://scontent.flis6-1.fna.fbcdn.net/v/t1.6435-9/31297824_337781843411593_7622922701010632704_n.jpg?stp=dst-jpg_p235x165&_nc_cat=108&ccb=1-7&_nc_sid=0cb389&_nc_ohc=I2T6DPfM4D8AX92Ae5R&_nc_ht=scontent.flis6-1.fna&oh=00_AfBhZU0BnupBWoIofXS5dFtszkoIeyBvnAJ0T39zf4N6Xg&oe=63BD6A84
2018-04-27-ays-interview-mit-sos-mediterranee-die-humanitäre-krise-im-mittelmeer-geht-weiter-6656a039a5b5.md,https://scontent.flis6-1.fna.fbcdn.net/v/t31.18172-8/28828297_1630081303765838_3870178960576755504_o.jpg?stp=dst-jpg_p206x206&_nc_cat=110&ccb=1-7&_nc_sid=0cb389&_nc_ohc=t04b1kluTZwAX-Pdu7o&_nc_ht=scontent.flis6-1.fna&oh=00_AfCuegQU5oSYNwTf5kDHmB_BFJowJpoLxalo0QdKFO4zeA&oe=63BD5C1C
2018-04-27-ays-interview-mit-sos-mediterranee-die-humanitäre-krise-im-mittelmeer-geht-weiter-6656a039a5b5.md,https://scontent.flis6-1.fna.fbcdn.net/v/t31.18172-8/30806113_1658758100898158_2455650067768390561_o.jpg?stp=dst-jpg_p206x206&_nc_cat=102&ccb=1-7&_nc_sid=0cb389&_nc_ohc=1ufqqcG6PrwAX-KH7S3&_nc_ht=scontent.flis6-1.fna&oh=00_AfAimNwUdWqJGRpWCUSafba80ar925dR6TfFmk2825Xl2g&oe=63BD705D
2018-04-27-ays-interview-mit-sos-mediterranee-die-humanitäre-krise-im-mittelmeer-geht-weiter-6656a039a5b5.md,https://scontent.flis6-1.fna.fbcdn.net/v/t15.5256-10/23556945_2106114082950166_6965264264831434752_n.jpg?_nc_cat=106&ccb=1-7&_nc_sid=776239&_nc_ohc=rTyEqvTztsMAX8bhFlA&_nc_ht=scontent.flis6-1.fna&oh=00_AfDmVG7dQonfr7TBoua1zBSweohm2l9p91m2dKr3pekB1A&oe=639B82A4
2018-04-27-ays-interview-mit-sos-mediterranee-die-humanitäre-krise-im-mittelmeer-geht-weiter-6656a039a5b5.md,https://scontent.flis6-1.fna.fbcdn.net/v/t15.5256-10/27863862_1659838707456764_4372803038390255616_n.jpg?_nc_cat=108&ccb=1-7&_nc_sid=776239&_nc_ohc=BtwSsikAxLUAX8qpfIB&_nc_ht=scontent.flis6-1.fna&oh=00_AfDk9YXUojzwdp51ulseL_VCEs1wa1zRJaQZvQjVAXNt8g&oe=639AD20A
2018-04-30-ays-daily-digest-29-04-2018-hungary-to-send-montenegro-barbed-wire-to-protect-its-borders-1d737065ef21.md,https://scontent.flis6-1.fna.fbcdn.net/v/t1.6435-9/31441254_1908196639246452_3102487158322102272_n.jpg?stp=dst-jpg_p173x172&_nc_cat=111&ccb=1-7&_nc_sid=0cb389&_nc_ohc=Mqfaesro4woAX-VsKxo&_nc_ht=scontent.flis6-1.fna&oh=00_AfDw3h9KilL4pXU3Q_rAyzh8c7gC12BNlXbO9BDblSH2rQ&oe=63BD6184
2018-04-30-ays-daily-digest-29-04-2018-hungary-to-send-montenegro-barbed-wire-to-protect-its-borders-1d737065ef21.md,https://scontent.flis6-1.fna.fbcdn.net/v/t15.5256-10/28756952_442145119573577_7116975016670920704_n.jpg?_nc_cat=101&ccb=1-7&_nc_sid=776239&_nc_ohc=hH8DAdZOOgkAX-ECtlU&_nc_ht=scontent.flis6-1.fna&oh=00_AfC6xF3jixHotUgl34grsWxtSwd_P7sUBKHiAJPxLCEs_w&oe=639B1005
2018-05-02-ays-daily-digest-1-5-18-active-in-solidarity-e3f656972fb7.md,https://scontent.flis6-1.fna.fbcdn.net/v/t15.5256-10/30827131_925603420960415_9110510329359499264_n.jpg?_nc_cat=106&ccb=1-7&_nc_sid=776239&_nc_ohc=orxy7DsjDJIAX9y3Rur&_nc_ht=scontent.flis6-1.fna&oh=00_AfDAdWYKaHaguF9dAxrBIkQDpN4c2T975H44BRwxpsaUDw&oe=639B1698
2018-05-03-ays-daily-digest-2-5-18-more-than-3000-new-arrivals-in-greece-in-april-3684b8483114.md,https://scontent.flis6-1.fna.fbcdn.net/v/t1.6435-9/31925158_2100240360260598_8876255309727793152_n.jpg?stp=dst-jpg_p173x172&_nc_cat=101&ccb=1-7&_nc_sid=0cb389&_nc_ohc=jz9VZY4ctNkAX_KIohA&_nc_ht=scontent.flis6-1.fna&oh=00_AfD2IqZm3bIADDWC8y9JPZweHYzNf4v8Y1CBmc3RUsy_qw&oe=63BD8CCA
2018-05-03-ays-daily-digest-2-5-18-more-than-3000-new-arrivals-in-greece-in-april-3684b8483114.md,https://scontent.flis6-1.fna.fbcdn.net/v/t1.6435-9/31738765_1907474405952174_136922062747860992_n.jpg?stp=dst-jpg_p206x206&_nc_cat=100&ccb=1-7&_nc_sid=0cb389&_nc_ohc=AngrQgd6howAX-7tE4N&_nc_ht=scontent.flis6-1.fna&oh=00_AfAXJ_xLIbYBqTWX0JTpq3aJGagruYRhY3JaTQiui53BkA&oe=63BD619C
2018-05-04-ays-daily-digest-3-5-2018-protests-surrounding-tsiprass-visit-to-lesvos-2ffade346e81.md,https://scontent.flis6-1.fna.fbcdn.net/v/t15.5256-10/29771534_10156016616620339_8203524561996611584_n.jpg?_nc_cat=100&ccb=1-7&_nc_sid=776239&_nc_ohc=UsI5yolIUCsAX_TLXvj&_nc_ht=scontent.flis6-1.fna&oh=00_AfC39Z_10v13nVhn0i7pLQW3hiX131MtmAjzfJRCJDKF6A&oe=639B5ECC
2018-05-04-ays-daily-digest-3-5-2018-protests-surrounding-tsiprass-visit-to-lesvos-2ffade346e81.md,https://scontent.flis6-1.fna.fbcdn.net/v/t15.5256-10/29766179_604316629929014_5692272491288854528_n.jpg?_nc_cat=104&ccb=1-7&_nc_sid=776239&_nc_ohc=XEf8GyyCxzAAX9DUJYo&_nc_ht=scontent.flis6-1.fna&oh=00_AfAmlhMR3Os9LfnFWMJnhUhgMDADP34iZIi14cf6H2hJBg&oe=639BE041
2018-05-06-ays-daily-digest-05-05-2018-cyprus-greece-malta-italy-and-spain-presented-a-position-paper-on-2a73cf6e2547.md,https://scontent.flis6-1.fna.fbcdn.net/v/t1.6435-9/31936724_1882759605088215_2030603543332782080_n.jpg?stp=dst-jpg_p75x225&_nc_cat=104&ccb=1-7&_nc_sid=0cb389&_nc_ohc=vCPgCHCIwD0AX_PcBR6&_nc_ht=scontent.flis6-1.fna&oh=00_AfC4dWo8YEs-8J8Zzhg52RNUProSqXnKYyIsS7u8eIi5WA&oe=63BD7BC6
2018-05-06-ays-daily-digest-05-05-2018-cyprus-greece-malta-italy-and-spain-presented-a-position-paper-on-2a73cf6e2547.md,https://scontent.flis6-1.fna.fbcdn.net/v/t1.6435-9/31947191_341478906375220_1157189941889859584_n.jpg?stp=dst-jpg_p173x172&_nc_cat=111&ccb=1-7&_nc_sid=0cb389&_nc_ohc=OuTSu77UV0kAX8hvV6v&_nc_ht=scontent.flis6-1.fna&oh=00_AfBSc_iI0-6HyoQTg8xFsvx88asYFQGkQwAzHGKqhiQjQg&oe=63BD83AE
2018-05-07-ays-daily-digest-06-05-2018-a-syrian-man-caught-up-in-a-racist-attack-is-fighting-for-his-life-in-a3969af7f825.md,https://scontent.flis6-1.fna.fbcdn.net/v/t15.5256-10/28774305_1911728162193465_2658185539013836800_n.jpg?_nc_cat=102&ccb=1-7&_nc_sid=776239&_nc_ohc=1KoEJsuz33QAX83R0zZ&_nc_ht=scontent.flis6-1.fna&oh=00_AfDK6FmRPPiKQ3i42X4oX2xb7rJCc6FxHzoOZxjv0g36og&oe=639A5F8D
2018-05-08-ays-daily-digest-06-05-2018-seven-of-the-moria35-face-deportation-b260ec073e5f.md,https://scontent.flis6-1.fna.fbcdn.net/v/t1.6435-9/31968201_613968978937963_545467100064382976_n.jpg?stp=dst-jpg_p75x225&_nc_cat=103&ccb=1-7&_nc_sid=0cb389&_nc_ohc=eQjSUjUcmTwAX9w_V6t&_nc_ht=scontent.flis6-1.fna&oh=00_AfB2vfgxAfhtt8Uo9hG0Sl_UxYsAC714p7l0hdY_VRgZoQ&oe=63BD6DA3
2018-05-08-ays-daily-digest-06-05-2018-seven-of-the-moria35-face-deportation-b260ec073e5f.md,https://scontent.flis6-1.fna.fbcdn.net/v/t1.6435-9/32089421_342517866271324_2870900911109046272_n.jpg?stp=dst-jpg_p173x172&_nc_cat=105&ccb=1-7&_nc_sid=0cb389&_nc_ohc=P5gF8Jtwb90AX_rNujo&_nc_ht=scontent.flis6-1.fna&oh=00_AfBB-qoXJAjSXvlRIr9GBXsrdM51VLk8GXD5AitzvpJMcg&oe=63BD5529
2018-05-08-ays-daily-digest-06-05-2018-seven-of-the-moria35-face-deportation-b260ec073e5f.md,https://scontent.flis6-1.fna.fbcdn.net/v/t1.6435-9/31958783_342609336262177_275489561826557952_n.jpg?stp=dst-jpg_s320x320&_nc_cat=106&ccb=1-7&_nc_sid=0cb389&_nc_ohc=WmPDV1nVxsUAX8aE7mA&_nc_ht=scontent.flis6-1.fna&oh=00_AfA009x2qv6-4IKXyq6X-P02vBPVIrqVpdKQjrUpsPXSxA&oe=63BD5C8E
2018-05-08-ays-daily-digest-06-05-2018-seven-of-the-moria35-face-deportation-b260ec073e5f.md,https://scontent.flis6-1.fna.fbcdn.net/v/t1.6435-9/32079851_2020547301496674_7934550362478870528_n.jpg?stp=dst-jpg_p206x206&_nc_cat=109&ccb=1-7&_nc_sid=0cb389&_nc_ohc=5qxB8DDXksIAX_5JtbG&_nc_ht=scontent.flis6-1.fna&oh=00_AfAMoW6Q3rFLAQkW6wORJwymqGfvWhbxqLtQCk0G8rWLww&oe=63BD5915
2018-05-09-ays-daily-digest-08-05-2018-concerns-for-human-traffic-victims-in-hungary-64ba2648d2e2.md,https://scontent.flis6-1.fna.fbcdn.net/v/t1.6435-9/32116253_369543766785502_3549455557184192512_n.jpg?stp=dst-jpg_p261x260&_nc_cat=103&ccb=1-7&_nc_sid=0cb389&_nc_ohc=868pG69eegMAX9mXKN9&_nc_ht=scontent.flis6-1.fna&oh=00_AfAVHMYTRTPqLqWpI4rGOpbnriBo1pJeRshWsqphCvUtZQ&oe=63BD8A51
2018-05-09-ays-daily-digest-08-05-2018-concerns-for-human-traffic-victims-in-hungary-64ba2648d2e2.md,https://scontent.flis6-1.fna.fbcdn.net/v/t1.6435-9/31957878_1996381740680221_946622444284674048_n.jpg?stp=dst-jpg_s851x315&_nc_cat=104&ccb=1-7&_nc_sid=0cb389&_nc_ohc=-tVFvEH_TYIAX8GrVlT&_nc_ht=scontent.flis6-1.fna&oh=00_AfAeF_IBaY4chdfRH8qYaXdQteM5SQVpasz5OINAzc1UnQ&oe=63BD6B63
2018-05-09-ays-daily-digest-08-05-2018-concerns-for-human-traffic-victims-in-hungary-64ba2648d2e2.md,https://scontent.flis6-1.fna.fbcdn.net/v/t1.6435-9/32169069_2379888432037283_3401562013363601408_n.png?stp=dst-png_s851x315&_nc_cat=105&ccb=1-7&_nc_sid=0cb389&_nc_ohc=NiW9LKU3tyQAX_Q2iwp&_nc_ht=scontent.flis6-1.fna&oh=00_AfD7kWkJTSK6PzrJsUV8G7ddjjtKREdf656s37Hyt5IELg&oe=63BD791D
2018-05-10-ays-daiy-digest-9-5-18-european-disunion-in-common-values-d90388b270dd.md,https://scontent.flis6-1.fna.fbcdn.net/v/t15.5256-10/29784413_10156392395977973_7120569857053032448_n.jpg?_nc_cat=102&ccb=1-7&_nc_sid=776239&_nc_ohc=QFkc0YTs8skAX_kIvzx&_nc_ht=scontent.flis6-1.fna&oh=00_AfBI_tACVFlOGwrO5ONeCeJMo0EAQ5xer9Q3Aaqvxe3XJg&oe=639AA1E6
2018-05-14-ays-daily-digest-13-05-2018-citizens-form-human-chain-in-brussels-to-protest-against-immigration-53e3e00c8aaf.md,https://scontent.flis6-1.fna.fbcdn.net/v/t15.5256-10/30857460_1037756166382449_2658030340370595840_n.jpg?_nc_cat=110&ccb=1-7&_nc_sid=776239&_nc_ohc=8eUOF2HGRgkAX9aZ8N7&_nc_ht=scontent.flis6-1.fna&oh=00_AfCdkyfnd3GhR14lKJ0jpLQb39_8g6Et604WUwKJT0wVMw&oe=639BD6E9
2018-05-14-ays-daily-digest-13-05-2018-citizens-form-human-chain-in-brussels-to-protest-against-immigration-53e3e00c8aaf.md,https://scontent.flis6-1.fna.fbcdn.net/v/t15.5256-10/28775014_10156036377720339_7273147440667033600_n.jpg?_nc_cat=105&ccb=1-7&_nc_sid=776239&_nc_ohc=nY6Pqz3QZfoAX86dUUc&_nc_ht=scontent.flis6-1.fna&oh=00_AfAL5RufOO28ppNtouv3bH86SNqRcPrz9w1adARLhU3NxA&oe=639AB3D7
2018-05-15-ays-daily-digest-14-05-18-deaths-in-the-aegean-the-eastern-mediterranean-and-palestine-fc745982529c.md,https://scontent.flis6-1.fna.fbcdn.net/v/t1.6435-9/32588508_2057454627803866_6335195942647496704_n.png?_nc_cat=101&ccb=1-7&_nc_sid=0cb389&_nc_ohc=EqDKfG1LqPoAX-kelmb&_nc_ht=scontent.flis6-1.fna&oh=00_AfDEmw1AIlzmVRNia4NDvW_OOaPx1GKp9auyJuH71gidkQ&oe=63BD5D8A
2018-05-18-ays-daily-digest-17-05-2018-fortress-europe-claims-life-of-2-year-old-girl-in-belgium-following-a-5e44cf93e565.md,https://scontent.flis6-1.fna.fbcdn.net/v/t15.5256-10/29780829_2426488584035326_7630778849030045696_n.jpg?_nc_cat=100&ccb=1-7&_nc_sid=776239&_nc_ohc=JgNEyffgti0AX_GjcY6&_nc_ht=scontent.flis6-1.fna&oh=00_AfDK6YVszksdEo0x5xWaevbLwOSiqyCG1OGEvG8as5Ll3g&oe=639AFB05
2018-05-18-ays-daily-digest-17-05-2018-fortress-europe-claims-life-of-2-year-old-girl-in-belgium-following-a-5e44cf93e565.md,https://scontent.flis6-1.fna.fbcdn.net/v/t15.5256-10/29769668_2005818403065680_5318850330719420416_n.jpg?_nc_cat=100&ccb=1-7&_nc_sid=776239&_nc_ohc=XELBlV-pR0kAX85yMna&_nc_ht=scontent.flis6-1.fna&oh=00_AfBCdRg2FNjxe3Ij9uLAfU9nUFM-VqOcqnNgc2nnfgcXxg&oe=639A805E
2018-05-24-ays-daily-digest-23-05-2018-the-many-faces-of-the-un-690e37408a52.md,https://scontent.flis6-1.fna.fbcdn.net/v/t1.6435-9/33216398_1928001227232825_6784095522014625792_n.jpg?stp=dst-jpg_p228x119&_nc_cat=104&ccb=1-7&_nc_sid=0cb389&_nc_ohc=ZJY2o4eh9OEAX-oxik7&_nc_ht=scontent.flis6-1.fna&oh=00_AfCXasKoPOVE4jp_eBCJw_OFkFoIVpYHxjMTr3HIBWttIA&oe=63BD5FE9
2018-05-24-ays-daily-digest-23-05-2018-the-many-faces-of-the-un-690e37408a52.md,https://scontent.flis6-1.fna.fbcdn.net/v/t15.5256-10/28775659_579140945791323_2022675360121880576_n.jpg?_nc_cat=104&ccb=1-7&_nc_sid=776239&_nc_ohc=T1tvj2L2cvsAX_zCBQh&_nc_ht=scontent.flis6-1.fna&oh=00_AfA1VqrGIowikBc4NvYXaCSFZPvtnWz3lYsrsbdlbRm7ZA&oe=639B7A75
2018-05-25-ays-daily-digest-24-05-2018-evacuation-in-grande-synthe-5fa33a4eafdc.md,https://scontent.flis6-1.fna.fbcdn.net/v/t15.5256-10/30858226_2147711692130914_4326040770206236672_n.jpg?_nc_cat=106&ccb=1-7&_nc_sid=776239&_nc_ohc=uEBnnC2rKUUAX8r6xJZ&_nc_ht=scontent.flis6-1.fna&oh=00_AfCh_R0o0aTPSWlwxmhK6r761Fo177y1FF_4hElUpukYug&oe=639A76B2
2018-05-25-ays-daily-digest-24-05-2018-evacuation-in-grande-synthe-5fa33a4eafdc.md,https://scontent.flis6-1.fna.fbcdn.net/v/t15.5256-10/30858428_2147613252140758_6340867691775000576_n.jpg?_nc_cat=102&ccb=1-7&_nc_sid=776239&_nc_ohc=LKV_r6BOi4QAX9aC--o&_nc_ht=scontent.flis6-1.fna&oh=00_AfCG61PZe1UKkGiQvZEvu_mVX1jkUVLZ5hsCS1538KkRtA&oe=639A27C9
2018-05-27-ays-daily-digest-26-05-2018-updates-on-the-situation-of-the-syrian-kurds-who-left-moria-272aafe46299.md,https://scontent.flis6-1.fna.fbcdn.net/v/t1.6435-9/33610984_668741506802861_5638385087109136384_n.jpg?stp=dst-jpg_p173x172&_nc_cat=100&ccb=1-7&_nc_sid=0cb389&_nc_ohc=2LzdaF5ngUYAX_9xMqA&_nc_ht=scontent.flis6-1.fna&oh=00_AfBHzLUg11D5hW-82Df3vmGuaKgC8HjP0-23WQxcUUvCfg&oe=63BD89F7
2018-05-27-ays-daily-digest-26-05-2018-updates-on-the-situation-of-the-syrian-kurds-who-left-moria-272aafe46299.md,https://scontent.flis6-1.fna.fbcdn.net/v/t1.6435-9/33599552_353453005177810_5147737828624433152_n.jpg?stp=dst-jpg_p130x130&_nc_cat=110&ccb=1-7&_nc_sid=0cb389&_nc_ohc=U1w6ACGOfmEAX9efDDg&_nc_ht=scontent.flis6-1.fna&oh=00_AfBuQ4dsRGMrcNAXj0VArZIGhabl_DiRsviz3dpC0__gMQ&oe=63BD75B2
2018-05-27-ays-daily-digest-26-05-2018-updates-on-the-situation-of-the-syrian-kurds-who-left-moria-272aafe46299.md,https://scontent.flis6-1.fna.fbcdn.net/v/t1.6435-9/33621348_1770127876380685_1942597215306383360_n.jpg?stp=dst-jpg_p206x206&_nc_cat=105&ccb=1-7&_nc_sid=0cb389&_nc_ohc=3Oy0wsfj8OAAX9-9McZ&_nc_ht=scontent.flis6-1.fna&oh=00_AfAzAGv4kSTePzWjd6MPzEXQu2n9-TvUUrK9qHq4ckddIg&oe=63BD8658
2018-05-27-ays-daily-digest-26-05-2018-updates-on-the-situation-of-the-syrian-kurds-who-left-moria-272aafe46299.md,https://scontent.flis6-1.fna.fbcdn.net/v/t1.6435-9/33714283_1932182763481338_5511696505498501120_n.jpg?stp=dst-jpg_p261x260&_nc_cat=101&ccb=1-7&_nc_sid=0cb389&_nc_ohc=cxtMzFBTZT4AX8FczMx&_nc_ht=scontent.flis6-1.fna&oh=00_AfDUrxuGgnX1STgBqcSYF4MVbqald0hRmBwYzMICZZnRqA&oe=63BD7EF7
2018-05-31-ays-daily-digest-30-05-2018-1-016-people-evicted-in-paris-38b1014204ec.md,https://scontent.flis6-1.fna.fbcdn.net/v/t15.5256-10/29771615_2036565083259795_6350929584673783808_n.jpg?_nc_cat=107&ccb=1-7&_nc_sid=776239&_nc_ohc=zJT1vk0_tRsAX9rKm7i&_nc_ht=scontent.flis6-1.fna&oh=00_AfCt1cBWOU1JZV0j-_LdbWQlwaYj2zvKwQHGLCrv6Fc5Fg&oe=639A92B1
2018-05-31-ays-daily-digest-30-05-2018-1-016-people-evicted-in-paris-38b1014204ec.md,https://scontent.flis6-1.fna.fbcdn.net/v/t15.5256-10/30857170_1943730132359769_8102398749558439936_n.jpg?_nc_cat=105&ccb=1-7&_nc_sid=776239&_nc_ohc=Iac-oS4wNTcAX-OY5cM&_nc_ht=scontent.flis6-1.fna&oh=00_AfAM5U1dCNP__oG5CilVknbSackmQwsAyCaqSoxfL03jQA&oe=639A1B45
2018-06-03-ays-daily-digest-2-6-2018-frontex-aggressively-tries-to-stop-a-vessel-off-greece-report-98bf610482c1.md,https://scontent.flis6-1.fna.fbcdn.net/v/t15.5256-10/32072128_10155871797814355_5506148988300034048_n.jpg?_nc_cat=105&ccb=1-7&_nc_sid=776239&_nc_ohc=8JjTLEN893QAX-MNQmo&_nc_ht=scontent.flis6-1.fna&oh=00_AfBTJ-ilMLrhtxyiEbC2YwEonGr-6CtkR1qoZm3sz-xMxw&oe=639BB1A0
2018-06-03-ays-daily-digest-2-6-2018-frontex-aggressively-tries-to-stop-a-vessel-off-greece-report-98bf610482c1.md,https://scontent.flis6-1.fna.fbcdn.net/v/t1.6435-9/34103730_1968774419841720_5609191945290121216_n.jpg?stp=dst-jpg_p75x225&_nc_cat=102&ccb=1-7&_nc_sid=0cb389&_nc_ohc=hbtDuR3QLLQAX9bDPcW&_nc_ht=scontent.flis6-1.fna&oh=00_AfDKjxv_-10Wb8ArBtfjvB9-41Uqmc8lQx-IC5-gyANGZg&oe=63BD8073
2018-06-04-ays-daily-digest-03-06-2018-and-dozens-more-lives-are-lost-at-sea-3c246f30f68.md,https://scontent.flis6-1.fna.fbcdn.net/v/t15.5256-10/30827749_358637034659407_8570022994766725120_n.jpg?_nc_cat=106&ccb=1-7&_nc_sid=776239&_nc_ohc=dfOOWWEoHeQAX_PYmvE&_nc_ht=scontent.flis6-1.fna&oh=00_AfC4dPe5i09E3y93wmSvwf2E_N9dZkuQtohQbaCXcSIjeQ&oe=639B07BF
2018-06-04-ays-daily-digest-03-06-2018-and-dozens-more-lives-are-lost-at-sea-3c246f30f68.md,https://scontent.flis6-1.fna.fbcdn.net/v/t15.5256-10/29781408_2044268952503775_3594005148411625472_n.jpg?stp=dst-jpg_s320x320&_nc_cat=108&ccb=1-7&_nc_sid=c12c07&_nc_ohc=FEvxAWABihoAX8tJAMf&_nc_ht=scontent.flis6-1.fna&oh=00_AfDgEujRQXMNqsyKM6VkcgdwHKrWhLXghLein6PKflj4Xg&oe=639BDB89
2018-06-06-ays-daily-digest-5-6-2018-refugees-welcome-fe2801bc4206.md,https://scontent.flis6-1.fna.fbcdn.net/v/t1.6435-9/34536800_359938764529234_3387090155419467776_n.jpg?stp=dst-jpg_s851x315&_nc_cat=106&ccb=1-7&_nc_sid=0cb389&_nc_ohc=kotzQfHSzh8AX8HMDU3&_nc_oc=AQk000IcpZ3S6mrP9pL1-FRdFQ2SU3V5_INalbOejqk4A7vdisbL5bKWgVBrLLl4sCA&_nc_ht=scontent.flis6-1.fna&oh=00_AfB857Vwd8TWWmEssbr_7teLYfqR6UPIEaLy9qCATUWkJA&oe=63BD713C
2018-06-06-ays-daily-digest-5-6-2018-refugees-welcome-fe2801bc4206.md,https://scontent.flis6-1.fna.fbcdn.net/v/t15.5256-10/29785259_10155625627500687_6103682568144551936_n.jpg?_nc_cat=107&ccb=1-7&_nc_sid=776239&_nc_ohc=7Apn8Ckq1zMAX_LlM5B&_nc_ht=scontent.flis6-1.fna&oh=00_AfBIWeto0lItEQnLkSPovJBbRNGknMyZS6PxStRP-WA9DQ&oe=639B35D9
2018-06-08-ays-daily-digest-07-06-2018-italy-closes-its-case-against-proactiva-open-arms-bf099fff554b.md,https://scontent.flis6-1.fna.fbcdn.net/v/t15.5256-10/30853087_255345061681256_6474407295978569728_n.jpg?_nc_cat=106&ccb=1-7&_nc_sid=776239&_nc_ohc=w3oe2ZpAquwAX_MB0hx&_nc_ht=scontent.flis6-1.fna&oh=00_AfCu75l2VBfNjCfwz4vFcKIJkg1mXmm6sn9PbwYaMavNeQ&oe=639B0C79
2018-06-09-ays-daily-digest-8-6-2018-the-worsening-situation-at-thiva-f9f80ce6cdf2.md,https://scontent.flis6-1.fna.fbcdn.net/v/t15.5256-10/30857840_1051374928353906_3953732883067174912_n.jpg?_nc_cat=104&ccb=1-7&_nc_sid=776239&_nc_ohc=-ohW5huXa4wAX8cQT3h&_nc_ht=scontent.flis6-1.fna&oh=00_AfCqpBP-Xgz4ON0fyjNr1RgRLUlAep36v9FNCKKMvVE29g&oe=639A93F8
2018-06-09-ays-daily-digest-8-6-2018-the-worsening-situation-at-thiva-f9f80ce6cdf2.md,https://scontent.flis6-1.fna.fbcdn.net/v/t1.6435-9/34893291_1442117882560771_6276708138867490816_n.jpg?stp=dst-jpg_p173x172&_nc_cat=109&ccb=1-7&_nc_sid=0cb389&_nc_ohc=Eu9n9Rphkg0AX95E4AE&_nc_ht=scontent.flis6-1.fna&oh=00_AfChWoEMJJNATSIkBZL1z32OdEwnBCtbijnm4wG3WIyV7Q&oe=63BD79E9
2018-06-09-ays-daily-digest-8-6-2018-the-worsening-situation-at-thiva-f9f80ce6cdf2.md,https://scontent.flis6-1.fna.fbcdn.net/v/t1.6435-9/34864858_10156099100985339_7475330088368603136_n.jpg?stp=dst-jpg_p75x225&_nc_cat=110&ccb=1-7&_nc_sid=0cb389&_nc_ohc=8YL3hsk8gZsAX-2TxLm&_nc_oc=AQnfEoIcp3Y8F6GNJlqt-pm-54UE12JkslMxcA6iU-GThAOm_YDWFFvofGktkI-Swz8&_nc_ht=scontent.flis6-1.fna&oh=00_AfBnBJUCGT05u-y4qgBuDsmiZfimcfdZ_eA8mo5aiy5gPA&oe=63BD56C9
2018-06-09-ays-daily-digest-8-6-2018-the-worsening-situation-at-thiva-f9f80ce6cdf2.md,https://scontent.flis6-1.fna.fbcdn.net/v/t1.6435-9/34859370_460277894426966_7875517415679852544_n.png?stp=dst-png_s320x320&_nc_cat=105&ccb=1-7&_nc_sid=0cb389&_nc_ohc=le0erOT3uHcAX97EgA9&_nc_oc=AQnZoXC6jJbcFbYjRuoxpmDUOLN7GIXJouEcPgJ7szDT0vY28v0pumrmNpynxY7JDls&_nc_ht=scontent.flis6-1.fna&oh=00_AfAHEjMyk9Qjb-Av3kkD7VQms4JWVtyOvg2AXROmfnRPTA&oe=63BD5BED
2018-06-13-ays-daily-news-digest-12-6-18-e93f4d761081.md,https://scontent.flis6-1.fna.fbcdn.net/v/t15.5256-10/31016914_10156823645920016_6347169757417963520_n.jpg?_nc_cat=111&ccb=1-7&_nc_sid=776239&_nc_ohc=YEXaeeCjiBIAX9uRe0J&_nc_ht=scontent.flis6-1.fna&oh=00_AfBZxXVWnCckQU4wdIGmk79LCcK-f-L9Q_PF58uj1T4h3Q&oe=639BD4D0
2018-06-13-ays-daily-news-digest-12-6-18-e93f4d761081.md,https://scontent.flis6-1.fna.fbcdn.net/v/t15.5256-10/30818204_1800336079989476_1745624577683226624_n.jpg?_nc_cat=105&ccb=1-7&_nc_sid=776239&_nc_ohc=c4F39i1XlxAAX_KyZwq&_nc_ht=scontent.flis6-1.fna&oh=00_AfC8s8zALibBEl2TYGEcVtqcNS3aOw4PGWFg9f8lLZvRKg&oe=639B4D57
2018-06-14-ays-daily-digest-13-06-2018-eus-disturbing-priorities-3539327eaa96.md,https://scontent.flis6-1.fna.fbcdn.net/v/t1.6435-9/34719487_1790058417682121_1157538658874556416_n.jpg?stp=dst-jpg_p173x172&_nc_cat=104&ccb=1-7&_nc_sid=0cb389&_nc_ohc=VADdTl8MPLkAX8gOwMf&_nc_ht=scontent.flis6-1.fna&oh=00_AfBRWdIUZl9KPwsMPYFcp7NIdj8-wV8GScBDBx4Q0XaqCQ&oe=63BD74B6
2018-06-14-ays-daily-digest-13-06-2018-eus-disturbing-priorities-3539327eaa96.md,https://scontent.flis6-1.fna.fbcdn.net/v/t1.6435-9/34862108_1930909833607468_2631987853415940096_n.jpg?stp=dst-jpg_p75x225&_nc_cat=107&ccb=1-7&_nc_sid=0cb389&_nc_ohc=cLYypIrfbD0AX-mD7OZ&_nc_ht=scontent.flis6-1.fna&oh=00_AfCvhemFxLn8TZd5dEcY0BSN2DsaJhJxE4t8cShdAr7gsg&oe=63BD822C
2018-06-14-ays-daily-digest-13-06-2018-eus-disturbing-priorities-3539327eaa96.md,https://scontent.flis6-1.fna.fbcdn.net/v/t15.5256-10/30858351_2158570814378335_8396996208568041472_n.jpg?_nc_cat=103&ccb=1-7&_nc_sid=776239&_nc_ohc=8eqdkevJU28AX84LItB&_nc_ht=scontent.flis6-1.fna&oh=00_AfA-Fphig-w_E9qL3_NP-ARbT7F0lrpBga5cyZ9Ecjyd-w&oe=639BBD1A
2018-06-16-ays-daily-digest-15-06-2018-bosnia-the-end-of-the-road-df98297b4594.md,https://scontent.flis6-1.fna.fbcdn.net/v/t15.5256-10/30850501_367131623809948_1351212224743473152_n.jpg?_nc_cat=110&ccb=1-7&_nc_sid=776239&_nc_ohc=fNdeS4ABj7cAX9H5pZc&_nc_ht=scontent.flis6-1.fna&oh=00_AfCvxg_Usljq7UWDMabrG1TLNExmlz9c0ocwTjUmuYfWdw&oe=639A2ECF
2018-06-17-ays-daily-digest-16-06-2018-protect-people-not-borders-1b8162f8c2d.md,https://scontent.flis6-1.fna.fbcdn.net/v/t1.6435-9/35415046_1990840657635096_2757584525490913280_n.png?stp=dst-png_s851x315&_nc_cat=103&ccb=1-7&_nc_sid=0cb389&_nc_ohc=hH-nZi8mT6AAX8U9d0g&_nc_ht=scontent.flis6-1.fna&oh=00_AfCYLDJkiS_2Encfstt87QzeStTaYyGA_VCmtqEfx35gMA&oe=63BD6A07
2018-06-18-ays-daily-digest-17-06-2018-provide-a-safe-port-for-rescued-people-8414ca42e7cb.md,https://scontent.flis6-1.fna.fbcdn.net/v/t15.5256-10/31714306_2130743630533202_8280634424849072128_n.jpg?_nc_cat=102&ccb=1-7&_nc_sid=776239&_nc_ohc=h5alM53RZLYAX_9udR0&_nc_ht=scontent.flis6-1.fna&oh=00_AfA8VcPS3KK7FFFmCAot0UR7A03pQWOfsooPggHi-Lyt9Q&oe=639ACDBA
2018-06-19-ays-daily-digest-children-will-always-pay-the-price-1bdc30efe126.md,https://scontent.flis6-1.fna.fbcdn.net/v/t15.5256-10/30850781_2105989656282796_2839645300224688128_n.jpg?_nc_cat=107&ccb=1-7&_nc_sid=776239&_nc_ohc=9ZklzGsbpMgAX-3P-WF&_nc_ht=scontent.flis6-1.fna&oh=00_AfA8ooLDVpF25KFMnzqAdsw_HMob6o47cKFYxFA4uLcSsg&oe=639B5338
2018-06-19-ays-daily-digest-children-will-always-pay-the-price-1bdc30efe126.md,https://scontent.flis6-1.fna.fbcdn.net/v/t15.5256-10/30852054_2162725853962831_2581127804179447808_n.jpg?_nc_cat=102&ccb=1-7&_nc_sid=776239&_nc_ohc=LDiObXnzZycAX8GtTbi&_nc_ht=scontent.flis6-1.fna&oh=00_AfCXHDPZtYfu1QIpAVpuG-xEqsWfIR2OhT27q_3W_BiTXA&oe=639A3F50
2018-06-20-ays-daily-digest-19-06-2018-the-occupants-of-paris-8-university-continue-their-struggle-2e0adc893869.md,https://scontent.flis6-1.fna.fbcdn.net/v/t15.5256-10/32980961_254485938634304_5056038567457849344_n.jpg?_nc_cat=106&ccb=1-7&_nc_sid=776239&_nc_ohc=Fjmb-EM7RpIAX826vo_&_nc_ht=scontent.flis6-1.fna&oh=00_AfDnW0c3m3xdZxgdPwif824U_yU3Yo-cemCrOy_VM-GrMQ&oe=639AF9DD
2018-06-21-ays-daily-digest-20-06-2018-the-international-day-of-hypocrisies-966c0b922c33.md,https://scontent.flis6-1.fna.fbcdn.net/v/t15.5256-10/32246576_10156003059886939_3500056230620037120_n.jpg?_nc_cat=108&ccb=1-7&_nc_sid=776239&_nc_ohc=srgbnpyrzlMAX-giVOd&_nc_ht=scontent.flis6-1.fna&oh=00_AfAnL_7aEaW3ieJ3qC4agk9U6YeqornF7zyuGb1JY0IT1Q&oe=639B3C32
2018-06-24-ays-daily-digest-23-06-2018-saving-lives-is-our-duty-7b533e74897e.md,https://scontent.flis6-1.fna.fbcdn.net/v/t1.6435-9/35925285_389560408117171_3904945920055181312_n.jpg?stp=dst-jpg_p206x206&_nc_cat=108&ccb=1-7&_nc_sid=0cb389&_nc_ohc=Nw5yaYYULLUAX_Nt6Lq&_nc_ht=scontent.flis6-1.fna&oh=00_AfD_oUhZydMudbKJYbaIw0YGDLDjWGeR9XeuYT87AsdUog&oe=63BD5ADC
2018-06-26-ays-daily-digest-25-06-2018-salvini-refutes-torture-in-libya-99a6610434b5.md,https://scontent.flis6-1.fna.fbcdn.net/v/t15.5256-10/32757571_523117961419826_351946426441269248_n.jpg?_nc_cat=100&ccb=1-7&_nc_sid=776239&_nc_ohc=1phJJ81e600AX_huQni&_nc_ht=scontent.flis6-1.fna&oh=00_AfDmhpCJkEjXugm3RYUxfyjqJl6loMo3OI2aLk6-DG70lQ&oe=639B26ED
2018-06-29-ays-daily-digest-28-06-2018-is-this-the-europe-that-we-want-9423bb214dfe.md,https://scontent.flis6-1.fna.fbcdn.net/v/t1.6435-9/36322774_1945081655522676_1947382839666278400_n.jpg?stp=dst-jpg_p75x225&_nc_cat=109&ccb=1-7&_nc_sid=0cb389&_nc_ohc=bkgNZwL4BV0AX__LLh7&_nc_ht=scontent.flis6-1.fna&oh=00_AfDOuQtBYAkkHZRpa3uA9gCoPkKq7NqVLdlvoEH-OyYPrQ&oe=63BD6CE5
2018-06-29-ays-daily-digest-28-06-2018-is-this-the-europe-that-we-want-9423bb214dfe.md,https://scontent.flis6-1.fna.fbcdn.net/v/t15.5256-10/34092165_380241059165671_7278836137735487488_n.jpg?_nc_cat=106&ccb=1-7&_nc_sid=776239&_nc_ohc=HTIl_ZnDnJQAX-j3RlK&_nc_ht=scontent.flis6-1.fna&oh=00_AfABBYrrAJbBblIy74vesPiNqqcr3MALzO3eLDuTjjNAwA&oe=639B0A8A
2018-06-29-ays-daily-digest-28-06-2018-is-this-the-europe-that-we-want-9423bb214dfe.md,https://scontent.flis6-1.fna.fbcdn.net/v/t1.6435-9/36345293_380064382516672_3888843808489603072_n.jpg?stp=dst-jpg_p173x172&_nc_cat=110&ccb=1-7&_nc_sid=0cb389&_nc_ohc=AgvHeo5L4YQAX__eY6g&_nc_ht=scontent.flis6-1.fna&oh=00_AfA8of_vRS_HYoraxlEWB6DdO952bocG5LSEZyP_OWbebA&oe=63BD7837
2018-06-29-ays-daily-digest-28-06-2018-is-this-the-europe-that-we-want-9423bb214dfe.md,https://scontent.flis6-1.fna.fbcdn.net/v/t15.5256-10/32598984_2172986229603460_6480784613743525888_n.jpg?_nc_cat=108&ccb=1-7&_nc_sid=776239&_nc_ohc=76h24DrOsqQAX8KEOlW&_nc_ht=scontent.flis6-1.fna&oh=00_AfDoDWZ4HoV2RrJQvsIl0gII-03GohLsw-wsEGtNzDlcxw&oe=639A02AB
2018-07-01-ays-daily-digest-30-06-2018-welcome-to-europe-terms-and-conditions-may-apply-de0245008a02.md,https://scontent.flis6-1.fna.fbcdn.net/v/t15.5256-10/34650491_2100133030267818_5112274524179529728_n.jpg?_nc_cat=104&ccb=1-7&_nc_sid=776239&_nc_ohc=_KpNOwJ1jvsAX8sBmMO&_nc_ht=scontent.flis6-1.fna&oh=00_AfBu43t6tR6XKnEfFnNrMcvS3GxxZpahOby6fm-jlre_9Q&oe=639A50F2
2018-07-02-ays-daily-digest-1-7-2018-norway-deports-a-journalist-to-kabul-he-comes-back-only-to-be-beaten-by-df6044c2eee8.md,https://scontent.flis6-1.fna.fbcdn.net/v/t15.5256-10/32430718_1950250125005829_2534780494260731904_n.jpg?_nc_cat=101&ccb=1-7&_nc_sid=776239&_nc_ohc=0-gcRaTMyMQAX_6OQiE&_nc_ht=scontent.flis6-1.fna&oh=00_AfDu0UB6mFX8UurFVogyW9wmeu9qxH9gwyhCGE4twDeMmA&oe=639BD376
2018-07-05-daily-digest-4-7-2018-no-ngo-left-in-the-mediterranean-1fdf662681b5.md,https://scontent.flis6-1.fna.fbcdn.net/v/t1.6435-9/36696371_1984268628272751_5484006920060665856_n.jpg?stp=dst-jpg_s320x320&_nc_cat=101&ccb=1-7&_nc_sid=0cb389&_nc_ohc=0jwTrLISByMAX_YLwlw&_nc_ht=scontent.flis6-1.fna&oh=00_AfAUabKn4IO26qsbmE8Rm-ZVFLcSsqVgP74NpuGN48BiQg&oe=63BD74D8
2018-07-07-ays-daily-digest-6-07-2018-solidarity-is-not-a-crime-b22bf179695a.md,https://scontent.flis6-1.fna.fbcdn.net/v/t1.6435-9/36639100_646596139045906_7088836624330522624_n.png?stp=dst-png_p228x119&_nc_cat=103&ccb=1-7&_nc_sid=0cb389&_nc_ohc=IQeOTJpANLQAX_5sigw&_nc_oc=AQmXF5o6bsJ7F26i5SqwzQ3VfP1hDvhcHVmOpCGW8JB4bRWGm1SZySCuQwBPAJnjEts&_nc_ht=scontent.flis6-1.fna&oh=00_AfDH8yc83K7xgsJXQRcu-P4Y1mhSt1Jvnkj7Aa57AynlAw&oe=63BD80AB
2018-07-08-ays-daily-digest-07-07-2018-human-life-is-inviolable-art-1-of-the-eu-charter-5654dd033db7.md,https://scontent.flis6-1.fna.fbcdn.net/v/t1.6435-9/36629597_1480222492083643_4321654556330033152_n.jpg?stp=dst-jpg_p75x225&_nc_cat=110&ccb=1-7&_nc_sid=0cb389&_nc_ohc=unbpylW72p8AX_RkMJI&_nc_ht=scontent.flis6-1.fna&oh=00_AfDyMZvVq2nZ2CqM8om_fJviE2Tg0i33GQfQlu4u1bezag&oe=63BD5543
2018-07-08-ays-daily-digest-07-07-2018-human-life-is-inviolable-art-1-of-the-eu-charter-5654dd033db7.md,https://scontent.flis6-1.fna.fbcdn.net/v/t15.5256-10/36032512_1035235873321355_2730380322897133568_n.jpg?_nc_cat=102&ccb=1-7&_nc_sid=776239&_nc_ohc=Gh-oEdo9rqIAX9mCSp4&_nc_ht=scontent.flis6-1.fna&oh=00_AfB9hO0hIVV5WXqjfdy57XWeFFpb-1tx2xhHOq7lx3zS3A&oe=639AE63E
2018-07-08-ays-daily-digest-07-07-2018-human-life-is-inviolable-art-1-of-the-eu-charter-5654dd033db7.md,https://scontent.flis6-1.fna.fbcdn.net/v/t1.6435-9/36833990_2184013535203518_4695782298421821440_n.jpg?stp=dst-jpg_s851x315&_nc_cat=110&ccb=1-7&_nc_sid=0cb389&_nc_ohc=P5f_dqSNPqkAX9nJMGm&_nc_ht=scontent.flis6-1.fna&oh=00_AfAOxm4qX1WFEeiZLTan4SVx4f7R5szugxI8bC9FCW12dw&oe=63BD59A3
2018-07-08-ays-daily-digest-07-07-2018-human-life-is-inviolable-art-1-of-the-eu-charter-5654dd033db7.md,https://scontent.flis6-1.fna.fbcdn.net/v/t15.5256-10/30827784_2181951648706918_1648168441137332224_n.jpg?_nc_cat=100&ccb=1-7&_nc_sid=776239&_nc_ohc=Jvab_u1hD3cAX8CgxEI&_nc_ht=scontent.flis6-1.fna&oh=00_AfD9XnDWIzkGdmzwgo7uTZKXFlyVAjDrHrDuSfr8KZRMgw&oe=639B5506
2018-07-08-ays-daily-digest-07-07-2018-human-life-is-inviolable-art-1-of-the-eu-charter-5654dd033db7.md,https://scontent.flis6-1.fna.fbcdn.net/v/t15.5256-10/34316275_645960892431254_9158471872671645696_n.jpg?_nc_cat=111&ccb=1-7&_nc_sid=776239&_nc_ohc=2xdfPOynoboAX9NdfbS&_nc_ht=scontent.flis6-1.fna&oh=00_AfAJbLyU_QxtSvKJdyrdx-sI930PMmGojecCjQzu3ZZktQ&oe=639B872A
2018-07-09-ays-daily-digest-8-7-2018-morocco-a-dangerous-precedent-bc43bab13265.md,https://scontent.flis6-1.fna.fbcdn.net/v/t15.5256-10/34902601_1480908908681668_4125225906379685888_n.jpg?_nc_cat=108&ccb=1-7&_nc_sid=776239&_nc_ohc=s3paXyFcqOcAX9VFnra&_nc_ht=scontent.flis6-1.fna&oh=00_AfDRrJiekhh0f-F-8MfuOK_bv9xJmibax2BHMFbgZ17azA&oe=639B3FC9
2018-07-09-ays-daily-digest-8-7-2018-morocco-a-dangerous-precedent-bc43bab13265.md,https://scontent.flis6-1.fna.fbcdn.net/v/t15.5256-10/34157881_389706008219176_3750976822871851008_n.jpg?_nc_cat=111&ccb=1-7&_nc_sid=776239&_nc_ohc=7kMEwUJoYFgAX-fK7dM&_nc_ht=scontent.flis6-1.fna&oh=00_AfDDu31hXvN7dUG1Q7HM-J9NnUE8fc_vr8KTiCcnnViHWQ&oe=639AF441
2018-07-09-ays-daily-digest-8-7-2018-morocco-a-dangerous-precedent-bc43bab13265.md,https://scontent.flis6-1.fna.fbcdn.net/v/t1.6435-9/36885934_786398661565747_7355757666272018432_n.jpg?stp=dst-jpg_p75x225&_nc_cat=111&ccb=1-7&_nc_sid=0cb389&_nc_ohc=gSID2FGbPkgAX-Wq0Cm&_nc_ht=scontent.flis6-1.fna&oh=00_AfDNHbUE59o0kfzRW32XnSiZii7BuZVxiAvKqLcr-8u6zg&oe=63BD67BE
2018-07-09-ays-daily-digest-8-7-2018-morocco-a-dangerous-precedent-bc43bab13265.md,https://scontent.flis6-1.fna.fbcdn.net/v/t15.5256-10/32443193_647116038982406_8804069996247384064_n.jpg?_nc_cat=108&ccb=1-7&_nc_sid=776239&_nc_ohc=T811YUBWH3IAX8T_JhN&_nc_ht=scontent.flis6-1.fna&oh=00_AfCQesCVpISg6H-Y5B0rrY-0giGt8IgW59VvD_fYba5j5g&oe=639B7977
2018-07-09-ays-daily-digest-8-7-2018-morocco-a-dangerous-precedent-bc43bab13265.md,https://scontent.flis6-1.fna.fbcdn.net/v/t1.6435-9/36794331_852783268246873_2456636622326726656_n.jpg?stp=dst-jpg_s320x320&_nc_cat=104&ccb=1-7&_nc_sid=0cb389&_nc_ohc=taMTbzveUhcAX_dA4Dl&_nc_ht=scontent.flis6-1.fna&oh=00_AfAOi2u6077Y9Sy9Onjgbv9z1dBwyivGWKT4rCwS2fnimQ&oe=63BD8608
2018-07-11-ays-daily-digest-10-07-2018-more-and-more-violence-in-lesvos-left-8-people-injured-and-one-c5e7b27d7c77.md,https://scontent.flis6-1.fna.fbcdn.net/v/t15.5256-10/35034250_2124673551141398_8071061237942714368_n.jpg?_nc_cat=104&ccb=1-7&_nc_sid=776239&_nc_ohc=3IFG7bomr_4AX8o3m3w&_nc_ht=scontent.flis6-1.fna&oh=00_AfBWsqoCUU6sCW_m_eUmwQzDD6eMHj_tONuRmtvk3QXZng&oe=639A501C
2018-07-12-ays-daily-digest-11-07-2018-world-champions-in-letting-people-drown-90950ad45a3c.md,https://scontent.flis6-1.fna.fbcdn.net/v/t15.5256-10/34900112_2184921281743288_5232203407086845952_n.jpg?_nc_cat=108&ccb=1-7&_nc_sid=776239&_nc_ohc=XpOWzPSkoN0AX_asf6e&_nc_ht=scontent.flis6-1.fna&oh=00_AfCCCDQrUmPNKy9vSXjEYoahZ8cveGJDRjq08w3vaN9RBg&oe=639BA40C
2018-07-13-daily-digest-13-7-2018-european-failure-in-numbers-97f6194f80cf.md,https://scontent.flis6-1.fna.fbcdn.net/v/t15.5256-10/35998233_394131461109964_2686489699911991296_n.jpg?_nc_cat=111&ccb=1-7&_nc_sid=776239&_nc_ohc=XNf9oK7FzEsAX8dBAdI&_nc_ht=scontent.flis6-1.fna&oh=00_AfDY6Y4Z2zgT5zaghl4YEDIBmPhQsO2ziEy6y5XCV9HQ7A&oe=639B7C65
2018-07-15-ays-daily-digest-14-7-18-the-silent-majority-rises-while-europe-plans-another-anti-people-project-2e8613ffb39e.md,https://scontent.flis6-1.fna.fbcdn.net/v/t15.5256-10/36015496_1907419252630036_8311960194024210432_n.jpg?_nc_cat=110&ccb=1-7&_nc_sid=776239&_nc_ohc=NCsj_q5FqMAAX8g0b_l&_nc_ht=scontent.flis6-1.fna&oh=00_AfD7KCSUc9mKgvotLtTKX_PkuDP9H8bisX5FjyHZ9PlE8g&oe=639B1D3E
2018-07-17-ays-daily-digest-16-7-2018-six-children-suffocated-while-dreaming-to-reach-europe-38e2e1ec9d40.md,https://scontent.flis6-1.fna.fbcdn.net/v/t15.5256-10/34769109_10218009444454183_4169931181581664256_n.jpg?_nc_cat=102&ccb=1-7&_nc_sid=776239&_nc_ohc=pwmHMlVovJMAX_eUHc-&_nc_ht=scontent.flis6-1.fna&oh=00_AfDgA2x-77mDPk6bYUx8yVHi3TuR-pkrdhkAa-qsEDlx-Q&oe=639A94C3
2018-07-17-ays-daily-digest-16-7-2018-six-children-suffocated-while-dreaming-to-reach-europe-38e2e1ec9d40.md,https://scontent.flis6-1.fna.fbcdn.net/v/t15.5256-10/35454729_2081073222156681_4241971578570539008_n.jpg?_nc_cat=108&ccb=1-7&_nc_sid=776239&_nc_ohc=-QWlFCOvrN0AX-h2ROk&_nc_ht=scontent.flis6-1.fna&oh=00_AfCe_z7TdAh4ccwRbBMkN_o2mLSBYXPmU0JQk9xMV5BoqQ&oe=639A0D3C
2018-07-19-ays-daily-digest-18-7-2018-turkey-stops-registering-newly-arriving-syrians-eaeb63744d16.md,https://scontent.flis6-1.fna.fbcdn.net/v/t15.5256-10/34682321_398810690642041_6980635231229313024_n.jpg?_nc_cat=103&ccb=1-7&_nc_sid=776239&_nc_ohc=57LyETD6nVsAX8oy-9a&_nc_ht=scontent.flis6-1.fna&oh=00_AfApAbhfXFp191Qk4vZXaQATnKy2ckg6rM_Zw2lyUxcmNQ&oe=639BE2BB
2018-07-19-ays-daily-digest-18-7-2018-turkey-stops-registering-newly-arriving-syrians-eaeb63744d16.md,https://scontent.flis6-1.fna.fbcdn.net/v/t1.6435-9/37419712_638196269890248_8655777411310288896_n.jpg?stp=dst-jpg_p280x280&_nc_cat=100&ccb=1-7&_nc_sid=0cb389&_nc_ohc=hw2iM0Mrjg8AX8NtBp3&_nc_ht=scontent.flis6-1.fna&oh=00_AfCR5qys6L3ICW7ZYLVaeWQgRWB8FPwf1yE_rG6LaAqXIQ&oe=63BD7620
2018-07-21-ays-daily-digest-20-07-2018-bodies-of-woman-and-child-abandoned-at-sea-by-libyan-coast-guard-to-be-7268f4c84d27.md,https://scontent.flis6-1.fna.fbcdn.net/v/t15.5256-10/36083607_401053000417810_3155350328765841408_n.jpg?_nc_cat=102&ccb=1-7&_nc_sid=776239&_nc_ohc=KeJBtX1wEKAAX-by-Gk&_nc_ht=scontent.flis6-1.fna&oh=00_AfCBaLZhigIroXLGZfLVhxInYilErEm0q4w7DC8sySlf7A&oe=639B789B
2018-07-21-ays-daily-digest-20-07-2018-bodies-of-woman-and-child-abandoned-at-sea-by-libyan-coast-guard-to-be-7268f4c84d27.md,https://scontent.flis6-1.fna.fbcdn.net/v/t15.5256-10/34998626_10156358890838886_4693048096471384064_n.jpg?_nc_cat=109&ccb=1-7&_nc_sid=776239&_nc_ohc=juYNZPIwfW8AX_Tmyjq&_nc_oc=AQn3ZSc6_yqWQ7Mhtju2I6UyF6IYTEtc7dY53SITzvOrZDY2rL12vnQuB9WuPJQJZlg&_nc_ht=scontent.flis6-1.fna&oh=00_AfAbZmBFaLJ9q6oWE_NGmjDfMwy03vJdhkBSN_rk9cXYpA&oe=639AD49B
2018-07-24-ays-daily-digest-23-7-2017-number-of-asylum-seekers-in-bulgaria-drastically-decreased-c5233bb625cb.md,https://scontent.flis6-1.fna.fbcdn.net/v/t15.5256-10/35871460_10155723963181274_8812942380773670912_n.jpg?_nc_cat=111&ccb=1-7&_nc_sid=776239&_nc_ohc=n1lXia7FcFMAX-aGciR&_nc_ht=scontent.flis6-1.fna&oh=00_AfDD-ZJ1TRgN5Eh5PhH_qt3XKT1b5Kcr7KivqkctxXA02w&oe=639B642C
2018-07-25-ays-daily-digest-24-07-18-wildfires-and-solidarity-in-greece-235e72458d2a.md,https://scontent.flis6-1.fna.fbcdn.net/v/t15.5256-10/32443358_405178050005305_1817152821296889856_n.jpg?_nc_cat=102&ccb=1-7&_nc_sid=776239&_nc_ohc=vSDgEXpnsYkAX_pmSvX&_nc_ht=scontent.flis6-1.fna&oh=00_AfD75lRV2oL5QzJ4PZdF7VXspyGySoWNJ71GKD_7RXyKHA&oe=639B7549
2018-07-29-ays-daily-digest-28-07-2018-1504-deaths-at-sea-in-2018-more-than-half-died-in-last-2-months-2f7bb8f3da3e.md,https://scontent.flis6-1.fna.fbcdn.net/v/t15.5256-10/35753080_1510734445699114_1922492434739101696_n.jpg?_nc_cat=108&ccb=1-7&_nc_sid=776239&_nc_ohc=tKjZja-zZkYAX8x8yPT&_nc_ht=scontent.flis6-1.fna&oh=00_AfDXRB8yhh2obxhs-4bTMw0doGuUlIbA6dmWe4YKi1ZVRQ&oe=639BBFBC
2018-07-29-ays-daily-digest-28-07-2018-1504-deaths-at-sea-in-2018-more-than-half-died-in-last-2-months-2f7bb8f3da3e.md,https://scontent.flis6-1.fna.fbcdn.net/v/t15.5256-10/35764459_1877814875617116_7878907910107955200_n.jpg?_nc_cat=107&ccb=1-7&_nc_sid=776239&_nc_ohc=UP21cLXr-gUAX_TWAmY&_nc_ht=scontent.flis6-1.fna&oh=00_AfAqZfZQVp3a7k5oY288wkQ9dGj2JndJkkb2HWMGMRACdQ&oe=639B8CD8
2018-07-31-ays-daily-digest-30-07-18-children-are-victims-of-slavery-in-italy-6f66955852ad.md,https://scontent.flis6-1.fna.fbcdn.net/v/t1.6435-9/38122990_411104842745959_6127355066375471104_n.jpg?stp=dst-jpg_p130x130&_nc_cat=111&ccb=1-7&_nc_sid=0cb389&_nc_ohc=0kEIJlvaVTUAX8L3hik&_nc_ht=scontent.flis6-1.fna&oh=00_AfDeJ-85sgKPr1tyPhlzty1IdFuJDzQ-nUiJGIwZuEOO2A&oe=63BD5A2D
2018-08-05-ays-special-from-iraq-four-years-after-genocide-against-jazidis-e0c1173463dd.md,https://scontent.flis6-1.fna.fbcdn.net/v/t15.5256-10/35996447_1028154034006600_8886653073364090880_n.jpg?_nc_cat=100&ccb=1-7&_nc_sid=776239&_nc_ohc=_2hpsVYPPSsAX_5cd0T&_nc_ht=scontent.flis6-1.fna&oh=00_AfC3ewK-oO7t6QC_HCb0cZvRHOrvuPZGi380WD7CKCGk0Q&oe=639BD92A
2018-08-07-ays-daily-digest-06-08-2018-afghan-deportations-in-germany-what-you-need-to-know-c006f3b20843.md,https://scontent.flis6-1.fna.fbcdn.net/v/t1.6435-9/38511986_883714771820389_7293941426046369792_n.png?stp=dst-png_p75x225&_nc_cat=101&ccb=1-7&_nc_sid=0cb389&_nc_ohc=LcQDjWGOalsAX_5EYKV&_nc_ht=scontent.flis6-1.fna&oh=00_AfCbk7iZo92TuzAPAM1x6Hv6l-X2sFRBfkwTPMGKyZKDkA&oe=63BD5836
2018-08-08-ays-daily-digest-07-08-2018-this-is-not-a-welcome-europe-but-it-could-be-210a1675b041.md,https://scontent.flis6-1.fna.fbcdn.net/v/t1.6435-9/38600867_418735061982937_53653358526857216_n.jpg?stp=dst-jpg_p173x172&_nc_cat=107&ccb=1-7&_nc_sid=0cb389&_nc_ohc=7wp1upeHUYwAX92MrDC&_nc_ht=scontent.flis6-1.fna&oh=00_AfAYRyO8_q7N18ZOwj0G83piMIqaJwy5848bYcX9HMv0cw&oe=63BD54F2
2018-08-08-ays-daily-digest-07-08-2018-this-is-not-a-welcome-europe-but-it-could-be-210a1675b041.md,https://scontent.flis6-1.fna.fbcdn.net/v/t15.5256-10/35997718_2183965451849125_3942921114648313856_n.jpg?_nc_cat=110&ccb=1-7&_nc_sid=776239&_nc_ohc=EOwsScU3hrAAX-1FxmO&_nc_ht=scontent.flis6-1.fna&oh=00_AfBqVV6OJKECB4MFxZsxw4iFaMXzbPr1XAEOuuSuApZxOw&oe=639AAFEE
2018-08-11-ays-daily-digest-10-8-18-more-distress-in-the-sea-sar-teams-need-support-c466c1c153a6.md,https://scontent.flis6-1.fna.fbcdn.net/v/t15.5256-10/37968249_2218034975098585_4687322449799282688_n.jpg?_nc_cat=104&ccb=1-7&_nc_sid=776239&_nc_ohc=7_Hubmzwe-QAX8NcG4Z&_nc_ht=scontent.flis6-1.fna&oh=00_AfDNY2FWbX_u0Sd687vG1RpGTKk48_A8RTDQPpHMsPPrng&oe=639A7A37
2018-08-11-ays-daily-digest-10-8-18-more-distress-in-the-sea-sar-teams-need-support-c466c1c153a6.md,https://scontent.flis6-1.fna.fbcdn.net/v/t15.5256-10/37250016_869357036583360_431695718495813632_n.jpg?_nc_cat=104&ccb=1-7&_nc_sid=776239&_nc_ohc=FLwvsVZjzhIAX_edWWb&_nc_ht=scontent.flis6-1.fna&oh=00_AfCsr7NgA2wsy9hs3U2ZLezh0g-vvXVy3CDoAnEWy7gU6w&oe=639AEC26
2018-08-15-ays-daily-digest-14-8-2018-police-continues-to-harass-refugees-in-france-5d3b0c001d62.md,https://scontent.flis6-1.fna.fbcdn.net/v/t15.5256-10/38042749_309737922906800_6260753473529184256_n.jpg?_nc_cat=100&ccb=1-7&_nc_sid=776239&_nc_ohc=9vvf9dJ0FNAAX_UX8ww&_nc_ht=scontent.flis6-1.fna&oh=00_AfBylPzi4eoRbfTV791lXXs-vd3SWP_CAYG30ip7oRhaeg&oe=639BD871
2018-08-18-ays-daily-digest-17-08-2018-asylum-seekers-with-inadmissibility-claims-denied-food-in-hungarian-85df8a72ee7b.md,https://scontent.flis6-1.fna.fbcdn.net/v/t15.5256-10/37622328_684543011910908_4487707763043991552_n.jpg?_nc_cat=111&ccb=1-7&_nc_sid=776239&_nc_ohc=2V8C_aG173UAX9X5Jd7&_nc_oc=AQktBCKjNuAutBCO3HDWjmcCe_NtQVVMPxV6miHF9KuazlCc-ke3dz03A-UD1EuH6_k&_nc_ht=scontent.flis6-1.fna&oh=00_AfCwj3WmXsgkIEKGUR4Igo4TT2V1M9QrUQIDOqZ5GemunQ&oe=639AD570
2018-08-20-ays-weekend-digest-18-19-08-18-ays-volunteers-bullied-by-police-in-sarajevo-b0097f0438b8.md,https://scontent.flis6-1.fna.fbcdn.net/v/t15.5256-10/38620084_660929167622652_4623165774519861248_n.jpg?_nc_cat=101&ccb=1-7&_nc_sid=776239&_nc_ohc=otmNJVWJv64AX9GRaTW&_nc_ht=scontent.flis6-1.fna&oh=00_AfA-XToAUv8JLSfb-UPsVgToVFQ4gXrrq1BV8518c5QM7g&oe=639BA451
2018-08-27-ays-weekend-digest-25-26-08-2018-177-people-from-the-ship-diciotti-finally-free-cafedcdc715d.md,https://scontent.flis6-1.fna.fbcdn.net/v/t15.5256-10/38951898_587732428307880_128088745244098560_n.jpg?_nc_cat=111&ccb=1-7&_nc_sid=776239&_nc_ohc=yzsCtVEPomgAX9PStUN&_nc_ht=scontent.flis6-1.fna&oh=00_AfAp1t998bVmXLQEZJRH9sORp274M5qcWdYSVq53x-eo2w&oe=639A5573
2018-08-27-ays-weekend-digest-25-26-08-2018-177-people-from-the-ship-diciotti-finally-free-cafedcdc715d.md,https://scontent.flis6-1.fna.fbcdn.net/v/t15.5256-10/38958885_686969441664957_4814342628654972928_n.jpg?_nc_cat=111&ccb=1-7&_nc_sid=776239&_nc_ohc=KcaUsdDI91YAX_Q5zQ3&_nc_ht=scontent.flis6-1.fna&oh=00_AfAX-Xcme6nFaPGYGBBjZ5iv8CT0UXHSaAPKa8jWsxpwsA&oe=639B529C
2018-08-31-ays-daily-digest-30-8-2018-reception-centre-in-messina-sicily-denounced-for-irregularities-40ea8fd8ff03.md,https://scontent.flis6-1.fna.fbcdn.net/v/t1.6435-9/40385357_439490246574085_3060498110632427520_n.jpg?stp=dst-jpg_p130x130&_nc_cat=106&ccb=1-7&_nc_sid=0cb389&_nc_ohc=YkAdJccqbUkAX9JZKAK&_nc_ht=scontent.flis6-1.fna&oh=00_AfCWdKBxjhnHSW0ZcJtQzflsqKabIFgo3kzj5mdjWQ2hRg&oe=63BD86CA
2018-08-31-ays-daily-digest-30-8-2018-reception-centre-in-messina-sicily-denounced-for-irregularities-40ea8fd8ff03.md,https://scontent.flis6-1.fna.fbcdn.net/v/t1.6435-9/40371602_2306546932707045_1283504809806135296_n.png?stp=dst-png_p235x165&_nc_cat=107&ccb=1-7&_nc_sid=0cb389&_nc_ohc=SvoKU43NIFQAX9hp6p_&_nc_ht=scontent.flis6-1.fna&oh=00_AfBvF3k9RIEUX_kppo7ZoOFhtIb1j6N3N-Bs0UPU_YU6zA&oe=63BD5A4C
2018-09-03-ays-weekend-digest-1-2-8-18-new-arrivals-changing-issues-and-more-need-for-help-18710e3a1865.md,https://scontent.flis6-1.fna.fbcdn.net/v/t15.5256-10/38972679_2304208589595287_7556205800021032960_n.jpg?_nc_cat=110&ccb=1-7&_nc_sid=776239&_nc_ohc=bZ6icDiZZmQAX-u09AG&_nc_ht=scontent.flis6-1.fna&oh=00_AfCZJlydThTAtPcy70mkZmPoxvFzTTWxVeMRVEoQjchXOg&oe=639B86D8
2018-09-03-ays-weekend-digest-1-2-8-18-new-arrivals-changing-issues-and-more-need-for-help-18710e3a1865.md,https://scontent.flis6-1.fna.fbcdn.net/v/t15.5256-10/38817893_499510707184612_2566994110485364736_n.jpg?_nc_cat=101&ccb=1-7&_nc_sid=776239&_nc_ohc=NWvDhTj2YGcAX_9trbg&_nc_ht=scontent.flis6-1.fna&oh=00_AfDm4P6GbUXaHPjCOBdXwKQ3SQj5RYybh9rJyibtGffyqQ&oe=639A9D73
2018-09-05-ays-daily-digest-4-9-2018-libya-is-not-a-safe-country-to-disembark-anyone-rescued-at-sea-the-un-dcd0eb3058dd.md,https://scontent.flis6-1.fna.fbcdn.net/v/t15.5256-10/38972273_246768849371467_7074463305821061120_n.jpg?_nc_cat=109&ccb=1-7&_nc_sid=776239&_nc_ohc=c6vru3Lpw08AX-JilWp&_nc_ht=scontent.flis6-1.fna&oh=00_AfCPkr5YrcUe5DwctPFhhlpf5Hwo55Hh3lMCcihel-lKmw&oe=639A9303
2018-09-06-ays-daily-digest-5-9-2018-the-dunkirk-jungle-is-about-to-be-cleared-ae50c46035e6.md,https://scontent.flis6-1.fna.fbcdn.net/v/t1.6435-9/40840113_2212853098988921_364478307787341824_n.jpg?stp=dst-jpg_p75x225&_nc_cat=108&ccb=1-7&_nc_sid=0cb389&_nc_ohc=9xN9YQrLG74AX_5PQEL&_nc_ht=scontent.flis6-1.fna&oh=00_AfDIvfIR6Ju6kbmKq_IC5nsPJOn0y4iTScUjOIj0_K12fg&oe=63BD6D6D
2018-09-06-ays-daily-digest-5-9-2018-the-dunkirk-jungle-is-about-to-be-cleared-ae50c46035e6.md,https://miro.medium.com/max/1200/1*njvCWTM9ve6Czd4yeAz77A.jpeg
2018-09-06-ays-daily-digest-5-9-2018-the-dunkirk-jungle-is-about-to-be-cleared-ae50c46035e6.md,https://scontent.flis6-1.fna.fbcdn.net/v/t1.6435-9/40771213_441989496324160_6740361575141474304_n.jpg?stp=dst-jpg_s851x315&_nc_cat=111&ccb=1-7&_nc_sid=0cb389&_nc_ohc=ZhBC0uP1EmMAX9TL7s9&_nc_ht=scontent.flis6-1.fna&oh=00_AfAAc14QftlzAz_F1PSjBdg1dcQMVuBA4MSNh2MvZrZw3Q&oe=63BD596D
2018-09-06-ays-daily-digest-5-9-2018-the-dunkirk-jungle-is-about-to-be-cleared-ae50c46035e6.md,https://scontent.flis6-1.fna.fbcdn.net/v/t1.6435-9/40784058_2212287059045525_4175830456601673728_n.jpg?stp=dst-jpg_p173x172&_nc_cat=102&ccb=1-7&_nc_sid=0cb389&_nc_ohc=m1aAPsksoeMAX87m-DQ&_nc_ht=scontent.flis6-1.fna&oh=00_AfCungUFuuPQJh5jNcpJgY3MQPG1VEPh0Wzdv1hp4j6Kwg&oe=63BD677D
2018-09-08-ays-daily-digest-07-09-2018-detainees-from-the-ship-diciotti-again-persecuted-324281bb96fe.md,https://scontent.flis6-1.fna.fbcdn.net/v/t15.5256-10/38669229_242716716444376_823406210588868608_n.jpg?stp=dst-jpg_s320x320&_nc_cat=110&ccb=1-7&_nc_sid=c12c07&_nc_ohc=eLrkRDcrFCAAX9E5Nsv&_nc_ht=scontent.flis6-1.fna&oh=00_AfBOvv6meoBHtu2_fqJl-Cx0mdMA_0uYlgGk_n9NwKQoBw&oe=639A2784
2018-09-13-ays-daily-digest-12-09-18-a-reinforced-eu-agency-for-asylum-60784a87cbfd.md,https://scontent.flis6-1.fna.fbcdn.net/v/t1.6435-9/41589648_445025432687233_7717500642532524032_n.jpg?stp=dst-jpg_p173x172&_nc_cat=106&ccb=1-7&_nc_sid=0cb389&_nc_ohc=jPQiJl-tVKoAX9sgWqM&_nc_ht=scontent.flis6-1.fna&oh=00_AfCRb-daa7oi0ZMOxsHh1fJCHRjCzCPy1mnvuC3GwG0o_Q&oe=63BD6004
2018-09-14-ays-daily-digest-13-9-2018-dire-living-conditions-for-migrants-in-brussels-f8a254f336db.md,https://scontent.flis6-1.fna.fbcdn.net/v/t1.6435-9/41669282_935766693293810_6450601365998665728_n.jpg?stp=dst-jpg_p173x172&_nc_cat=101&ccb=1-7&_nc_sid=0cb389&_nc_ohc=PPFEjGi3ivMAX9NEJSW&_nc_ht=scontent.flis6-1.fna&oh=00_AfASpnX2dJTSg-BU4tCIbRJ7b2jiM7-56KYQm9VesL7OxA&oe=63BD7FE5
2018-09-14-ays-special-from-northern-france-odyssee-of-evictions-9915de526389.md,https://scontent.flis6-1.fna.fbcdn.net/v/t15.5256-10/38961655_10160966641670551_1858536690914689024_n.jpg?_nc_cat=108&ccb=1-7&_nc_sid=776239&_nc_ohc=RiediExXYnAAX8XSJec&_nc_ht=scontent.flis6-1.fna&oh=00_AfAvz9et0O0zMALDR6mqXwVLilApn-oPKouC5feQ-Ws0gw&oe=639AEA9B
2018-09-14-ays-special-from-northern-france-odyssee-of-evictions-9915de526389.md,https://scontent.flis6-1.fna.fbcdn.net/v/t15.5256-10/38676055_1384197848379159_1798652610446622720_n.jpg?_nc_cat=100&ccb=1-7&_nc_sid=776239&_nc_ohc=DJixR_kEU08AX8TUtNU&_nc_ht=scontent.flis6-1.fna&oh=00_AfDPJMlu-pN2bfiUcW_4UOOf5q_GKjgMnRJiBkcgws0fhg&oe=639A5199
2018-09-20-ays-daily-digest-19-09-2018-at-salzburg-summit-eu-leaders-once-more-push-border-externalization-78410a342d4e.md,https://scontent.flis6-1.fna.fbcdn.net/v/t1.6435-9/41516691_2092938310739115_497774756712415232_n.jpg?stp=dst-jpg_p206x206&_nc_cat=100&ccb=1-7&_nc_sid=0cb389&_nc_ohc=4WrfptkW_5cAX9aFj2T&_nc_ht=scontent.flis6-1.fna&oh=00_AfDhiQcdj_MS7ZSOjSNJsmBw8Qs94foRtBLhnsxd0DRaVg&oe=63BD6C1D
2018-09-25-ays-daily-digest-24-9-2018-the-so-called-salvini-decree-under-debate-as-sources-say-it-could-be-9543946a2671.md,https://onboard-aquarius.org/uploads/2018/09/0923_Rescue-recap.jpg
2018-09-26-ays-daily-digest-25-09-18-statement-on-a-unjust-verdict-against-ays-volunteer-b91baab377ba.md,https://scontent.flis6-1.fna.fbcdn.net/v/t1.6435-9/42626022_2191390141073249_1593173592525242368_n.jpg?stp=dst-jpg_p173x172&_nc_cat=105&ccb=1-7&_nc_sid=0cb389&_nc_ohc=RNY3mSx4ZpMAX9TGUAX&_nc_ht=scontent.flis6-1.fna&oh=00_AfDEm8jX8EBf_TEAO8CgSeOt2lF5bEphs5BL22Bx06Nd7w&oe=63BD822C
2018-09-27-ays-daily-digest-26-09-2018-unaccompanied-18-year-old-boy-forced-to-sleep-rough-in-bosnia-and-c5be03ff21c3.md,https://scontent.flis6-1.fna.fbcdn.net/v/t1.6435-9/42669921_2111527478880198_8171844720012558336_n.jpg?stp=dst-jpg_p296x100&_nc_cat=104&ccb=1-7&_nc_sid=0cb389&_nc_ohc=ALXXgfgylVMAX8Jc1Eq&_nc_ht=scontent.flis6-1.fna&oh=00_AfAECMgA5AOgsuVoD04gZezOvdaCRfEq5nkfjmUWTd3rHQ&oe=63BD5B3A
2018-10-01-ays-weekend-digest-28-29-09-18-fighting-the-poison-of-saving-people-636dcad40e9d.md,https://scontent.flis6-1.fna.fbcdn.net/v/t15.5256-10/40406133_476862432808476_7717359733245476864_n.jpg?_nc_cat=101&ccb=1-7&_nc_sid=776239&_nc_ohc=FLmEoiF2--0AX_mYQ78&_nc_ht=scontent.flis6-1.fna&oh=00_AfBdJYS6wGkABgzM8pKgT_Gl7bpQn-P62vJnZfLNvLRvMg&oe=639B3174
2018-10-01-ays-weekend-digest-28-29-09-18-fighting-the-poison-of-saving-people-636dcad40e9d.md,https://scontent.flis6-1.fna.fbcdn.net/v/t15.5256-10/40387040_236608567205904_8744106557668589568_n.jpg?_nc_cat=111&ccb=1-7&_nc_sid=776239&_nc_ohc=B2sh_0Z384YAX91yIDq&_nc_ht=scontent.flis6-1.fna&oh=00_AfAeajxa0VfpImk7le0TJScBof76Tea7HUvH5fwe7BAmZA&oe=639B5ECF
2018-10-02-ays-digest-1-10-2018-death-toll-in-mediterranean-reaches-a-historic-high-e71170e3f7ac.md,https://scontent.flis6-1.fna.fbcdn.net/v/t15.5256-10/38981164_981919922015428_6558453612618448896_n.jpg?_nc_cat=109&ccb=1-7&_nc_sid=776239&_nc_ohc=_yAy1hg7f1QAX_89sZN&_nc_ht=scontent.flis6-1.fna&oh=00_AfCeDb-1iUhXD6IUjuP5-HyCDVc31rGEeEQ4PrT7QNYBqg&oe=639AB683
2018-10-03-ays-daily-digest-02-10-2018-hands-off-mimmo-lucano-ea5ea1bc3270.md,https://scontent.flis6-1.fna.fbcdn.net/v/t15.5256-10/41693649_307689616697275_5255877975492001792_n.jpg?_nc_cat=102&ccb=1-7&_nc_sid=776239&_nc_ohc=sZvkaLTkDBcAX-E14aO&_nc_ht=scontent.flis6-1.fna&oh=00_AfBJ1MWuzUFEopkr1bk_PmeZbGf3HCmxVNI4EH8z0UzhWg&oe=639AFD89
2018-10-03-ays-daily-digest-02-10-2018-hands-off-mimmo-lucano-ea5ea1bc3270.md,https://www.dropbox.com/s/bi5qpjm7ia70o40/deadman.jpeg?dl=0&utm_source=Press+English&utm_campaign=45f9f74ae0-EMAIL_CAMPAIGN_2018_10_02_08_18&utm_medium=email&utm_term=0_56ddae8e9a-45f9f74ae0-105383331
2018-10-03-ays-daily-digest-02-10-2018-hands-off-mimmo-lucano-ea5ea1bc3270.md,https://scontent.flis6-1.fna.fbcdn.net/v/t1.6435-9/42983429_453949625128147_7760752109959512064_n.jpg?stp=dst-jpg_s851x315&_nc_cat=110&ccb=1-7&_nc_sid=0cb389&_nc_ohc=sEfKXgAKBKcAX8F15jh&_nc_ht=scontent.flis6-1.fna&oh=00_AfDI6-r6TOazJ8D8ICw8yYgbTFebIyGKMQ8DH8Nqam97BA&oe=63BD5B4A
2018-10-03-ays-daily-digest-02-10-2018-hands-off-mimmo-lucano-ea5ea1bc3270.md,https://scontent.flis6-1.fna.fbcdn.net/v/t1.6435-9/43141141_453912751798501_2697861214238670848_n.jpg?stp=dst-jpg_p173x172&_nc_cat=109&ccb=1-7&_nc_sid=0cb389&_nc_ohc=C-TnXg3wGRsAX_t-jWv&_nc_ht=scontent.flis6-1.fna&oh=00_AfDbQWQuVoTv-Z3-AviMtHlelBBwJFitBeuVyxXYWYMkNw&oe=63BD6FE8
2018-10-03-ays-daily-digest-02-10-2018-hands-off-mimmo-lucano-ea5ea1bc3270.md,https://scontent.flis6-1.fna.fbcdn.net/v/t15.5256-10/41529809_1195477800610714_9038338175658885120_n.jpg?_nc_cat=101&ccb=1-7&_nc_sid=776239&_nc_ohc=uraAvmDsgHYAX_fSiWh&_nc_ht=scontent.flis6-1.fna&oh=00_AfDmceUYE7tePWcD-JzcBqzQ5m8jDYO2mZPHqZouMGhq1Q&oe=639A7B52
2018-10-03-ays-daily-digest-02-10-2018-hands-off-mimmo-lucano-ea5ea1bc3270.md,https://scontent.flis6-1.fna.fbcdn.net/v/t1.6435-9/42911005_1888165084571083_8554406777146310656_n.jpg?stp=dst-jpg_p75x225&_nc_cat=106&ccb=1-7&_nc_sid=0cb389&_nc_ohc=IgAxQGbX834AX8UkmkG&_nc_ht=scontent.flis6-1.fna&oh=00_AfDwKQxwTglUXGajE_3LNZi7w3M7UWob_EVGje9_dyQ7Bw&oe=63BD7212
2018-10-04-ays-daily-digest-03-10-2018-victory-for-dubs-amendment-in-uk-court-of-appeals-2bcc3a37ab.md,https://scontent.flis6-1.fna.fbcdn.net/v/t15.5256-10/40638493_560485651048002_1755936390433996800_n.jpg?_nc_cat=103&ccb=1-7&_nc_sid=776239&_nc_ohc=JJbxjY7TWf4AX8Zoexv&_nc_ht=scontent.flis6-1.fna&oh=00_AfA1PgmBayyNNVbb-7-2Q7qejxVKYIlgDOGT8iTnUYENZg&oe=639B4959
2018-10-04-ays-daily-digest-03-10-2018-victory-for-dubs-amendment-in-uk-court-of-appeals-2bcc3a37ab.md,https://scontent.flis6-1.fna.fbcdn.net/v/t15.5256-10/40673093_1105888552898528_7467514785488175104_n.jpg?_nc_cat=104&ccb=1-7&_nc_sid=776239&_nc_ohc=nhEttxRC9F8AX9Rw1MV&_nc_ht=scontent.flis6-1.fna&oh=00_AfBfvm82447uWjyBhw29qbAmzQh2ygTUsiJnEXgqVBlfyA&oe=639B505E
2018-10-04-ays-daily-digest-03-10-2018-victory-for-dubs-amendment-in-uk-court-of-appeals-2bcc3a37ab.md,https://scontent.flis6-1.fna.fbcdn.net/v/t15.5256-10/41804838_241233279892695_8471569124433068032_n.jpg?_nc_cat=104&ccb=1-7&_nc_sid=776239&_nc_ohc=s2vSxat801IAX-tgzrg&_nc_ht=scontent.flis6-1.fna&oh=00_AfAQkZCAVP1GaKLDcCbGqYhLVfKQ0LB6B-SqBsEuZ86EYg&oe=639A2D8B
2018-10-09-ays-daily-digest-08-10-18-greek-prosecutor-opens-investigation-into-misuse-of-eu-funds-meant-for-3cb07bc704c8.md,https://scontent.flis6-1.fna.fbcdn.net/v/t15.5256-10/41715551_336737260205113_5672017167822880768_n.jpg?_nc_cat=106&ccb=1-7&_nc_sid=776239&_nc_ohc=gEL65uTW_sAAX-m0RoQ&_nc_ht=scontent.flis6-1.fna&oh=00_AfDFI6w3Cv6tSoysh9QeeK2qBY1qXKs5jYrGW9dyLAHahQ&oe=639A5CEE
2018-10-10-ays-daily-digest-09-10-18-winter-is-coming-and-help-needed-c1c34454b4d9.md,https://scontent.flis6-1.fna.fbcdn.net/v/t1.6435-9/43614989_726312434374388_1326872615012270080_n.jpg?stp=dst-jpg_s851x315&_nc_cat=103&ccb=1-7&_nc_sid=0cb389&_nc_ohc=DbB6KKoxwgIAX-jcOG0&_nc_ht=scontent.flis6-1.fna&oh=00_AfBynBLO8V1_a6KweIieeKil_o-kI2WREIWCk-42_zyBZw&oe=63BD5403
2018-10-10-ays-daily-digest-09-10-18-winter-is-coming-and-help-needed-c1c34454b4d9.md,https://scontent.flis6-1.fna.fbcdn.net/v/t15.5256-10/41092042_156718155270198_1372030811695480832_n.jpg?_nc_cat=100&ccb=1-7&_nc_sid=776239&_nc_ohc=2zqvjgiLReIAX8XFb7v&_nc_ht=scontent.flis6-1.fna&oh=00_AfCHWJw_AjJxeTxSkuXJvMi5t8zLon5yoQiOg-tcyUJl-g&oe=639BD1AF
2018-10-11-ays-daily-digest-10-10-2018-3-women-found-brutally-murdered-near-river-evros-greece-8b25340d6d64.md,https://scontent.flis6-1.fna.fbcdn.net/v/t15.5256-10/40895298_1067591466753739_5191582250646372352_n.jpg?_nc_cat=101&ccb=1-7&_nc_sid=776239&_nc_ohc=y5-b4hB7bjkAX_wr1wV&_nc_ht=scontent.flis6-1.fna&oh=00_AfBeALrG8KMwY5LQUOfTmWNEA1_FZcAuZTS4fDpAY6uh8A&oe=639B9FF2
2018-10-11-ays-daily-digest-10-10-2018-3-women-found-brutally-murdered-near-river-evros-greece-8b25340d6d64.md,https://scontent.flis6-1.fna.fbcdn.net/v/t15.5256-10/42758341_343245916252771_269503919309193216_n.jpg?_nc_cat=109&ccb=1-7&_nc_sid=776239&_nc_ohc=fs5al2WJGHUAX93jNtB&_nc_ht=scontent.flis6-1.fna&oh=00_AfAn-vBtY40zoaOV77btCwfGWRHqjKtfU1Vjfx4CyX9XkQ&oe=639A04D6
2018-10-11-ays-daily-digest-10-10-2018-3-women-found-brutally-murdered-near-river-evros-greece-8b25340d6d64.md,https://scontent.flis6-1.fna.fbcdn.net/v/t15.5256-10/41313641_418412468688294_876745134559985664_n.jpg?_nc_cat=111&ccb=1-7&_nc_sid=776239&_nc_ohc=of0ggZiFwacAX8yJDGo&_nc_ht=scontent.flis6-1.fna&oh=00_AfC5LEiXRkpzWu_aOn6X2BcUrqfNYYhkIupMMyiPkmjurA&oe=639A8B40
2018-10-12-ays-daily-digest-11-10-2018-sea-watch-aircraft-moonbird-resumes-operations-5017bc3aa9f2.md,https://scontent.flis6-1.fna.fbcdn.net/v/t15.5256-10/40836912_113673022842028_204383766901161984_n.jpg?_nc_cat=111&ccb=1-7&_nc_sid=776239&_nc_ohc=vB2aNtQs1ksAX9bq7S_&_nc_ht=scontent.flis6-1.fna&oh=00_AfBeUjE4Y0FkmNuNcR9BPNegt6CQ1Eli4DruV3KksxneMw&oe=639B5116
2018-10-14-ays-digest-13-14-10-2018-one-rape-a-week-in-moria-camp-d7779808534c.md,https://scontent.flis6-1.fna.fbcdn.net/v/t15.5256-10/42026728_1203076289850865_107141949223337984_n.jpg?_nc_cat=102&ccb=1-7&_nc_sid=776239&_nc_ohc=U6BwzSUttnUAX8C6GM7&_nc_ht=scontent.flis6-1.fna&oh=00_AfCOr5pVF15YUGaCJ1K1zm6N0JRZ_KF1Dn9AhOokdgQbLA&oe=639B411D
2018-10-14-ays-digest-13-14-10-2018-one-rape-a-week-in-moria-camp-d7779808534c.md,https://scontent.flis6-1.fna.fbcdn.net/v/t15.5256-10/41397939_699082443800741_9130289143383851008_n.jpg?stp=dst-jpg_s320x320&_nc_cat=111&ccb=1-7&_nc_sid=c12c07&_nc_ohc=MmY_dtGl7rkAX_cv1hq&_nc_ht=scontent.flis6-1.fna&oh=00_AfBQjjUclSIwSKLWdTVhnrjUtS4L1I5-funM3Fv4I0rXcg&oe=639A1792
2018-10-16-ays-daily-digest-15-10-2018-thousands-at-risk-of-loosing-support-7d41b85d8c7d.md,https://scontent.flis6-1.fna.fbcdn.net/v/t1.6435-9/44065337_2141018045932990_517951873118896128_n.png?stp=dst-png_p110x80&_nc_cat=108&ccb=1-7&_nc_sid=0cb389&_nc_ohc=qRihZfwxhL0AX_UwbuG&_nc_oc=AQkkHXqWdoSS7nZvGFaH9zrgUrX3UoAf6isOV_PzHnc24C8wEwkocMhyiGfCEi8DVTA&_nc_ht=scontent.flis6-1.fna&oh=00_AfCdwMIqnaXL8uoOW9jMDIk_zQPfXHaWwUEHQruG9iJUPA&oe=63BD5B11
2018-10-17-ays-daily-digest-16-10-2018-winter-is-coming-on-the-bosnian-croatian-border-f1488556b715.md,https://scontent.flis6-1.fna.fbcdn.net/v/t1.6435-9/44122148_460226321167144_3409725560782323712_n.jpg?stp=dst-jpg_s320x320&_nc_cat=102&ccb=1-7&_nc_sid=0cb389&_nc_ohc=xZe3iPOFMTcAX8knJDL&_nc_ht=scontent.flis6-1.fna&oh=00_AfBvV_OdHpih2w-QymVHMhdwGY7LZfTzuaRJWfWg8TWirg&oe=63BD8600
2018-10-17-ays-daily-digest-16-10-2018-winter-is-coming-on-the-bosnian-croatian-border-f1488556b715.md,https://scontent.flis6-1.fna.fbcdn.net/v/t15.5256-10/41537949_10155718935426190_9115221049489752064_n.jpg?_nc_cat=103&ccb=1-7&_nc_sid=776239&_nc_ohc=5ITi1M7I9psAX9XdiYe&_nc_ht=scontent.flis6-1.fna&oh=00_AfB3eTpILri3KEeygS1WNFSg_kYISTOsmvt3XFijT3Er2g&oe=639B2DD8
2018-10-18-ays-daily-digest-17-10-18-the-human-cost-of-mismanaged-funds-in-greece-c22c181f3822.md,https://scontent.flis6-1.fna.fbcdn.net/v/t1.6435-9/44227747_1912561712130531_17056092521496576_n.jpg?stp=dst-jpg_s851x315&_nc_cat=109&ccb=1-7&_nc_sid=0cb389&_nc_ohc=lXFJpqV3uT8AX8fvg33&_nc_ht=scontent.flis6-1.fna&oh=00_AfDMxDRqY0C4rzBk5vW3oSCG7wzA1F2uHBMVt8V3W3ZC0Q&oe=63BD6C49
2018-10-19-ays-daily-digest-18-10-2018-another-eu-council-meeting-another-failure-39d161027a85.md,https://scontent.flis6-1.fna.fbcdn.net/v/t1.6435-9/44442737_2202298046649125_4624923927972413440_n.jpg?stp=dst-jpg_p206x206&_nc_cat=101&ccb=1-7&_nc_sid=0cb389&_nc_ohc=7mVk69MUqCgAX-Ynq9-&_nc_ht=scontent.flis6-1.fna&oh=00_AfCVRY9XtO5NXCyDJxKmvNhJT0JCN3Kmlz8gCsLvBMM_ow&oe=63BD72D1
2018-10-24-ays-daily-digest-23-10-2018-dont-believe-rumours-borders-are-closed-f26176d4f778.md,https://scontent.flis6-1.fna.fbcdn.net/v/t15.5256-10/43836863_277144116255995_8735329942323068928_n.jpg?_nc_cat=110&ccb=1-7&_nc_sid=776239&_nc_ohc=E4Xyv3EN0n4AX_HDFEz&_nc_ht=scontent.flis6-1.fna&oh=00_AfDrAT1FwXCtWPyx1IW5DWmkG5o96PFmXo1kKj0GZXenJg&oe=639B7BD3
2018-10-29-ays-weekend-digest-27-28-10-2018-volunteers-report-from-the-bosnian-croatian-border-4fba554e3845.md,https://scontent.flis6-1.fna.fbcdn.net/v/t1.6435-9/44981010_489609191536821_463094175697469440_n.jpg?stp=dst-jpg_p173x172&_nc_cat=110&ccb=1-7&_nc_sid=0cb389&_nc_ohc=WEJafUW8JRQAX8n-M6Q&_nc_ht=scontent.flis6-1.fna&oh=00_AfAmg5Cf7weSj1CjT_C2C0SUKOixS8XtoQbHFljobKC0lA&oe=63BD746D
2018-10-30-ays-daily-digest-29-10-2018-calais-2-year-after-the-eviction-of-the-jungle-f686b5f8c2ab.md,https://scontent.flis6-1.fna.fbcdn.net/v/t15.5256-10/42830628_332823497268310_2917507044346953728_n.jpg?_nc_cat=101&ccb=1-7&_nc_sid=776239&_nc_ohc=QsikB5gmFzIAX_cue1j&_nc_ht=scontent.flis6-1.fna&oh=00_AfCGFbmG-MiYWSnSjmLkXtEAMoC65oXv8HgnfV_kduKNig&oe=639ABACB
2018-11-02-ays-daily-digest-01-11-18-winter-is-coming-conditions-are-only-going-to-worsen-on-greek-islands-ac52faf7bec7.md,https://scontent-iad3-1.xx.fbcdn.net/v/t1.0-9/45146222_468074690382307_5837772106238001152_n.jpg?_nc_cat=110&_nc_ht=scontent-iad3-1.xx&oh=69b07cfbc75c658c052e884a28f4c4d0&oe=5C4534AB
2018-11-03-ays-daily-digest-02-11-2018-for-refugees-mental-health-care-access-is-crucial-138b3b297d31.md,https://scontent.flis6-1.fna.fbcdn.net/v/t1.6435-9/45280444_2318984154838456_1490557508039737344_n.jpg?stp=dst-jpg_p168x128&_nc_cat=102&ccb=1-7&_nc_sid=0cb389&_nc_ohc=740aNxg9O24AX-eRbx2&_nc_ht=scontent.flis6-1.fna&oh=00_AfCSiLqR9j1uQgKhd_MPUtEp_VwUPzGV7YPdKuGUW7B04g&oe=63BD808B
2018-11-06-ays-daily-digest-05-11-18-ventimiglia-echoes-balkan-route-issues-67cd0a92b50.md,https://scontent.flis6-1.fna.fbcdn.net/v/t15.5256-10/43784953_1127551350745893_7724225311482576896_n.jpg?_nc_cat=109&ccb=1-7&_nc_sid=776239&_nc_ohc=QFmUKhPs40EAX_DMsVp&_nc_oc=AQn4CWaA_38NY-ZAPnbgXpYbUdn5H-ygQwSlReP6jV9mVnWBvNKi0BVRaQfmZPv5b80&_nc_ht=scontent.flis6-1.fna&oh=00_AfCNMYtOs8zkA_ah2FJaa989wGPBFbEzYrbIiaNZKF2okg&oe=639A87D7
2018-11-09-ays-daily-digest-08-11-2018-hundreds-demonstrate-as-7-activists-face-10-years-in-prison-in-france-404bf48d3949.md,https://scontent.flis6-1.fna.fbcdn.net/v/t15.5256-10/38953800_1790439001069163_2496576180342226944_n.jpg?_nc_cat=107&ccb=1-7&_nc_sid=776239&_nc_ohc=D204ibXbAk4AX9Hf7Gx&_nc_ht=scontent.flis6-1.fna&oh=00_AfCB_6tvQIJs_N8eJiK2_vnpGzkPA_6dZnZ6nSUI5iQRcA&oe=639A0A53
2018-11-09-ays-daily-digest-08-11-2018-hundreds-demonstrate-as-7-activists-face-10-years-in-prison-in-france-404bf48d3949.md,https://scontent.flis6-1.fna.fbcdn.net/v/t15.5256-10/43836379_308810989717902_7464146139558707200_n.jpg?_nc_cat=110&ccb=1-7&_nc_sid=776239&_nc_ohc=E4Ri6frGTYAAX9ngcWm&_nc_ht=scontent.flis6-1.fna&oh=00_AfDCWVAFIsCF2G-xw6AzGSmDC8-yI4DpEDaTCDabKdLMaA&oe=6399F592
2018-11-15-ays-daily-digest-14-11-18-how-to-burn-the-eu-funds-aef1e1e874a5.md,https://scontent.flis6-1.fna.fbcdn.net/v/t15.5256-10/44583275_566964283755355_4058551345177690112_n.jpg?_nc_cat=109&ccb=1-7&_nc_sid=776239&_nc_ohc=0eDIuQypafMAX_fPxGy&_nc_ht=scontent.flis6-1.fna&oh=00_AfD_jlar9FaDrBjdh7g0jm3V57jNlihy6pKv6upTZosZaQ&oe=639AD2AB
2018-11-16-ays-daily-digest-15-11-2018-i-would-rather-die-on-this-cargo-ship-than-return-to-libya-3815eb14ccab.md,https://scontent.flis6-1.fna.fbcdn.net/v/t15.5256-10/43981769_180815416196523_6933732740953014272_n.jpg?_nc_cat=109&ccb=1-7&_nc_sid=776239&_nc_ohc=CoQu0JualPIAX_fFgSZ&_nc_ht=scontent.flis6-1.fna&oh=00_AfDyye-_mJPGH8_H46V9IMxCSVWcy6vD2jwUBlWe3RKjWw&oe=639A1B99
2018-11-17-ays-daily-digest-16-11-2018-2a6a8f5a5e09.md,https://scontent.flis6-1.fna.fbcdn.net/v/t1.6435-9/46506279_2218301805048749_4148886541910933504_n.jpg?stp=dst-jpg_s320x320&_nc_cat=102&ccb=1-7&_nc_sid=0cb389&_nc_ohc=9B7vTqKPK8MAX8z8w-0&_nc_ht=scontent.flis6-1.fna&oh=00_AfAQK4Cdr7CwGfeBViyQPyqKt9JCrmxzlwjvtLPy5hs78Q&oe=63BD843E
2018-11-17-ays-daily-digest-16-11-2018-2a6a8f5a5e09.md,https://scontent.flis6-1.fna.fbcdn.net/v/t1.6435-9/46367111_475269542996155_4997793025603141632_n.jpg?stp=dst-jpg_p173x172&_nc_cat=104&ccb=1-7&_nc_sid=0cb389&_nc_ohc=6mx66KZalPQAX90NfRG&_nc_ht=scontent.flis6-1.fna&oh=00_AfDGxYVucOzh_ote1_6c3WaAoWL3sfXEweivuShHFfTp0Q&oe=63BD7433
2018-11-19-ays-weekend-digest-17-18-11-2018-deportations-to-afghanistan-must-stop-30f37f698e54.md,https://scontent.flis6-1.fna.fbcdn.net/v/t15.5256-10/44516006_330933547696304_6216104617017606144_n.jpg?_nc_cat=105&ccb=1-7&_nc_sid=776239&_nc_ohc=nJDo_4ClzbsAX9JMj4z&_nc_ht=scontent.flis6-1.fna&oh=00_AfAl5-RKqIDPSAVMxXEgEJH1B-rVjURL4n9x8yygUsSz2Q&oe=639A4400
2018-11-19-ays-weekend-digest-17-18-11-2018-deportations-to-afghanistan-must-stop-30f37f698e54.md,https://scontent.flis6-1.fna.fbcdn.net/v/t15.5256-10/44498893_1934179953543720_5833255870816845824_n.jpg?_nc_cat=107&ccb=1-7&_nc_sid=776239&_nc_ohc=L4BrTA9lfogAX8_IPwe&_nc_ht=scontent.flis6-1.fna&oh=00_AfAoEMPelW0nJo6vJHzO-JVJCg8rMjLIk9iAgnm_gNlazA&oe=639A1ECC
2018-11-21-ays-daily-digest-20-11-18-universal-childrens-day-not-so-universal-after-all-1888b555cfab.md,https://scontent.flis6-1.fna.fbcdn.net/v/t15.5256-10/42013436_265663630964017_3428769883859451904_n.jpg?_nc_cat=105&ccb=1-7&_nc_sid=776239&_nc_ohc=3lbOFsl0_NQAX8rk49f&_nc_ht=scontent.flis6-1.fna&oh=00_AfB02ISQJRtlIs-KOg6erEfuoj3ZLSwSSl_lhsjr_RUlFw&oe=639A118D
2018-11-21-ays-daily-digest-20-11-18-universal-childrens-day-not-so-universal-after-all-1888b555cfab.md,https://scontent.flis6-1.fna.fbcdn.net/v/t15.5256-10/44260924_473959033011569_5910315302163316736_n.jpg?_nc_cat=108&ccb=1-7&_nc_sid=776239&_nc_ohc=Ff_9WB8_8CgAX-TLdnl&_nc_ht=scontent.flis6-1.fna&oh=00_AfDyhPHG1mnWRBicbGZADAfynpVCAldPF5C4Vyq37vA4Tw&oe=639B5C95
2018-11-22-ays-daily-digest-21-11-2018-rome-baobab-evicted-again-by-local-authorities-2dfc58768bd3.md,https://scontent.flis6-1.fna.fbcdn.net/v/t15.5256-10/45531248_306420836669531_2247284076480299008_n.jpg?_nc_cat=106&ccb=1-7&_nc_sid=776239&_nc_ohc=7wsFdhVlwTYAX8BAOrv&_nc_ht=scontent.flis6-1.fna&oh=00_AfAwXgeptRbC7oO1uo3O7Kn1jIREJGiY3WiONrqA4BFyUQ&oe=639A2B7D
2018-11-22-ays-daily-digest-21-11-2018-rome-baobab-evicted-again-by-local-authorities-2dfc58768bd3.md,https://scontent.flis6-1.fna.fbcdn.net/v/t1.6435-9/46503776_2180522458866255_1642238087733968896_n.jpg?stp=dst-jpg_p206x206&_nc_cat=103&ccb=1-7&_nc_sid=0cb389&_nc_ohc=6-NzNAxBSHgAX-ZHY4_&_nc_ht=scontent.flis6-1.fna&oh=00_AfBXfy_28vhPdTtTJ8S1SahNSRTjvhRJFxOL5O_7ksO-nA&oe=63BD6E3F
2018-11-22-ays-daily-digest-21-11-2018-rome-baobab-evicted-again-by-local-authorities-2dfc58768bd3.md,https://scontent.flis6-1.fna.fbcdn.net/v/t15.5256-10/44793456_265492060821642_3894383238264651776_n.jpg?_nc_cat=110&ccb=1-7&_nc_sid=776239&_nc_ohc=JqseBNNAcLIAX-jtUQZ&_nc_ht=scontent.flis6-1.fna&oh=00_AfBadd2r4l7_3yuA1BVeRHG6ExXjdcNUPctfqlXH6ElHCg&oe=639B48FD
2018-11-22-ays-daily-digest-21-11-2018-rome-baobab-evicted-again-by-local-authorities-2dfc58768bd3.md,https://scontent.flis6-1.fna.fbcdn.net/v/t15.5256-10/46130853_2202697893385596_7737945670408994816_n.jpg?_nc_cat=103&ccb=1-7&_nc_sid=776239&_nc_ohc=tt2IjBw-3loAX_UMty0&_nc_ht=scontent.flis6-1.fna&oh=00_AfBKJ0I4a04RJsvV26kQgS37KC4KHMwpH9M4N_Bc5He2_w&oe=639B2C24
2018-11-24-ays-daily-digest-23-11-18-after-protracted-battle-3-rescue-boats-return-to-mediterranean-34129a9c6001.md,https://scontent.flis6-1.fna.fbcdn.net/v/t15.5256-10/44820347_350909405469741_51862352869457920_n.jpg?_nc_cat=100&ccb=1-7&_nc_sid=776239&_nc_ohc=fgsPmIt0UN8AX9MNdLq&_nc_ht=scontent.flis6-1.fna&oh=00_AfBiz4KlBpU26HXE3Vs3yOpTsuWNKK-h_H-pD5EPnae-Yg&oe=639B675E
2018-11-24-ays-daily-digest-23-11-18-after-protracted-battle-3-rescue-boats-return-to-mediterranean-34129a9c6001.md,https://scontent.flis6-1.fna.fbcdn.net/v/t1.6435-9/46508873_2458243724192983_4325921670763118592_n.jpg?stp=dst-jpg_p168x128&_nc_cat=104&ccb=1-7&_nc_sid=0cb389&_nc_ohc=6a-9-wK5ZBcAX8fPQqv&_nc_ht=scontent.flis6-1.fna&oh=00_AfCyaLeq0MxC0I0Y7Fxs2btg6IPgKwmP_50lQhUrwQ0okQ&oe=63BD726F
2018-11-26-الملخص-الأسبوعي-ا-ي-س-عمليات-الإخلاء-والمعاملة-اللاإنسانية-للاجئين-في-أوروبا-f5b8200541a2.md,https://miro.medium.com/max/960/1*7O2P4BmLYerA4FW7icY4zQ.jpeg
2018-11-28-ays-daily-digest-27-11-2018-its-no-dream-it-s-a-nightmarish-reality-of-europe-today-22d61557f81.md,https://scontent.flis6-1.fna.fbcdn.net/v/t15.5256-10/41651628_1876804255751851_4120163814974947328_n.jpg?_nc_cat=105&ccb=1-7&_nc_sid=776239&_nc_ohc=XXCX3DWkrz4AX9jtw9z&_nc_ht=scontent.flis6-1.fna&oh=00_AfBp-YGuWI_jI1KEMlmKqz-3THn9_F5mds6jkudsgM6rtQ&oe=639AB72D
2018-11-30-ays-daily-digest-29-11-18-every-day-proaction-needs-are-great-2b3272400c23.md,https://scontent.flis6-1.fna.fbcdn.net/v/t15.5256-10/45785530_275535489771970_5451428326105153536_n.jpg?_nc_cat=103&ccb=1-7&_nc_sid=776239&_nc_ohc=zdNU8FlaITMAX-0RcPD&_nc_ht=scontent.flis6-1.fna&oh=00_AfDhVIn-3BRC-Aswh7xIE6SmczFnsqK-ScCdyGfqQc_2IA&oe=639A0C62
2018-11-30-ays-daily-digest-29-11-18-every-day-proaction-needs-are-great-2b3272400c23.md,https://scontent.flis6-1.fna.fbcdn.net/v/t15.5256-10/45458155_1777645109013837_3109793438858477568_n.jpg?_nc_cat=107&ccb=1-7&_nc_sid=776239&_nc_ohc=EauRFkcu8hsAX9-j2yT&_nc_ht=scontent.flis6-1.fna&oh=00_AfDTkenkYWyfUn61EhksMtrK1mqnvDtOxKeYwYKAykkKbA&oe=639A21FE
2018-12-01-ays-daily-digest-30-11-18-denmark-unveils-plan-for-nauru-style-deportation-center-on-lindholm-51e6d236cc09.md,https://scontent.flis6-1.fna.fbcdn.net/v/t15.5256-10/46420755_381363559270717_4617023812372791296_n.jpg?_nc_cat=111&ccb=1-7&_nc_sid=776239&_nc_ohc=5jX6b8DKJcMAX-Oa52F&_nc_ht=scontent.flis6-1.fna&oh=00_AfBBvQL7mW2iHEtx44pid5aPBwQUGJSUV-k4SEkFsSopng&oe=6399F9A5
2018-12-01-ays-daily-digest-30-11-18-denmark-unveils-plan-for-nauru-style-deportation-center-on-lindholm-51e6d236cc09.md,https://scontent.flis6-1.fna.fbcdn.net/v/t15.5256-10/45764368_1175500372607546_2860071069467803648_n.jpg?_nc_cat=110&ccb=1-7&_nc_sid=776239&_nc_ohc=DsB3uv9X62MAX-bJ1mc&_nc_ht=scontent.flis6-1.fna&oh=00_AfCRYj-J_cty4E6PbkOOOVHajW8df-3vId-Nbws29n3C-w&oe=639AC932
2018-12-01-ays-daily-digest-30-11-18-denmark-unveils-plan-for-nauru-style-deportation-center-on-lindholm-51e6d236cc09.md,https://scontent.flis6-1.fna.fbcdn.net/v/t15.5256-10/44359072_187801865414158_6889561806927298560_n.jpg?_nc_cat=103&ccb=1-7&_nc_sid=776239&_nc_ohc=2xzRKDjzM4wAX8Xs_17&_nc_ht=scontent.flis6-1.fna&oh=00_AfAuSNxpEYrVCOZQ7BbTZFL5M0Eo98g-rcf_0iiKRMJQqA&oe=639ABE56
2018-12-03-خبرهای-هفتگی-آر-یو-س-بازداشتگاه-ها-در-سه-منطقه-ی-آلمان-eff619e8ee0d.md,https://miro.medium.com/max/1200/1*RrmE1D7Gakjgw4V57DTyBQ.jpeg
2018-12-04-ays-daily-digest-03-12-2018-26-migrants-expelled-from-their-centre-and-1-000-c3138f22bf02.md,https://scontent.flis6-1.fna.fbcdn.net/v/t1.6435-9/47384129_2290541574514591_4314324674948366336_n.jpg?stp=dst-jpg_p280x280&_nc_cat=100&ccb=1-7&_nc_sid=0cb389&_nc_ohc=dt2pN0bE810AX-LUs3G&_nc_ht=scontent.flis6-1.fna&oh=00_AfA9V3u1PssEn4Ut0WReVnlnVhPO4lPd0gGnhzF_GwmVvQ&oe=63BD81ED
2018-12-05-ays-daily-news-digest-4-12-18-denmarks-concerning-aims-for-isolation-147eddef42.md,https://scontent.flis6-1.fna.fbcdn.net/v/t15.5256-10/46441521_207265246884483_5893759057935728640_n.jpg?_nc_cat=109&ccb=1-7&_nc_sid=776239&_nc_ohc=kW2Yyc40PO4AX_Imrxq&_nc_ht=scontent.flis6-1.fna&oh=00_AfCBTvZT7mTHVA0csJD32f8i9v8htKFv_H9oRY8HeEdghQ&oe=639A9EDB
2018-12-05-ays-daily-news-digest-4-12-18-denmarks-concerning-aims-for-isolation-147eddef42.md,https://scontent.flis6-1.fna.fbcdn.net/v/t15.5256-10/47205786_584015842020727_5102709219694477312_n.jpg?_nc_cat=111&ccb=1-7&_nc_sid=776239&_nc_ohc=V1UP5P0aXCIAX-uyvYL&_nc_ht=scontent.flis6-1.fna&oh=00_AfBBEVUghyE2Z6dI9o6j3bR4tp1cbD6tqsAo39f7uDOz3w&oe=639A7BA0
2018-12-06-ays-daily-digest-5-12-18-as-marrakesh-refugee-summit-approaches-chaos-in-countries-of-first-entry-d3f06a212040.md,https://scontent.flis6-1.fna.fbcdn.net/v/t15.5256-10/46675973_1109558915874155_6904104845364428800_n.jpg?_nc_cat=101&ccb=1-7&_nc_sid=776239&_nc_ohc=MEh31uplEygAX-c3V4_&_nc_ht=scontent.flis6-1.fna&oh=00_AfBMCHB4nKe5gO4h1jfOCqntCXBONi_1CVm5L5NlAe2yPg&oe=639B1276
2018-12-10-ays-weekend-digest-8-9-12-2018-police-violence-in-northern-france-1d37a776367b.md,https://scontent.flis6-1.fna.fbcdn.net/v/t15.5256-10/47217030_540400653095543_3798364399639461888_n.jpg?_nc_cat=105&ccb=1-7&_nc_sid=776239&_nc_ohc=lgEHlQspIDcAX9R_wKL&_nc_ht=scontent.flis6-1.fna&oh=00_AfCFlz-h7OaK4mQkxIlddRigt-_L1f-dbh8gjVPOy_OKfQ&oe=639BD597
2018-12-10-خلاصـــــــــــة-الاسبـــــــــــــــــــــــــــــوع-ا-ي-س-30ad27d6325a.md,https://miro.medium.com/max/960/1*mgiGhxkHOSkz4XIjS2HfYA.jpeg
2018-12-10-خلاصـــــــــــة-الاسبـــــــــــــــــــــــــــــوع-ا-ي-س-30ad27d6325a.md,https://miro.medium.com/max/1200/1*E3fqUD6vikXQspYraY-x6A.jpeg
2018-12-11-ays-daily-news-digest-10-12-18-human-rights-nice-anniversary-but-no-implementation-138b9e2cec98.md,https://scontent.flis6-1.fna.fbcdn.net/v/t15.5256-10/47588157_358446358051368_2589851887779971072_n.jpg?_nc_cat=111&ccb=1-7&_nc_sid=776239&_nc_ohc=Jp6dmsohCDQAX-E8vHD&_nc_oc=AQlndUFFZ0apP1Drdvg32ZkT0dNZbHPpyoSTUH_usuJLedaFl4uKpmvUFUE5dA7B3fo&_nc_ht=scontent.flis6-1.fna&oh=00_AfAznArFMKrwWb9Xv9z0Mz1jC2fVWg4tdlyuemJebpEP6A&oe=639B7835
2018-12-11-ays-daily-news-digest-10-12-18-human-rights-nice-anniversary-but-no-implementation-138b9e2cec98.md,https://scontent.flis6-1.fna.fbcdn.net/v/t15.5256-10/46288871_2221387298077009_5509416603713798144_n.jpg?_nc_cat=110&ccb=1-7&_nc_sid=776239&_nc_ohc=sYWlb6rS6cMAX-EeBT2&_nc_ht=scontent.flis6-1.fna&oh=00_AfA6yh6xfh_S5GqpLepkNmnhrt25bEsfdvV0sHBtCjiVzA&oe=639B053B
2018-12-11-ays-daily-news-digest-10-12-18-human-rights-nice-anniversary-but-no-implementation-138b9e2cec98.md,https://scontent.flis6-1.fna.fbcdn.net/v/t15.5256-10/47323224_10156769828038704_7714479115859918848_n.jpg?_nc_cat=104&ccb=1-7&_nc_sid=776239&_nc_ohc=z8WEMlhBH5MAX_c8Y-r&_nc_ht=scontent.flis6-1.fna&oh=00_AfAuN3tGFLBe5sB8ClA64r0n2OuvWkjv-kiFAQ6E0Mo9LA&oe=639AC5C7
2018-12-11-ays-daily-news-digest-10-12-18-human-rights-nice-anniversary-but-no-implementation-138b9e2cec98.md,https://i0.wp.com/freedomnews.org.uk/wp-content/uploads/2018/11/Stansted-15-demo-outside-Chelmsford-court_1000.jpeg?fit=1000%2C437&ssl=1
2018-12-13-ays-daily-news-digest-12-12-18-criminalisation-of-sea-rescue-continues-109486b7f623.md,https://scontent.flis6-1.fna.fbcdn.net/v/t15.5256-10/48229659_2234795973469188_5115619294385799168_n.jpg?_nc_cat=107&ccb=1-7&_nc_sid=776239&_nc_ohc=R0caR8UE-xYAX9YcMtq&_nc_ht=scontent.flis6-1.fna&oh=00_AfC1kfK7qX3P7xofwGZBX5PuujXg52YaY9JoaZfeSrfCvg&oe=639B6AED
2018-12-14-https-www-facebook-com-photo-php-fbid-10212084107038699-set-pcb-10212084188400733-type-3-theateray-87c32cbdc65b.md,https://scontent.flis6-1.fna.fbcdn.net/v/t1.6435-9/48377924_2222639127769032_2415032433771544576_n.jpg?stp=dst-jpg_p228x119&_nc_cat=105&ccb=1-7&_nc_sid=0cb389&_nc_ohc=sw7oeAXMt8gAX8PcDKz&_nc_ht=scontent.flis6-1.fna&oh=00_AfCd7Is9wh9CCkbaYcDDGx6qkjVZ2bdNxh5Zv2xEZ1eUaQ&oe=63BD6DBE
2018-12-15-ays-daily-digest-14-12-2018-italy-not-safe-for-vulnerable-dublin-returnees-86265f0fd1b1.md,https://gallery.mailchimp.com/8d81f4ffa9beca7e468324daa/images/2781a37f-d236-4fdc-8fa8-df395a805278.jpg?fbclid=IwAR0ETLbDdjHhHjcvChSZuPMp8cgAoMENJB4rtoTix18lz3nNBbamxs9WPm8
2018-12-18-ays-daily-news-digest-17-12-18-what-is-a-signed-agreement-for-people-freezing-in-out-of-the-camps-6b5580a924ef.md,https://scontent.flis6-1.fna.fbcdn.net/v/t15.5256-10/48328026_924727577917299_8632664414174052352_n.jpg?_nc_cat=110&ccb=1-7&_nc_sid=776239&_nc_ohc=wFvLeQ-bdkUAX9KRzIs&_nc_ht=scontent.flis6-1.fna&oh=00_AfArKiLs_JzMiULDmsmajXAygdtO92_r9hW609e0UsT2tA&oe=6399F275
2018-12-19-خلاصه-خبری-هفتگیه-آر-یو-س-شواهد-و-مدارک-جمع-آوری-شده-ی-دیپورت-کردن-پناهندگان-از-کرواسی-3c9b1df4f9e6.md,https://miro.medium.com/max/742/1*m0iEUZjgBuO54BCAWHZOJg.jpeg
2018-12-20-ays-daily-digest-19-11-2018-the-mediterranean-remains-the-deadliest-route-7ae5af119684.md,https://scontent.flis6-1.fna.fbcdn.net/v/t15.5256-10/47783081_1482812025185829_8050040512649887744_n.jpg?_nc_cat=102&ccb=1-7&_nc_sid=776239&_nc_ohc=mTXCa3kHU9kAX8ld9Y1&_nc_ht=scontent.flis6-1.fna&oh=00_AfCbj6StVe8TdDJ8TSlwS9FDZW7wzZ-G-vkhT-PODsfOzQ&oe=639A4E09
2018-12-21-ays-daily-digest-20-12-2018-european-union-connection-with-unimaginable-horrors-in-libyan-64073f8c1c4e.md,https://scontent.flis6-1.fna.fbcdn.net/v/t15.5256-10/48278460_280311562676863_2657029874983632896_n.jpg?_nc_cat=107&ccb=1-7&_nc_sid=776239&_nc_ohc=vUoAjqO7EL4AX9MtEgI&_nc_ht=scontent.flis6-1.fna&oh=00_AfCxJoM8XoKba26p5Q3PFC8Q-Ux8rA8mwUo5FI5zAsS39w&oe=639A3DD3
2018-12-24-ays-weekend-digest-22-23-12-2018-italy-and-malta-pure-cruelty-753359434d7e.md,https://scontent.flis6-1.fna.fbcdn.net/v/t15.5256-10/48262966_585415495222100_2555845573680824320_n.jpg?_nc_cat=104&ccb=1-7&_nc_sid=776239&_nc_ohc=PP6z_9VMiNgAX_mqYcH&_nc_ht=scontent.flis6-1.fna&oh=00_AfB_wSFHj-sljbQiZUFCjddYI79CPXe32Bm7KBPG-vXbyA&oe=639A3925
2018-12-25-daily-digest-24-12-2018-more-money-to-strengthen-the-eu-borders-in-2019-2ead609965ed.md,https://scontent.flis6-1.fna.fbcdn.net/v/t15.5256-10/14299498_1616852745273729_1441097736_n.jpg?_nc_cat=100&ccb=1-7&_nc_sid=776239&_nc_ohc=8Zb1JsEqJywAX_tsGuF&_nc_ht=scontent.flis6-1.fna&oh=00_AfC_7d8IDnjC0hSeTom_T38lrHh1bZF9GiJRKYMoPPGEZQ&oe=639A2B3E
2018-12-26-ays-daily-news-digest-25-12-18-we-bring-no-good-tidings-this-year-31728603bde0.md,https://scontent.flis6-1.fna.fbcdn.net/v/t15.5256-10/48270943_517636928723867_3862509830694502400_n.jpg?_nc_cat=102&ccb=1-7&_nc_sid=776239&_nc_ohc=_wmH433tU58AX8884uj&_nc_ht=scontent.flis6-1.fna&oh=00_AfB7S6HvKT3k1JpFEDrsJW4z_lrC7joI87saLUyJBCnCBQ&oe=639ABB0E
2018-12-27-ays-daily-digest-26-12-2018-humiliating-living-conditions-in-iom-run-centre-in-bosnia-174c30250862.md,https://scontent.flis6-1.fna.fbcdn.net/v/t15.5256-10/48302341_790110674657830_1706602072494833664_n.jpg?_nc_cat=105&ccb=1-7&_nc_sid=776239&_nc_ohc=I2tRUIluMpUAX82nXib&_nc_ht=scontent.flis6-1.fna&oh=00_AfBnYlgjbc2npqLMGYpQCEyTYN4_b_kh-qRCwRZgOdzRgw&oe=6399FE8D
2018-12-31-ays-weekend-digest-29-30-12-2018-french-state-deliberately-endangers-people-on-the-move-becd0c54801e.md,https://scontent.flis6-1.fna.fbcdn.net/v/t15.5256-10/48738513_738797509809492_6027833819359346688_n.jpg?_nc_cat=107&ccb=1-7&_nc_sid=776239&_nc_ohc=kmd78RjrousAX9TtAnL&_nc_ht=scontent.flis6-1.fna&oh=00_AfDorxf7nxUDj9jijStDEPuBptFA84Ro20fkN93Ss2Ow2g&oe=639B4082
2018-12-31-ays-weekend-digest-29-30-12-2018-french-state-deliberately-endangers-people-on-the-move-becd0c54801e.md,https://scontent.flis6-1.fna.fbcdn.net/v/t1.6435-9/49183583_2252184481483012_6176690934797828096_n.png?stp=dst-png_p240x240&_nc_cat=110&ccb=1-7&_nc_sid=0cb389&_nc_ohc=QGMDnO64UsQAX-2zW51&_nc_ht=scontent.flis6-1.fna&oh=00_AfBDb4AKyNVe6M4DaIR1vWjDWTdcojteYWTIr7UI8QBp5A&oe=63BD6837
2019-01-01-ays-special-from-germany-life-in-a-limbo-the-story-of-navid-7469c0c1859d.md,https://scontent.flis6-1.fna.fbcdn.net/v/t15.5256-10/48241079_284487945537642_1536309449591881728_n.jpg?_nc_cat=110&ccb=1-7&_nc_sid=776239&_nc_ohc=d1r3Afu1xzQAX_5Lw0A&_nc_ht=scontent.flis6-1.fna&oh=00_AfDsOCjRAyCMjxarI4vwZLSlOxxJW5H7eH_g_pf6achrdw&oe=639B7854
2019-01-03-ays-daily-digest-2-1-2019-dangerous-routes-of-europe-a3b8c545cf8c.md,https://scontent.flis6-1.fna.fbcdn.net/v/t15.5256-10/48332641_373397260132918_965472815228649472_n.jpg?_nc_cat=106&ccb=1-7&_nc_sid=776239&_nc_ohc=uWKZntkgYuEAX9uLGf7&_nc_ht=scontent.flis6-1.fna&oh=00_AfAuDF2TJ9xP6EOfTPmynN_sHB5gJF22t3h1Bsw8P4-SNQ&oe=639A86CF
2019-01-07-ays-weekend-digest-5-6-01-19-the-abuse-of-the-powerless-348362745171.md,https://scontent.flis6-1.fna.fbcdn.net/v/t15.5256-10/49205344_755678444831283_3035365924816289792_n.jpg?_nc_cat=100&ccb=1-7&_nc_sid=776239&_nc_ohc=Ut-FTE7I_0oAX_cxPVM&_nc_ht=scontent.flis6-1.fna&oh=00_AfBxaTsqMIsbZ46L6ecb22FTj8o0osr6UicwDSfsA3o3Qw&oe=639A4A1B
2019-01-07-ays-weekend-digest-5-6-01-19-the-abuse-of-the-powerless-348362745171.md,https://scontent.flis6-1.fna.fbcdn.net/v/t15.5256-10/49147185_10155676568301750_614789246611357696_n.jpg?_nc_cat=100&ccb=1-7&_nc_sid=776239&_nc_ohc=X-cQMNel_ZYAX_hKDrk&_nc_ht=scontent.flis6-1.fna&oh=00_AfAu-HdHCicxRl-2EspFuRf2S-SSUXEMs_HADoeXdYSnxg&oe=639A3BCC
2019-01-14-شتاء-قاسِ-آخر-يواجه-الاجئين-في-الاتحاد-الأوروب-4161fa56036.md,https://scontent.flis6-1.fna.fbcdn.net/v/t1.6435-9/49648176_2291446354462928_5588914846339956736_n.jpg?stp=dst-jpg_p173x172&_nc_cat=102&ccb=1-7&_nc_sid=0cb389&_nc_ohc=bmEu2WQdoFcAX8B_oc3&_nc_ht=scontent.flis6-1.fna&oh=00_AfDvMqydG_STMjwXFPRWR1UW5gyVGAixFnTUceM40hVdMQ&oe=63BD52B0
2019-01-15-ays-daily-digest-14-01-19-open-arms-rescue-ship-barred-from-leaving-port-once-again-6fd53ab4dbc.md,https://scontent.flis6-1.fna.fbcdn.net/v/t15.5256-10/49262188_1087992721380819_7776173172855930880_n.jpg?_nc_cat=109&ccb=1-7&_nc_sid=776239&_nc_ohc=Y7LfVNqNB8QAX8aBxP0&_nc_ht=scontent.flis6-1.fna&oh=00_AfDZOX47jApZw8E68TdUEos_L6SN3_763S_RU_CcnNUk6A&oe=639A707D
2019-01-15-ays-daily-digest-14-01-19-open-arms-rescue-ship-barred-from-leaving-port-once-again-6fd53ab4dbc.md,https://scontent.flis6-1.fna.fbcdn.net/v/t15.5256-10/49237596_2469109156439311_5797536624975806464_n.jpg?_nc_cat=110&ccb=1-7&_nc_sid=776239&_nc_ohc=jgPAG1Jc728AX-7fPCY&_nc_ht=scontent.flis6-1.fna&oh=00_AfB3I9UpZWqiMUNMsL0xsDq8VSb0_ivIV2Su0ZpNKBxCrQ&oe=639A3DBB
2019-01-17-ays-daily-digest-16-01-19-fire-in-moria-camp-839f424af599.md,https://scontent.flis6-1.fna.fbcdn.net/v/t15.5256-10/49411027_320953981863995_57054504473853952_n.jpg?_nc_cat=104&ccb=1-7&_nc_sid=776239&_nc_ohc=-DjKwRyRbjYAX-4Kmm9&_nc_ht=scontent.flis6-1.fna&oh=00_AfAqY3CF1HuAlJqT6ydAlCyMIUa_NDfCub4QFutoQJKvBg&oe=639A982D
2019-01-22-رهبران-اروپایی-دیگر-نمی-توانند-به-مردمی-که-در-دریا-گرفتار-شده-اند-پشت-کنند-d7ecfe360045.md,https://miro.medium.com/max/1200/1*ANxWVnzw7xGPeZU02295kg.jpeg
2019-01-22-رهبران-اروپایی-دیگر-نمی-توانند-به-مردمی-که-در-دریا-گرفتار-شده-اند-پشت-کنند-d7ecfe360045.md,https://www.migrationsverket.se/images/18.2d998ffc151ac38715917c28/1478089092869/dela-bredd-158.png
2019-01-24-ays-daily-digest-23-1-2018-people-in-calais-need-help-c6ff05da27f4.md,https://scontent.flis6-1.fna.fbcdn.net/v/t15.5256-10/50273845_540722773063018_7578581076394639360_n.jpg?_nc_cat=107&ccb=1-7&_nc_sid=776239&_nc_ohc=4djhySrOBN4AX-roJj2&_nc_ht=scontent.flis6-1.fna&oh=00_AfBCf-OEV70QWbOoF3vBDIINHz0uUZx7JG9338vfy5xR6A&oe=639A862F
2019-01-28-ays-daily-digest-26-27-1-18-eu-funded-misery-on-the-greek-islands-fbac9e8d0ca2.md,https://scontent.flis6-1.fna.fbcdn.net/v/t15.5256-10/50104037_604238206700820_7099279429288853504_n.jpg?_nc_cat=108&ccb=1-7&_nc_sid=776239&_nc_ohc=cdb5UzYHy4EAX_MAuZN&_nc_ht=scontent.flis6-1.fna&oh=00_AfDqFEoWz1tfYc2sE-E0yHcMw--RHN4xss2ApDdOXCg-DQ&oe=639A2B29
2019-01-28-ays-daily-digest-26-27-1-18-eu-funded-misery-on-the-greek-islands-ff6cfe68fae3.md,https://scontent.flis6-1.fna.fbcdn.net/v/t15.5256-10/49902616_393970757813373_4423164776931131392_n.jpg?_nc_cat=102&ccb=1-7&_nc_sid=776239&_nc_ohc=LcjfVqhsMPgAX_mgtx7&_nc_ht=scontent.flis6-1.fna&oh=00_AfDQ-uW5aeY_0rEVLLxFsN8NONY5DwsQCNDzwxYWG7Y4TQ&oe=639BB0E8
2019-01-29-ays-daily-digest-28-1-2019-the-odyssee-continues-1f01a9ad72d.md,https://scontent.flis6-1.fna.fbcdn.net/v/t1.6435-9/50796978_625832341218882_5458539937248837632_n.jpg?stp=dst-jpg_p75x225&_nc_cat=103&ccb=1-7&_nc_sid=0cb389&_nc_ohc=y26UisMLnpMAX-Zk93R&_nc_ht=scontent.flis6-1.fna&oh=00_AfDsj0OrwuvewndcsMNbZp8IqauRcpioGArZC9t6_itjjw&oe=63BD56D8
2019-01-29-ays-daily-digest-28-1-2019-the-odyssee-continues-1f01a9ad72d.md,https://scontent.flis6-1.fna.fbcdn.net/v/t1.6435-9/50856814_817753995224462_4691101793386496000_n.jpg?stp=dst-jpg_p160x160&_nc_cat=107&ccb=1-7&_nc_sid=0cb389&_nc_ohc=iaFEcmte5HsAX8S8vne&_nc_ht=scontent.flis6-1.fna&oh=00_AfAw6d_egaUnJkmvZg-frnQB37QQh38YWCeOl9TSXArH5g&oe=63BD4B0F
2019-01-29-اروپا-از-پرداخت-هزینه-برای-نجات-مردم-در-دریا-جلوگیری-می-کند-در-حالی-که-برای-کمپ-های-نامناسب-در-586506d64ef8.md,https://miro.medium.com/max/1200/1*7QdO4tT-keulGiXLBsfFjw.jpeg
2019-01-29-تمويل-الاتحاد-الأوروبي-يمنع-إنقاذ-الأرواح-في-البحر-بينما-يدعم-المخيمات-اللاإنسانية-في-دول-البلقان-a7dc22e7bf7f.md,https://miro.medium.com/max/1200/1*Cmk2fGfNiPKAWQGTX69e_g.jpeg
2019-01-30-ays-daily-digest-29-01-19-evictions-in-porte-de-la-chapelle-1fd252238a4e.md,https://scontent.flis6-1.fna.fbcdn.net/v/t15.5256-10/49934761_649698425461711_7368114811168620544_n.jpg?_nc_cat=109&ccb=1-7&_nc_sid=776239&_nc_ohc=1gs8PM1yn8AAX_LM1cO&_nc_ht=scontent.flis6-1.fna&oh=00_AfBtKmJGrOMIEBjAduLDqpKOcHGJhlA39_orjLaZc-myrQ&oe=639AB709
2019-02-01-daily-digest-31-1-2018-an-average-of-six-deaths-every-day-in-the-sea-in-2018-6ac194d21f0a.md,https://scontent.flis6-1.fna.fbcdn.net/v/t15.5256-10/50843172_628971834188467_4742488272469491712_n.jpg?_nc_cat=109&ccb=1-7&_nc_sid=776239&_nc_ohc=-XDKx8tL910AX_jeGEZ&_nc_ht=scontent.flis6-1.fna&oh=00_AfBxJUjepqWiYEotxjQ9FsMmXrLntPdG81qSFQ2Ld07dTg&oe=639BA082
2019-02-05-ays-daily-digest-4-2-2019-15-980-people-stranded-in-greek-islands-e0eeaadcf8f8.md,https://scontent.flis6-1.fna.fbcdn.net/v/t15.5256-10/52027542_358862928173681_8615219408068935680_n.jpg?stp=dst-jpg_s320x320&_nc_cat=102&ccb=1-7&_nc_sid=c12c07&_nc_ohc=BrjIUW3QjdgAX9ZLQAS&_nc_ht=scontent.flis6-1.fna&oh=00_AfAtE5-3HTcdxrkyiqiq76A51DaHnqdfSAPBKToTQ_cIJA&oe=639B4745
2019-02-09-ays-daily-news-digest-8-2-19-violence-in-morocco-increases-25cc8d0c81b9.md,https://scontent.flis6-1.fna.fbcdn.net/v/t15.5256-10/52004030_641166969634550_7139425489331945472_n.jpg?_nc_cat=105&ccb=1-7&_nc_sid=776239&_nc_ohc=rfGZFO-z6A8AX9wk8VV&_nc_ht=scontent.flis6-1.fna&oh=00_AfAUgaV-0Wj0UfejFddWxtDA5UoDjednJ5edeamLX2zVLg&oe=639BC40B
2019-02-11-ays-weekend-digest-9-10-02-19-5-years-on-and-people-keep-dying-at-europes-borders-e4937cceb33c.md,https://scontent.flis6-1.fna.fbcdn.net/v/t15.5256-10/51897330_309000043153150_2530595516782215168_n.jpg?stp=dst-jpg_s320x320&_nc_cat=111&ccb=1-7&_nc_sid=c12c07&_nc_ohc=khHn65LgSc0AX_coQix&_nc_ht=scontent.flis6-1.fna&oh=00_AfB61PDc5hMRV17JkUz6w6AtEJdRgQrAlSNXBFAE8oBHKA&oe=639BCC01
2019-02-12-تظاهرات-برای-مخالفت-با-سیاست-بسته-بودن-مرزها-457758feea96.md,https://scontent.flis6-1.fna.fbcdn.net/v/t1.6435-9/51753210_2269650343247228_8330332221575528448_n.jpg?stp=dst-jpg_s851x315&_nc_cat=107&ccb=1-7&_nc_sid=0cb389&_nc_ohc=G5DkB9_SF8cAX-2EoZV&_nc_ht=scontent.flis6-1.fna&oh=00_AfChHs72fHEYWrnGeDYfbAScSsRWGn7IYEunyvQ09LEhhA&oe=63BD5FF8
2019-02-12-تظاهرات-برای-مخالفت-با-سیاست-بسته-بودن-مرزها-457758feea96.md,https://scontent.flis6-1.fna.fbcdn.net/v/t15.5256-10/51983726_796983850682258_4295119380791951360_n.jpg?_nc_cat=107&ccb=1-7&_nc_sid=776239&_nc_ohc=bLQxBUwBzb4AX8AjF4T&_nc_ht=scontent.flis6-1.fna&oh=00_AfDQYEYmQaidNe3JvrUfpkJyfLTvn2gO6lpfytz8D-cvBA&oe=639BA043
2019-02-13-ays-daily-digest-12-2-2019-denmark-leaving-human-rights-behind-one-law-at-the-time-59a4679cb04c.md,https://scontent.flis6-1.fna.fbcdn.net/v/t15.5256-10/52096605_749760402090371_6400436465808965632_n.jpg?_nc_cat=105&ccb=1-7&_nc_sid=776239&_nc_ohc=8IhWXDpOW00AX-mwtkh&_nc_ht=scontent.flis6-1.fna&oh=00_AfDK9XU7yebgr8Ch2NnQJEn53NsbihVwp_iYD52XGIFDoQ&oe=639A236C
2019-02-14-ays-daily-news-digest-13-2-19-another-child-lost-in-the-sea-95402da168f5.md,https://scontent.flis6-1.fna.fbcdn.net/v/t15.5256-10/52037238_2088298624571872_2453223111168884736_n.jpg?_nc_cat=100&ccb=1-7&_nc_sid=776239&_nc_ohc=yQr7kPpig_AAX8WSIGF&_nc_ht=scontent.flis6-1.fna&oh=00_AfDwYckFgWSN_7FB1EYolCH7al-4EQeMxfRlTE2d-ag8bA&oe=639ACC32
2019-02-14-ays-daily-news-digest-13-2-19-another-child-lost-in-the-sea-95402da168f5.md,https://scontent.flis6-1.fna.fbcdn.net/v/t15.5256-10/52308439_283909442287164_5776311046922829824_n.jpg?_nc_cat=106&ccb=1-7&_nc_sid=776239&_nc_ohc=4IsmXU7B2dIAX-zpLxF&_nc_ht=scontent.flis6-1.fna&oh=00_AfAb1U0rjjobgu-VjwJo7oyFj4VjpaqU7xEDawRMyEbbLQ&oe=639A93C0
2019-02-14-ays-daily-news-digest-13-2-19-another-child-lost-in-the-sea-95402da168f5.md,https://scontent.flis6-1.fna.fbcdn.net/v/t15.5256-10/52136887_2187379594642013_3480155276315721728_n.jpg?_nc_cat=111&ccb=1-7&_nc_sid=776239&_nc_ohc=fsardq5iE2EAX_GoVNu&_nc_ht=scontent.flis6-1.fna&oh=00_AfDhwvPPCzoAmu_NAsDlQL7cphS0lXgHiSLbbergkqG_kw&oe=639B4CCF
2019-02-15-ays-daily-digest-14-02-2019-italy-rejecting-the-highest-number-of-asylum-applications-in-years-929ad4fcc878.md,https://scontent.flis6-1.fna.fbcdn.net/v/t1.6435-9/49897001_797983910552929_2422324326167478272_n.jpg?stp=dst-jpg_p75x225&_nc_cat=107&ccb=1-7&_nc_sid=0cb389&_nc_ohc=6KM3uqpYD4MAX8RFC_a&_nc_ht=scontent.flis6-1.fna&oh=00_AfBzCKPJ8EVA_QuvsQzezcsqk-dBzo8vFM9vVv1T_FEkdQ&oe=63BD7E8F
2019-02-15-ays-daily-digest-14-02-2019-italy-rejecting-the-highest-number-of-asylum-applications-in-years-929ad4fcc878.md,https://scontent.flis6-1.fna.fbcdn.net/v/t1.6435-9/52165005_2313251172282446_2574247966650925056_n.jpg?stp=dst-jpg_s320x320&_nc_cat=105&ccb=1-7&_nc_sid=0cb389&_nc_ohc=KWzB3Vq0e10AX-YskEI&_nc_ht=scontent.flis6-1.fna&oh=00_AfDP8yjVK8XM7Q3bfjAZc-BOZAfqqxwWyWik5iQtraMx6w&oe=63BD4CF3
2019-02-15-ays-daily-digest-14-02-2019-italy-rejecting-the-highest-number-of-asylum-applications-in-years-929ad4fcc878.md,https://scontent.flis6-1.fna.fbcdn.net/v/t1.6435-9/51775664_1776604085778814_8102915515728527360_n.jpg?stp=dst-jpg_p206x206&_nc_cat=107&ccb=1-7&_nc_sid=0cb389&_nc_ohc=lbfGtyOu9F4AX88rvcW&_nc_ht=scontent.flis6-1.fna&oh=00_AfDL29Zcr0SZR7SmztmNgx3oddeYTpb6KUXDD5X5P210ZQ&oe=63BD6BD6
2019-02-15-ays-daily-digest-14-02-2019-italy-rejecting-the-highest-number-of-asylum-applications-in-years-929ad4fcc878.md,https://scontent.flis6-1.fna.fbcdn.net/v/t1.6435-9/52309196_793809444324574_2450482797479985152_n.jpg?stp=dst-jpg_s851x315&_nc_cat=103&ccb=1-7&_nc_sid=0cb389&_nc_ohc=aEwrTOe_x08AX_sc99y&_nc_ht=scontent.flis6-1.fna&oh=00_AfAAld39ZYy8ftgUmlnUSmduihkI1MUl_UWbkyrkwbbkkQ&oe=63BD7B18
2019-02-18-ays-weekend-digest-16-17-02-19-dividing-families-to-increase-deportations-d2cbc6044ec8.md,https://scontent.flis6-1.fna.fbcdn.net/v/t1.6435-9/52546638_637642430037873_2308298944527990784_n.jpg?stp=dst-jpg_p75x225&_nc_cat=101&ccb=1-7&_nc_sid=0cb389&_nc_ohc=YCeAJI6k8DoAX-5gYeD&_nc_ht=scontent.flis6-1.fna&oh=00_AfC2VKHWWzfuH5TNo2wfpyR0oAx0V22KXlapty5vxZfmAw&oe=63BD6E0D
2019-02-18-ays-weekend-digest-16-17-02-19-dividing-families-to-increase-deportations-d2cbc6044ec8.md,https://scontent.flis6-1.fna.fbcdn.net/v/t1.6435-9/51856668_2317916744909785_2255124878581563392_n.jpg?stp=dst-jpg_s320x320&_nc_cat=108&ccb=1-7&_nc_sid=0cb389&_nc_ohc=vYLZOSrik04AX9kwUvf&_nc_ht=scontent.flis6-1.fna&oh=00_AfDRT3dq_VCU1fLEukkh61Bp-1ddYlQd9rktMt_T0qU1Jw&oe=63BD70A7
2019-02-20-ays-daily-digest-19-02-2019-anti-torture-committee-criticises-situation-of-patients-in-detention-24c7be432075.md,https://scontent.flis6-1.fna.fbcdn.net/v/t1.6435-9/52179269_10156999183774817_3955703474192121856_n.jpg?stp=dst-jpg_p75x225&_nc_cat=107&ccb=1-7&_nc_sid=0cb389&_nc_ohc=FdnfU_F7ltIAX-XVJCw&_nc_ht=scontent.flis6-1.fna&oh=00_AfDkB3UEvruRHBiBCoVP3WGvDlNt1AEbbiAkpaxtT9B5WA&oe=63BD70FB
2019-02-23-ays-daily-digest-22-2-19-cries-for-help-from-behind-the-bars-of-detention-centres-29a8b2d0281d.md,https://scontent.flis6-1.fna.fbcdn.net/v/t15.5256-10/52142776_2277358779254833_8496287576049582080_n.jpg?_nc_cat=108&ccb=1-7&_nc_sid=776239&_nc_ohc=abFCd0GIbugAX-lOESm&_nc_ht=scontent.flis6-1.fna&oh=00_AfBTtzcccOMIejKmR_j4ov5S8nsBGBuXVkG9GAyBFoFRWQ&oe=6399EE36
2019-02-28-ays-daily-digest-27-2-2018-thousands-of-people-in-greece-afraid-of-of-losing-accomodation-ea766f51cfa.md,https://scontent.flis6-1.fna.fbcdn.net/v/t15.5256-10/52251105_2232690926943311_4063144043901616128_n.jpg?_nc_cat=111&ccb=1-7&_nc_sid=776239&_nc_ohc=tW3g_8oNfGoAX8klaHu&_nc_ht=scontent.flis6-1.fna&oh=00_AfCoTn-q7h2nDvDJU4IQOjQxB4OTAoLpedvh9Vrj_57yhA&oe=639B4C56
2019-03-01-ays-daily-digest-28-2-19-european-court-indictment-against-the-practice-of-detaining-children-b03884d4fd02.md,https://miro.medium.com/max/1200/1*k2cACqDSfjtjBZV_BopkvA.png
2019-03-01-ays-daily-digest-28-2-19-european-court-indictment-against-the-practice-of-detaining-children-b03884d4fd02.md,https://scontent.flis6-1.fna.fbcdn.net/v/t15.5256-10/52603378_724415187955032_4540175938230419456_n.jpg?_nc_cat=103&ccb=1-7&_nc_sid=776239&_nc_ohc=prjiFje3YsQAX9yHREQ&_nc_ht=scontent.flis6-1.fna&oh=00_AfBjNn9wYAM-7uvLpsgfGAi1tgtnbpBP5TUWNjCcBE_2Pw&oe=6399EF76
2019-03-02-ays-daily-news-digest-1-3-19-announced-changes-in-the-system-while-dubious-border-practice-88754f60b06f.md,https://scontent.flis6-1.fna.fbcdn.net/v/t15.5256-10/52278950_412968506125403_7330520459915558912_n.jpg?_nc_cat=110&ccb=1-7&_nc_sid=776239&_nc_ohc=pLGrNiaV3SMAX9iorQO&_nc_ht=scontent.flis6-1.fna&oh=00_AfC1D0yylTeAS1ipuoiPTnOj3SrzvTBfOkTc35y9sNNjnA&oe=639A38F9
2019-03-02-ays-daily-news-digest-1-3-19-announced-changes-in-the-system-while-dubious-border-practice-88754f60b06f.md,https://scontent.flis6-1.fna.fbcdn.net/v/t15.5256-10/52749868_639177263206796_1203724082885951488_n.jpg?_nc_cat=103&ccb=1-7&_nc_sid=776239&_nc_ohc=gOufFlyXd8IAX-1-IQR&_nc_ht=scontent.flis6-1.fna&oh=00_AfDy3nV62TuKUld6Xi1deqX52zGq2OArn2OQCl1wJzyFng&oe=639B6DD9
2019-03-02-ays-daily-news-digest-1-3-19-announced-changes-in-the-system-while-dubious-border-practice-88754f60b06f.md,https://scontent.flis6-1.fna.fbcdn.net/v/t15.5256-10/51983848_2351650354847604_5587481207731388416_n.jpg?_nc_cat=110&ccb=1-7&_nc_sid=776239&_nc_ohc=gUPlHis4nuAAX_RVXoe&_nc_ht=scontent.flis6-1.fna&oh=00_AfDRVXd6T0jGrb8UzR5KBgR_XpjWl_NMZXGwL75Rn5it2g&oe=639BCBDB
2019-03-03-یونان-قصد-دارد-تا-کمک-مالی-نقدی-و-مسکن-برای-پناهندگانی-که-شناسایی-شده-اند-را-به-تدریج-متوقف-کند-74a6cc5deb64.md,https://scontent.flis6-1.fna.fbcdn.net/v/t1.6435-9/52980003_2382472365314812_5621801544069414912_n.jpg?stp=dst-jpg_p206x206&_nc_cat=102&ccb=1-7&_nc_sid=0cb389&_nc_ohc=G7ldwMxNBQoAX8FQbCS&_nc_ht=scontent.flis6-1.fna&oh=00_AfB55jYYp23CWcNVp3RXSVNeWpXp6ZUG8JyhcAGZcYIh0Q&oe=63BD7A50
2019-03-04-ays-weekend-digest-2-3-3-19-minors-tortured-in-libyas-triq-al-sikka-detention-centre-42fdd1a50c13.md,https://scontent.flis6-1.fna.fbcdn.net/v/t15.5256-10/52357983_292639701411741_8501638469645238272_n.jpg?_nc_cat=109&ccb=1-7&_nc_sid=776239&_nc_ohc=2GkH3QqkmZcAX9_J_Qq&_nc_ht=scontent.flis6-1.fna&oh=00_AfBc62dhv0q3YpfwU2Z6ufusYDtyQyo7llOTQIhfTE0Usg&oe=639AED3F
2019-03-05-ازدحام-جمعیت-در-مرکزها-و-زندان-های-پناهندگی-f15b98efbd26.md,https://miro.medium.com/max/946/1*yE975Fy0ep1f8ydRqf81yA.jpeg
2019-03-06-ays-daily-digest-5-3-19-todays-europe-criminalizes-human-rights-defenders-20-years-for-saving-587e177edbcf.md,https://scontent.flis6-1.fna.fbcdn.net/v/t15.5256-10/53243950_2188626681402731_7718481351069925376_n.jpg?_nc_cat=104&ccb=1-7&_nc_sid=776239&_nc_ohc=lZXIMlaIX7cAX_L9T4t&_nc_ht=scontent.flis6-1.fna&oh=00_AfCYiuNmPLndr08eJ3z2-HnfW7jpockxt8Mtfl-7_blzJg&oe=639B98DF
2019-03-09-ays-daily-digest-08-03-2019-54-persons-granted-refugee-status-and-74-subsidiary-protection-in-a21b41045592.md,https://scontent.flis6-1.fna.fbcdn.net/v/t15.5256-10/52794975_490623161469063_8137170714592542720_n.jpg?_nc_cat=106&ccb=1-7&_nc_sid=776239&_nc_ohc=Lc-4d-qgW7wAX_iLF9y&_nc_ht=scontent.flis6-1.fna&oh=00_AfC3bW1PsP8U29MSPq_0e13ctPK8QJLYRVpwS9bP52udKg&oe=6399EB33
2019-03-11-عوض-شدن-قوانین-پناهندگی-در-دانمارک-7b984cac7a86.md,https://borgerforslag.dk/media/1071/some-borgerforslag.jpg
2019-03-11-عوض-شدن-قوانین-پناهندگی-در-دانمارک-7b984cac7a86.md,https://miro.medium.com/max/1080/1*kkFxZutiYyYd3punnfpiuA.jpeg
2019-03-11-عوض-شدن-قوانین-پناهندگی-در-دانمارک-7b984cac7a86.md,https://miro.medium.com/max/750/1*riWs0MayBHvJ-f4lbpmrwA.jpeg
2019-03-12-ays-daily-digest-11-3-19-violent-official-reaction-to-peaceful-protest-in-iceland-43181c42893e.md,https://scontent.flis6-1.fna.fbcdn.net/v/t15.5256-10/52869052_309089166439140_3995825959159726080_n.jpg?_nc_cat=100&ccb=1-7&_nc_sid=776239&_nc_ohc=FzfKAn3aGbcAX8DbDE3&_nc_ht=scontent.flis6-1.fna&oh=00_AfAplE-UQcb6-VARdx7AcQk94Hj6h2wenS30E3Rf7CFsYg&oe=639BD335
2019-03-12-التغييرات-في-قانون-اللجوء-في-الدنمارك-b99e429d54ad.md,https://miro.medium.com/max/620/1*HSeRIspjb9Ha0jH9t3fa7Q.jpeg
2019-03-18-ays-weekend-digest-16-17-03-2019-protest-of-detainee-in-italian-cpr-silenced-16a4c2782c3d.md,https://scontent.flis6-1.fna.fbcdn.net/v/t15.5256-10/52964961_401624907332337_6522325696344227840_n.jpg?_nc_cat=111&ccb=1-7&_nc_sid=776239&_nc_ohc=KRqwmvX1YocAX-0iKKL&_nc_ht=scontent.flis6-1.fna&oh=00_AfDjbDMOX-MPA2u6akjZpVvRE5Y58yhdUSHkagAAtlI2cQ&oe=639BA14B
2019-03-18-ays-weekend-digest-16-17-03-2019-protest-of-detainee-in-italian-cpr-silenced-16a4c2782c3d.md,https://scontent.flis6-1.fna.fbcdn.net/v/t15.5256-10/53255510_1019691544889678_9132122136641536000_n.jpg?_nc_cat=101&ccb=1-7&_nc_sid=776239&_nc_ohc=QSxby1yE-I8AX9B4LFt&_nc_ht=scontent.flis6-1.fna&oh=00_AfB-Q2VbF9SwjxlAxfJAYfMx5Pwqv5_96ixnA2P6TtWxOw&oe=639A3405
2019-03-18-ays-weekend-digest-16-17-03-2019-protest-of-detainee-in-italian-cpr-silenced-16a4c2782c3d.md,https://scontent.flis6-1.fna.fbcdn.net/v/t15.5256-10/53427019_645499189208559_2144615589098815488_n.jpg?_nc_cat=110&ccb=1-7&_nc_sid=776239&_nc_ohc=SAQc2nldoHYAX8Lq0Ry&_nc_oc=AQlpAaPm5JyrTqfwfAhAwBpZwdRWb7vNm7H_Wq-7cIm6nxxZiqDWp7aCIdpVAKUtxPg&_nc_ht=scontent.flis6-1.fna&oh=00_AfAUfuz2hxKot8tcKkxF5oPCYOh5chNoEKX8ReUitzJW5w&oe=639A1CA4
2019-03-18-ays-weekend-digest-16-17-03-2019-protest-of-detainee-in-italian-cpr-silenced-16a4c2782c3d.md,https://scontent.flis6-1.fna.fbcdn.net/v/t15.5256-10/53503982_408101459965791_4206786119854981120_n.jpg?_nc_cat=100&ccb=1-7&_nc_sid=776239&_nc_ohc=vMlXjvQQ7EkAX-PYOvD&_nc_ht=scontent.flis6-1.fna&oh=00_AfAKQC-FxvOtIOn0tN7LmhfZ386jD-UZn-t2g2bJQD9guQ&oe=639B0A61
2019-03-19-daily-digest-19-3-2019-hungary-to-teach-bosnia-on-how-to-protect-borders-1976fd0e8465.md,https://scontent.flis6-1.fna.fbcdn.net/v/t15.5256-10/53534432_10216178407160649_3357822800860545024_n.jpg?_nc_cat=105&ccb=1-7&_nc_sid=776239&_nc_ohc=NE2mS6l8d5QAX-7-21A&_nc_ht=scontent.flis6-1.fna&oh=00_AfCjRRG0lxOFU_ZnZRev5lwXSYMVogT4HGBQCk6xgb18Vg&oe=639ACD89
2019-03-19-مع-زيادة-عدد-الوافدين-إلى-أوروبا-يرتفع-عدد-عمليات-الطرد-أيضًا-f20d1e8f3229.md,https://miro.medium.com/max/960/1*JEiK1hIDFI7Nr8_HMvFS4A.jpeg
2019-04-01-ays-weekend-digest-30-31-03-2019-minors-in-france-controversial-assessments-and-unfair-treatment-86f92c2ce2bc.md,https://scontent.flis6-1.fna.fbcdn.net/v/t15.5256-10/54456150_436368387133651_3207268825447792640_n.jpg?_nc_cat=105&ccb=1-7&_nc_sid=776239&_nc_ohc=TcDWFRnouJcAX-uHobt&_nc_ht=scontent.flis6-1.fna&oh=00_AfBnNlaMkMFJsx_4lO-Lc7-gjuGRsyJJyk3Gl-3IAbpwaw&oe=639BDF46
2019-04-08-ays-weekend-digest-6-7-4-2019-border-regime-or-human-rights-8c5fcfcdc818.md,https://scontent.flis6-1.fna.fbcdn.net/v/t15.5256-10/54605300_2420987198135760_2805589950483922944_n.jpg?_nc_cat=102&ccb=1-7&_nc_sid=776239&_nc_ohc=ixID8q674kMAX-VB-Pz&_nc_ht=scontent.flis6-1.fna&oh=00_AfC-mlmb47Azvx9gFtO7ZtqakVOWrjh4ylcbDm2GTOXDqQ&oe=639AA0DC
2019-04-09-ays-daily-digest-08-04-2019-vulnerable-victims-65387427f10f.md,https://scontent.flis6-1.fna.fbcdn.net/v/t1.6435-9/57104044_2253520871334910_7927908749606387712_n.jpg?stp=dst-jpg_p240x240&_nc_cat=111&ccb=1-7&_nc_sid=0cb389&_nc_ohc=8c9eKvhp63EAX8ZToGx&_nc_ht=scontent.flis6-1.fna&oh=00_AfCw3JmxSNspKUPDdoXA6LyvPzYgymplewlCAp2YMOHb6w&oe=63BD464E
2019-04-09-بعد-از-کاروان-امید-84a81fbac011.md,https://scontent.flis6-1.fna.fbcdn.net/v/t15.5256-10/56598292_274610283472620_6061552911815540736_n.jpg?_nc_cat=102&ccb=1-7&_nc_sid=776239&_nc_ohc=T931vhyCLAEAX_T48mq&_nc_ht=scontent.flis6-1.fna&oh=00_AfCAO3_QHMtZgJ2dCiaisYHYQW3dDc_E9miFJ3AryK8NaA&oe=639B9A04
2019-04-09-بعد-از-کاروان-امید-84a81fbac011.md,https://scontent.flis6-1.fna.fbcdn.net/v/t1.6435-9/54408471_2397379577157424_5356169537777565696_n.jpg?stp=dst-jpg_p75x225&_nc_cat=109&ccb=1-7&_nc_sid=0cb389&_nc_ohc=vX990FvcuxUAX-V5GiH&_nc_ht=scontent.flis6-1.fna&oh=00_AfBVWNdSVeEhewUubT6lC0B2PEYuPWYSP7UU00GGYz_tYQ&oe=63BD5AEE
2019-04-09-بعد-از-کاروان-امید-84a81fbac011.md,https://miro.medium.com/max/1200/1*4xQCvoRhRc118-_TwCxgsQ.jpeg
2019-04-09-بعد-از-کاروان-امید-84a81fbac011.md,https://scontent.flis6-1.fna.fbcdn.net/v/t15.5256-10/54601893_1829404613828074_7720952640892305408_n.jpg?_nc_cat=105&ccb=1-7&_nc_sid=776239&_nc_ohc=49Tz06mmwGAAX_IYJWr&_nc_ht=scontent.flis6-1.fna&oh=00_AfCChnChzq1GffWF0Ta_XQ6rDniYXzmypqtCPLAT-LtYvg&oe=639ADF49
2019-04-11-ays-daily-digest-10-4-19-evictions-in-athens-eab8e2ab9e22.md,https://scontent.flis6-1.fna.fbcdn.net/v/t15.5256-10/56416946_261106791435622_7360074658160312320_n.jpg?_nc_cat=109&ccb=1-7&_nc_sid=776239&_nc_ohc=IeB891oTPEsAX_2hzem&_nc_ht=scontent.flis6-1.fna&oh=00_AfBkwvOTXxbuVwrrzcv-RdJ4CeW1pSfRxUtFZBAJWlCnbg&oe=639BB0CF
2019-04-16-ays-daily-digest-15-4-19-locked-and-detained-in-the-midst-of-fights-in-libya-4ebbfd25ae20.md,https://scontent.flis6-1.fna.fbcdn.net/v/t15.5256-10/56498725_676955909426606_7459015891317948416_n.jpg?_nc_cat=105&ccb=1-7&_nc_sid=776239&_nc_ohc=8kLcXlTkaQsAX9jq9Uk&_nc_ht=scontent.flis6-1.fna&oh=00_AfDjf8i2PpJ263i9dYKWgOu4fmMK0iKevxMznXXv0wKEog&oe=639BBA23
2019-04-17-ays-daily-digest-16-4-19-how-do-the-eu-commissions-funds-manage-to-bypass-those-in-need-9a386ccea010.md,https://scontent.flis6-1.fna.fbcdn.net/v/t15.5256-10/56419520_2351330251771103_5092305662147297280_n.jpg?_nc_cat=105&ccb=1-7&_nc_sid=776239&_nc_ohc=EZ3wmqnfZ0EAX8KhSVT&_nc_ht=scontent.flis6-1.fna&oh=00_AfCM_b4-zMx1eeACUg8cmjsZTjUxnCgwrTbDZF781Qlt-g&oe=639A28E3
2019-04-19-ays-daily-digest-18-4-19-two-squats-evicted-c069c9232ad1.md,https://i0.wp.com/konfront.dk/wp-content/uploads/2019/04/56899523_2222088418046081_7700536565390376960_n.jpg?fit=480%2C360&ssl=1
2019-04-22-آلمان-پیش-نویس-لایحه-ای-را-تصویب-کرد-که-برای-تسریع-دیپورت-پناهجویان-طراحی-شده-بود-ac3becb894ea.md,https://miro.medium.com/max/1200/1*RtVLtOb3XM5N4aNPRDKr0g.jpeg
2019-04-22-آلمان-پیش-نویس-لایحه-ای-را-تصویب-کرد-که-برای-تسریع-دیپورت-پناهجویان-طراحی-شده-بود-ac3becb894ea.md,https://scontent.flis6-1.fna.fbcdn.net/v/t15.5256-10/53010861_369072893678566_7276351889996775424_n.jpg?_nc_cat=102&ccb=1-7&_nc_sid=776239&_nc_ohc=FHUGCkiNOmYAX8xbv2e&_nc_ht=scontent.flis6-1.fna&oh=00_AfDne6K6ZNTABF9p8ReQ5_wKJbLouAnY5DCMuuH-GOZhfg&oe=639BC7C4
2019-04-29-ays-news-digest-27-28-4-19-at-least-16-people-died-trying-to-reach-the-port-of-departure-in-8a1c84379986.md,https://miro.medium.com/max/1161/1*7BQoIdYvoOxUmfWv9hiqmg.jpeg
2019-04-30-ays-daily-digest-29-04-19-another-ship-in-distress-ignored-598efc4b20b8.md,https://scontent.flis6-1.fna.fbcdn.net/v/t15.5256-10/58452295_304874903735627_6585796997922422784_n.jpg?_nc_cat=101&ccb=1-7&_nc_sid=776239&_nc_ohc=8VQScFdG0psAX80ICQf&_nc_oc=AQlpUoENtWONK4iVsJ-EYrk69MQGPe3RvMxaPqnpGiGRVWc_HlQi5cxfRZY5reaOt58&_nc_ht=scontent.flis6-1.fna&oh=00_AfArMSGUGSDB69jEilpxY2FaC-ycqTMI4QMWLpER33losQ&oe=639AC735
2019-05-03-ays-daily-digest-02-05-2019-italy-deporting-vulnerable-cases-to-inadequate-centre-1ff892d073f0.md,https://scontent.flis6-1.fna.fbcdn.net/v/t15.5256-10/58452156_10216691635754902_2174209580215566336_n.jpg?_nc_cat=111&ccb=1-7&_nc_sid=776239&_nc_ohc=PFdm838Kq-AAX976t8y&_nc_oc=AQkDBCKzUUvD_PL4nzWMZeLknbPco1J4pMiIL9RXH8E63jYS9eeKztgUINtp3DHwPYI&_nc_ht=scontent.flis6-1.fna&oh=00_AfC98OtqqoQZlr5c1WkZJ6NeEZOIEYnRHpEc5zkaU4FdNg&oe=639AB552
2019-05-04-ays-daily-digest-03-05-2019-deliberate-denial-of-food-in-hungarian-detention-centres-3ffaa72db3ce.md,https://scontent.flis6-1.fna.fbcdn.net/v/t15.5256-10/58406861_293651211582131_6557822948210638848_n.jpg?_nc_cat=103&ccb=1-7&_nc_sid=776239&_nc_ohc=Adew_mPUy9IAX94De0S&_nc_ht=scontent.flis6-1.fna&oh=00_AfBpow77t0kIHskfO2YrReoeaq__8dNeSqIog7C4lGQAAA&oe=639A0156
2019-05-06-ays-weekend-digest-04-05-5-2019-border-agreement-with-albania-now-operational-cef3237366b5.md,https://scontent.flis6-1.fna.fbcdn.net/v/t1.6435-9/59285365_373310916615568_2654957076521943040_n.jpg?stp=dst-jpg_p280x280&_nc_cat=106&ccb=1-7&_nc_sid=0cb389&_nc_ohc=NeErleV_0y4AX9WVZ0P&_nc_ht=scontent.flis6-1.fna&oh=00_AfALKEKz5t-OO_L86aRYSmGfRaXjwlFiAHXxePSZkcATPw&oe=63BD4672
2019-05-06-ays-weekend-digest-04-05-5-2019-border-agreement-with-albania-now-operational-cef3237366b5.md,https://scontent.flis6-1.fna.fbcdn.net/v/t1.6435-9/59620359_2359642440976652_7875885447132479488_n.jpg?stp=dst-jpg_p206x206&_nc_cat=108&ccb=1-7&_nc_sid=0cb389&_nc_ohc=-iXi3quoMk0AX-Fu_-A&_nc_ht=scontent.flis6-1.fna&oh=00_AfBKyrp4-X-azDZbdmVS0q9G0H61ARWXFQgZ-u2MsVj0pg&oe=63BD6543
2019-05-07-ays-daily-digest-06-05-2019-field-workers-striking-to-demand-housing-rights-and-regular-contracts-cdef07284050.md,https://scontent.flis6-1.fna.fbcdn.net/v/t1.6435-9/59393543_1397410213732097_647271478680616960_n.jpg?stp=dst-jpg_s851x315&_nc_cat=111&ccb=1-7&_nc_sid=0cb389&_nc_ohc=xraIrdWvjm4AX_sL1np&_nc_ht=scontent.flis6-1.fna&oh=00_AfAo0Ik-g6bnBPpL2pxHFFu0hGxeQzNCTQeFzKVmkFaCXw&oe=63BD7ACC
2019-05-09-ays-daily-digest-8-5-19-deportation-straight-to-danger-violence-and-humiliation-widely-dbb23e380772.md,https://scontent.flis6-1.fna.fbcdn.net/v/t15.5256-10/57345115_409455683209540_6977132303147335680_n.jpg?_nc_cat=109&ccb=1-7&_nc_sid=776239&_nc_ohc=Z8Mm8FL45pMAX8ihBRY&_nc_ht=scontent.flis6-1.fna&oh=00_AfD--wCWXp-nCHhiK3UU-Zmh4UYeycUUa0GQFWzg4DwCVg&oe=639B1C94
2019-05-09-ays-daily-digest-8-5-19-deportation-straight-to-danger-violence-and-humiliation-widely-dbb23e380772.md,https://scontent.flis6-1.fna.fbcdn.net/v/t15.5256-10/58469825_349287152391627_8483754406213320704_n.jpg?stp=dst-jpg_s320x320&_nc_cat=103&ccb=1-7&_nc_sid=c12c07&_nc_ohc=fhqQVVhBG5wAX_u12Gk&_nc_ht=scontent.flis6-1.fna&oh=00_AfBg60vSBZm_gHc2RbzLk0nOirhxGtwlawk9cRDx0vg3oA&oe=639AC3FE
2019-05-11-ays-daily-digest-10-05-2019-70-people-died-at-sea-100-others-sent-to-death-in-libya-16095f4e81a1.md,https://miro.medium.com/max/720/1*h8fj81vpqqNRrVDG9wVvfw.jpeg
2019-05-20-ays-news-digest-18-19-5-19-thanks-to-the-political-hypocrisy-47-shipwrecked-deprived-of-their-33c6941942f5.md,https://scontent.flis6-1.fna.fbcdn.net/v/t15.5256-10/60090702_687265648371064_3120344236474499072_n.jpg?stp=dst-jpg_s320x320&_nc_cat=106&ccb=1-7&_nc_sid=c12c07&_nc_ohc=-J7Y-ev0h_sAX_8aVx1&_nc_ht=scontent.flis6-1.fna&oh=00_AfCqlsCzSyeIOtPCvjgTrz93BBnaH4aSld5ngipsIeyKSw&oe=639B857A
2019-05-21-خبرهایی-از-مسیر-بالکان-و-تغییراتی-در-پروسه-پناهندگی-در-اروپا-6ebea1c73206.md,https://scontent.flis6-1.fna.fbcdn.net/v/t15.5256-10/58751306_2036031423367065_2597256170880106496_n.jpg?_nc_cat=100&ccb=1-7&_nc_sid=776239&_nc_ohc=X8HMZB0aZSwAX-sfFor&_nc_ht=scontent.flis6-1.fna&oh=00_AfAQjFnsRi-XiCWAn7lYDVd06hjTK7KsqaAGtN3FdIhXqg&oe=639AB4B5
2019-05-22-ays-daily-digest-21-05-2019-report-shows-that-1-007-52c10a72ea86.md,https://scontent.flis6-1.fna.fbcdn.net/v/t1.6435-9/60635616_2503778586319077_6004215094118973440_n.jpg?stp=dst-jpg_s320x320&_nc_cat=104&ccb=1-7&_nc_sid=0cb389&_nc_ohc=oz9vn4s25yAAX8AxGWZ&_nc_ht=scontent.flis6-1.fna&oh=00_AfDucE4kdglXedvn_RPJnUmMWl3-TdwUJxSvl2c2zo5xww&oe=63BD7886
2019-05-22-ays-daily-digest-21-05-2019-report-shows-that-1-007-52c10a72ea86.md,https://scontent.flis6-1.fna.fbcdn.net/v/t1.6435-9/61095039_2504308682932734_3299147633427218432_n.jpg?stp=dst-jpg_p118x118&_nc_cat=110&ccb=1-7&_nc_sid=0cb389&_nc_ohc=guXigG-7SP8AX_-pQpL&_nc_ht=scontent.flis6-1.fna&oh=00_AfCu_j4fxJfGRKg0Z3lQosgNd5SkFA1FyAfxUK2yWUoCOA&oe=63BD67E5
2019-05-22-ays-daily-digest-21-05-2019-report-shows-that-1-007-52c10a72ea86.md,https://scontent.flis6-1.fna.fbcdn.net/v/t1.6435-9/60806029_2397043283864419_7820514088802320384_n.jpg?stp=dst-jpg_s851x315&_nc_cat=110&ccb=1-7&_nc_sid=0cb389&_nc_ohc=mrrrrXgxlY0AX-eb32k&_nc_ht=scontent.flis6-1.fna&oh=00_AfBb8V6uxi2q9TGwNqDNnyCIRtaiw2tWC9YpDQeRSbZq4w&oe=63BD67C7
2019-05-23-ays-daily-digest-22-5-19-eus-hypocrisy-effects-in-the-balkans-across-the-mediterranean-all-the-be0b114bc6a5.md,https://scontent.flis6-1.fna.fbcdn.net/v/t15.5256-10/60237989_1050383478682825_8604224635388559360_n.jpg?_nc_cat=109&ccb=1-7&_nc_sid=776239&_nc_ohc=MPJ8pMjSQ4MAX_fxMvk&_nc_ht=scontent.flis6-1.fna&oh=00_AfDKggisBUTVmrgG-ha7pMaiXU9_dGJ_qfGU6hiaMX4H-Q&oe=639B23C7
2019-05-25-ays-daily-digest-24-05-2019-arrivals-arrests-closures-confusion-in-italy-4a91051e4586.md,https://scontent.flis6-1.fna.fbcdn.net/v/t1.6435-9/60820213_10157228964649817_7793787018420420608_n.png?stp=dst-png_p133x133&_nc_cat=107&ccb=1-7&_nc_sid=0cb389&_nc_ohc=3W_dGO8UtxEAX9L7y-Q&_nc_ht=scontent.flis6-1.fna&oh=00_AfB2w_6xTO2I4wTAKQc5dhhhEduI12rR788HqqcTVngSTg&oe=63BD4D90
2019-05-27-ays-weekend-digest-25-26-5-19-protestors-on-samos-met-with-batons-and-tear-gas-228f072376b0.md,https://scontent.flis6-1.fna.fbcdn.net/v/t15.5256-10/60745305_2026773217619342_7647588835630514176_n.jpg?_nc_cat=108&ccb=1-7&_nc_sid=776239&_nc_ohc=uKgT7vpMYtIAX83GWY-&_nc_ht=scontent.flis6-1.fna&oh=00_AfAgCiRbHNHmr2-0BOfJKAU-gshBDIt_dBShGl_Vij7U7A&oe=639BCAA2
2019-05-29-ays-daily-digest-28-5-19-banned-from-helping-a0bc696dfeaf.md,https://scontent.flis6-1.fna.fbcdn.net/v/t1.6435-9/61115380_2238194212956222_7029467901283270656_n.jpg?stp=dst-jpg_s851x315&_nc_cat=102&ccb=1-7&_nc_sid=0cb389&_nc_ohc=YDdGSgqZn3MAX9aPofz&_nc_ht=scontent.flis6-1.fna&oh=00_AfAHxYQZo0a4JpeDECtvc5aNYYYTTibnuPTtcLohtvL_Tw&oe=63BD6023
2019-05-29-ays-daily-digest-28-5-19-banned-from-helping-a0bc696dfeaf.md,https://scontent.flis6-1.fna.fbcdn.net/v/t1.6435-9/61510638_1088999244641367_8603889597874700288_n.png?stp=dst-png_p206x206&_nc_cat=101&ccb=1-7&_nc_sid=0cb389&_nc_ohc=wEdlTHrvy6QAX_ZjRpv&_nc_ht=scontent.flis6-1.fna&oh=00_AfBJHFbQuvKKNdPP3EZryXOk9F7UjO0rasPux_Mr9yQcpA&oe=63BD751F
2019-06-01-ays-daily-digest-31-05-2019-people-are-returned-to-libya-faster-than-they-are-evacuated-1e9ee5808049.md,https://scontent.flis6-1.fna.fbcdn.net/v/t15.5256-10/60523010_2518814194815740_8351972792253546496_n.jpg?_nc_cat=105&ccb=1-7&_nc_sid=776239&_nc_ohc=L9AAXKSMGwwAX94Yt-7&_nc_ht=scontent.flis6-1.fna&oh=00_AfBHDSY5AGNiLQN-TQ9pu7K1sTH-c7doNqHXsqrui1RKtA&oe=639AAD11
2019-06-03-وزارت-کرواسی-به-این-موضوع-اهمیت-نمی-دهد-که-بچه-ها-و-والدین-آن-ها-89ae93a4dd2d.md,https://scontent.flis6-1.fna.fbcdn.net/v/t15.5256-10/61486693_10157165998514030_5408470771880165376_n.jpg?_nc_cat=108&ccb=1-7&_nc_sid=776239&_nc_ohc=EfwnV47v53AAX-W11x9&_nc_ht=scontent.flis6-1.fna&oh=00_AfCBjdq8T3gQCStxm2UU-mzwp6GHSN4vPrGtIjC4dGurKw&oe=639AE2E4
2019-06-04-ays-daily-digest-3-6-19-a-call-for-prosecution-of-the-eu-2ae93db92980.md,https://scontent-iad3-1.xx.fbcdn.net/v/t1.0-9/61916304_586087961914312_5272724576688668672_n.jpg?_nc_cat=109&_nc_oc=AQk2u6T7cyYeYa9nW8q_Ed-dTUp2BLsRANKFCtzouQv0Vb9xiwrBUG5iYuI_vYCueOM&_nc_ht=scontent-iad3-1.xx&oh=56f24c5c1ebfee8f67ac16fb3783eb31&oe=5D9D7797
2019-06-06-ays-daily-digest-5-6-19-how-germanys-immigration-law-harms-asylum-seekers-a697d3486661.md,https://miro.medium.com/max/940/1*a41DRW92ceNqALmwMsHVBg.jpeg
2019-06-07-ays-daily-digest-6-6-2019-libya-between-hell-and-hell-410aacc869b2.md,https://scontent.flis6-1.fna.fbcdn.net/v/t15.5256-10/61800160_436681043799985_2566736438217408512_n.jpg?_nc_cat=111&ccb=1-7&_nc_sid=776239&_nc_ohc=AmaZ89KHWY8AX-4CqsO&_nc_ht=scontent.flis6-1.fna&oh=00_AfA-YZPSEDgkhIrVP0lf0hdHxHtb62yxlnLcLalipK9hNQ&oe=639AD23D
2019-06-10-ays-news-digest-8-9-6-19-a-curfew-on-people-in-bihać-desperation-grows-as-no-humane-solutions-680880b7405a.md,https://scontent.flis6-1.fna.fbcdn.net/v/t15.5256-10/61803158_345969686089683_290018349562200064_n.jpg?_nc_cat=108&ccb=1-7&_nc_sid=776239&_nc_ohc=z290dHtctpMAX8aYR9i&_nc_ht=scontent.flis6-1.fna&oh=00_AfCVMIQ6yCGZAf-ADFP8IZncDBHe_thfR6HxJaH8zrKErA&oe=639AFF12
2019-06-16-تصاعد-الوضع-على-حساب-أضعف-فئات-الناس-4853eb5584b5.md,https://scontent.flis6-1.fna.fbcdn.net/v/t15.5256-10/61474844_2105614049732188_4565961341327638528_n.jpg?_nc_cat=108&ccb=1-7&_nc_sid=776239&_nc_ohc=LYt3KzzuQxAAX8vaeC6&_nc_ht=scontent.flis6-1.fna&oh=00_AfD0bOdxtKk7CcSAAIKnWjxnVjOo_-cJBVMjpyb8sBjD6w&oe=639B176D
2019-06-18-ays-daily-digest-17-06-19-postcards-of-desperate-conditions-in-montenegro-and-bosnia-9f11b8da4175.md,https://scontent.flis6-1.fna.fbcdn.net/v/t15.5256-10/61700481_457071591520364_4359636966468222976_n.jpg?_nc_cat=103&ccb=1-7&_nc_sid=776239&_nc_ohc=p-id5TOh-LkAX9hmmJI&_nc_ht=scontent.flis6-1.fna&oh=00_AfAecer4FD4JQUcxQweTfeWIzGY7dB_eBPzIKKvkc_AonQ&oe=639ABC4A
2019-06-18-ays-daily-digest-17-06-19-postcards-of-desperate-conditions-in-montenegro-and-bosnia-9f11b8da4175.md,https://scontent.flis6-1.fna.fbcdn.net/v/t1.6435-9/64352255_2555635307800071_60568848578904064_n.jpg?stp=dst-jpg_s320x320&_nc_cat=103&ccb=1-7&_nc_sid=0cb389&_nc_ohc=mhyo3Zv4wYYAX9FbmK9&_nc_ht=scontent.flis6-1.fna&oh=00_AfCvR2EpHu1gWTmdaZSvIUlwm9iYIz84pWLzg76Alhqucg&oe=63BD5FFE
2019-06-22-ays-daily-digest-21-06-2019-greek-reception-is-a-structural-failure-b90571f1384b.md,https://scontent.flis6-1.fna.fbcdn.net/v/t15.5256-10/64955467_197927744464853_8621473417322823680_n.jpg?_nc_cat=106&ccb=1-7&_nc_sid=776239&_nc_ohc=e5pUtZTtO8MAX_QKHKd&_nc_oc=AQlnZknKDLWCsicNtsWJ0wy_ihtANmq1tGQMLxOuOrkfFFdjwPM93tZOs-oryRoUfkQ&_nc_ht=scontent.flis6-1.fna&oh=00_AfCGa8mOckVcjqmCxBf5Sg_1PltKShl8m2lcpRYC4tJGLA&oe=639B6C22
2019-06-22-ays-daily-digest-21-06-2019-greek-reception-is-a-structural-failure-b90571f1384b.md,https://scontent.flis6-1.fna.fbcdn.net/v/t15.5256-10/65317643_126821748531226_1471980984210554880_n.jpg?_nc_cat=106&ccb=1-7&_nc_sid=776239&_nc_ohc=aL7Db3ckYiQAX8KOrP5&_nc_ht=scontent.flis6-1.fna&oh=00_AfAre3IPfP-kzIsGdv0KcMFLheQG-8IMHbJM8b0fcdyJBg&oe=639A9C48
2019-06-24-ays-weekend-digest-22-23-06-2019-slovenian-authorities-publish-countrys-first-strategy-on-861bbc0f23dc.md,https://scontent.flis6-1.fna.fbcdn.net/v/t15.5256-10/64782162_384958728892313_1304227627577376768_n.jpg?_nc_cat=106&ccb=1-7&_nc_sid=776239&_nc_ohc=H4f7aFoEYEEAX8S04iB&_nc_ht=scontent.flis6-1.fna&oh=00_AfDUWRM-YwGa_D6V8JcZDGfuN_Ag9VgjTxwLeOLO8y5e0Q&oe=6399EF49
2019-06-25-عمليات-الإخلاء-القسري-تزيد-من-الصدمات-المتراكمة-7bdeee86fd90.md,https://scd.infomigrants.net/media/resize/my_image_big/default.jpeg
2019-06-29-ays-daily-digest-28-06-19-eu-and-morocco-to-intensify-partnership-2a610a685b14.md,https://scontent.flis6-1.fna.fbcdn.net/v/t1.6435-9/65020667_2285204508364284_6648942908483305472_n.jpg?stp=dst-jpg_p206x206&_nc_cat=100&ccb=1-7&_nc_sid=0cb389&_nc_ohc=IsqvdBgiIlAAX9txpvl&_nc_ht=scontent.flis6-1.fna&oh=00_AfCiDrnXO0l8Up2kj4v05EbPiBCFDGcTbGmLniq_XzK1GQ&oe=63BD5102
2019-06-29-ays-daily-digest-28-06-19-eu-and-morocco-to-intensify-partnership-2a610a685b14.md,https://miro.medium.com/max/1200/1*qtwzBw-auzC5w50a_6xW8Q.jpeg
2019-07-02-ays-daily-digest-1-7-19-reports-of-rapid-deterioration-of-the-rights-of-refugees-in-europe-2653e44bba1.md,https://scontent.flis6-1.fna.fbcdn.net/v/t1.6435-9/65721143_475817729886242_3487441134282604544_n.jpg?stp=dst-jpg_p206x206&_nc_cat=109&ccb=1-7&_nc_sid=0cb389&_nc_ohc=Lo7RUviYd5AAX-WwDES&_nc_ht=scontent.flis6-1.fna&oh=00_AfDKlYLtFd7BABjuPF5-aN7CQnNeLo-xlImZwlEwEzFHNA&oe=63BD6946
2019-07-04-ays-daily-digest-3-7-19-an-increase-in-dublin-returns-to-italy-98888fce39fd.md,https://miro.medium.com/max/1200/1*az-v9-4zh72illRMyeTXIA.jpeg
2019-07-07-المزيد-والمزيد-من-الناس-يصلون-إلى-توزلا-البوسنة-والهرسك-15fb9cda0c61.md,https://miro.medium.com/max/432/1*g6nMe0pqauRI0adUuZyU1A.jpeg
2019-07-09-ays-news-digest-7-8-7-19-previously-molested-young-man-dies-in-italian-cpr-6e61cf3e9a97.md,https://scontent.flis6-1.fna.fbcdn.net/v/t15.5256-10/65670327_1328653490619826_8007050273723777024_n.jpg?stp=dst-jpg_s320x320&_nc_cat=103&ccb=1-7&_nc_sid=c12c07&_nc_ohc=xZErVAM3KI4AX-Yk2nt&_nc_ht=scontent.flis6-1.fna&oh=00_AfDm_ubAUitDoFvg52fvHywPD1Tn0noEUt_xmEf6pWApgQ&oe=639B9498
2019-07-09-ays-news-digest-7-8-7-19-previously-molested-young-man-dies-in-italian-cpr-6e61cf3e9a97.md,https://scontent.flis6-1.fna.fbcdn.net/v/t15.5256-10/65691931_457761491456225_9004735640025169920_n.jpg?_nc_cat=105&ccb=1-7&_nc_sid=776239&_nc_ohc=2H59lg8GSWMAX-RGb-q&_nc_ht=scontent.flis6-1.fna&oh=00_AfCI0r41i1iLWasdyFvF8XcJh_FsHNTbdTHHmw4uEjNjug&oe=639B2063
2019-07-10-ays-news-digest-9-7-19-frontex-watches-illegal-pushback-report-says-305ee7995e11.md,https://scontent-frx5-1.xx.fbcdn.net/v/t1.0-9/66478246_2308768589190578_9084198646739632128_n.jpg?_nc_cat=107&_nc_oc=AQkOOiG9QBhx0kLr8lZ4h827gTws5N4B3vX5d98zqwB7WpKxVI95toWOw4K2sDT2ligJfXLuIQdjpY1ohXAjREat&_nc_ht=scontent-frx5-1.xx&oh=133e964083be38ac5ca35174eccf5bac&oe=5DB6DBEF
2019-07-16-ays-daily-digest-16-7-19-silenced-deaths-in-the-city-of-light-b46dde9a93b9.md,https://scontent.flis6-1.fna.fbcdn.net/v/t15.5256-10/65747091_3484910681544842_5507907279191539712_n.jpg?_nc_cat=103&ccb=1-7&_nc_sid=776239&_nc_ohc=5kwG66K6Q3UAX_Hu8Af&_nc_ht=scontent.flis6-1.fna&oh=00_AfBVp_kCfgDM5VfW3wKreeltOkyQTo0q8AGbK3G4ihVJdA&oe=639B3012
2019-07-18-ays-daily-digest-17-07-19-migration-across-the-mediterranean-european-values-drowning-a33259892896.md,https://scontent.flis6-1.fna.fbcdn.net/v/t15.5256-10/65787873_856024001439770_1728666595099672576_n.jpg?_nc_cat=105&ccb=1-7&_nc_sid=776239&_nc_ohc=WGt79CSs4vQAX_5Qj5t&_nc_ht=scontent.flis6-1.fna&oh=00_AfBcfxuxAGjIB4QQAfHgb6FIUJKR6VdYOr_dUVE_d2sRcw&oe=639BB512
2019-07-22-ays-daily-digest-20-21-7-19-back-at-sea-c0cafa43b3d8.md,https://scontent.flis6-1.fna.fbcdn.net/v/t15.5256-10/66518476_2446970542245505_4111008469413265408_n.jpg?_nc_cat=107&ccb=1-7&_nc_sid=776239&_nc_ohc=hYTcvD-2mDYAX80LGuT&_nc_ht=scontent.flis6-1.fna&oh=00_AfBtaoLUuF-r5jzguj9fCcSmReiP8VRzvzjk2lVpWPqKVA&oe=639BA1F3
2019-07-22-ays-daily-digest-20-21-7-19-back-at-sea-c0cafa43b3d8.md,https://scontent.flis6-1.fna.fbcdn.net/v/t15.5256-10/64566333_578441569351054_8078307676699754496_n.jpg?_nc_cat=107&ccb=1-7&_nc_sid=776239&_nc_ohc=lylb7VjKhDwAX9PwY0M&_nc_ht=scontent.flis6-1.fna&oh=00_AfCljkDxsLLnbMswUOYcB-LswLBNBi8-0f1p1D1f1jzZhw&oe=639A3B8E
2019-07-25-ays-digest-24-07-2019-5a66b6466240.md,https://scontent.flis6-1.fna.fbcdn.net/v/t15.5256-10/66703290_10156817332568621_3580319681799520256_n.jpg?_nc_cat=109&ccb=1-7&_nc_sid=776239&_nc_ohc=KIDwXPQI1mQAX8hLAK4&_nc_ht=scontent.flis6-1.fna&oh=00_AfAXKB450lhampH9kkEsrEhO8IuX_28JX0ZaCcq8unI0yg&oe=6399E1F3
2019-07-27-ays-daily-digest-26-7-19-with-each-death-the-soul-of-europe-dies-a-bit-more-2136848d9cec.md,https://scontent.flis6-1.fna.fbcdn.net/v/t15.5256-10/65857679_487431635348700_8155908441429245952_n.jpg?_nc_cat=105&ccb=1-7&_nc_sid=776239&_nc_ohc=RxqPLimpAAYAX_cN0tI&_nc_ht=scontent.flis6-1.fna&oh=00_AfAjkW1vsclddXL_Pj38sOU5TQzGf0mexbpfXjKAFemqig&oe=639B967E
2019-08-05-ays-weekend-digest-03-04-08-2018-arrivals-and-interceptions-to-greece-highest-since-2015-216a7fa490f.md,https://scontent.flis6-1.fna.fbcdn.net/v/t15.5256-10/65852073_1085503028507215_8664824510811209728_n.jpg?_nc_cat=104&ccb=1-7&_nc_sid=776239&_nc_ohc=m8PZP2UBCGEAX-BKWNN&_nc_ht=scontent.flis6-1.fna&oh=00_AfDcZ2l-N5dYLxo_4NS-Q77qybtgJkVFpMmnf4wcJzO7ag&oe=6399E262
2019-08-07-ays-daily-digest-6-8-19-121-people-remain-with-open-arms-while-being-refused-refuge-past-the-grave-5a5e13a89838.md,https://scontent.flis6-1.fna.fbcdn.net/v/t15.5256-10/65963632_426707991267932_4676155139692691456_n.jpg?_nc_cat=109&ccb=1-7&_nc_sid=776239&_nc_ohc=9tN48b_sb18AX-nh87M&_nc_ht=scontent.flis6-1.fna&oh=00_AfCl6jxNltstEYyV-rJUeLOXAPYOGhoPRrf9_jN9n-SLGg&oe=639B7582
2019-08-08-ays-daily-digest-7-8-2019-the-exploitation-of-migrant-labour-kills-again-266beaa13b42.md,https://scontent.flis6-1.fna.fbcdn.net/v/t15.5256-10/66092856_349820385962961_165105328906567680_n.jpg?_nc_cat=100&ccb=1-7&_nc_sid=776239&_nc_ohc=CtEpfyQ9KsQAX9eXG_S&_nc_ht=scontent.flis6-1.fna&oh=00_AfB0PUhy8pQHDj1UugwwWOKvKbzUnNtG7_cc-806tE7cuA&oe=639BACFB
2019-08-12-ays-weekend-digest-10-11-8-19-civilian-ships-continue-rescues-with-hundreds-stranded-on-board-fb5320142845.md,https://scontent.flis6-1.fna.fbcdn.net/v/t15.5256-10/66671412_1434503136708178_333214880062504960_n.jpg?_nc_cat=100&ccb=1-7&_nc_sid=776239&_nc_ohc=HGDmsY1erV4AX-1XZJs&_nc_ht=scontent.flis6-1.fna&oh=00_AfCBIh5ktAG8JGmHC26-zpxOxdphOP4kBeGXxFNQM8n9rQ&oe=639B4780
2019-08-14-ays-daily-digest-13-08-19-3-people-died-attempting-to-reach-europe-b7190c4fb655.md,https://scontent.flis6-1.fna.fbcdn.net/v/t15.5256-10/66646013_2302021149835353_2186249670626377728_n.jpg?_nc_cat=107&ccb=1-7&_nc_sid=776239&_nc_ohc=7lURcMwgSNIAX_b3R3l&_nc_ht=scontent.flis6-1.fna&oh=00_AfAqW0n4EKb35zsxFkzLIY5swXxOrO80l-Djf6mcG_nVNA&oe=639A3AA8
2019-08-15-ays-daily-digest-14-8-2019-open-arms-receives-permission-to-dock-in-lampedusa-5865f2d88401.md,https://scontent.flis6-1.fna.fbcdn.net/v/t1.6435-9/68975605_2421905024544042_8360530402921676800_n.png?stp=dst-png_p206x206&_nc_cat=104&ccb=1-7&_nc_sid=0cb389&_nc_ohc=XIcLb-7n1joAX-QMG6p&_nc_ht=scontent.flis6-1.fna&oh=00_AfC7rUJjVJWnPvM6XEJfhR0ibNy9GCoy_12YagDwqxssAQ&oe=63BD6897
2019-08-15-ays-daily-digest-14-8-2019-open-arms-receives-permission-to-dock-in-lampedusa-5865f2d88401.md,https://scontent.flis6-1.fna.fbcdn.net/v/t1.6435-9/54728188_2139272792820914_8862635882532831232_n.jpg?stp=dst-jpg_p261x260&_nc_cat=105&ccb=1-7&_nc_sid=0cb389&_nc_ohc=n8SWtmKGpKsAX9VdEii&_nc_ht=scontent.flis6-1.fna&oh=00_AfDxPPbED4Mlbkrz-pHJwzwIEdZzRH2tjyoN5vRZHmMX3Q&oe=63BD6D6D
2019-08-17-ays-daily-digest-16-8-19-land-in-sight-but-still-no-allowance-to-dock-3a87f3db41db.md,https://scontent.flis6-1.fna.fbcdn.net/v/t15.5256-10/67060386_1088347284698439_2917966996689649664_n.jpg?_nc_cat=108&ccb=1-7&_nc_sid=776239&_nc_ohc=IlMpajZg1LEAX8NOCnr&_nc_ht=scontent.flis6-1.fna&oh=00_AfC8fqEMb2lI82T1dwjyWBzCdrqt8tXD_t6grVl844JNiA&oe=639AAC45
2019-08-17-ays-daily-digest-16-8-19-land-in-sight-but-still-no-allowance-to-dock-3a87f3db41db.md,https://i0.wp.com/www.middleeastmonitor.com/wp-content/uploads/2019/01/Refugees20190109_2_34335703_40591167.jpg?resize=1200%2C799&quality=85&strip=all&zoom=1&ssl=1
2019-08-17-ays-daily-digest-16-8-19-land-in-sight-but-still-no-allowance-to-dock-3a87f3db41db.md,https://scontent.flis6-1.fna.fbcdn.net/v/t1.6435-9/67968383_914713915534238_4170863992643780608_n.jpg?stp=dst-jpg_p173x172&_nc_cat=108&ccb=1-7&_nc_sid=0cb389&_nc_ohc=dR82WpPFmAkAX_tL4hk&_nc_ht=scontent.flis6-1.fna&oh=00_AfD4GYEbNeGj66sH6SB99ov9IxXCC5IH8t1LXiKxuRns5g&oe=63BD77BD
2019-08-19-اروپا-نیاز-به-توقف-حمایت-و-کار-در-کنار-لیبی-دارد-8a2ee7a4107.md,https://scontent.flis6-1.fna.fbcdn.net/v/t1.6435-9/67412571_898944433799564_1380177239374561280_n.jpg?stp=dst-jpg_s851x315&_nc_cat=103&ccb=1-7&_nc_sid=0cb389&_nc_ohc=1N7mpf6ambkAX8ompEr&_nc_ht=scontent.flis6-1.fna&oh=00_AfDQl5uHYv9exnbbDQKDXViV5xQG9lGmExLQ03miE01plQ&oe=63BD6215
2019-08-21-ays-daily-digest-after-19-days-the-people-aboard-open-arms-finally-disembarked-823f99ca97a4.md,https://scontent.flis6-1.fna.fbcdn.net/v/t15.5256-10/67184232_379756606029855_2515425816846794752_n.jpg?_nc_cat=106&ccb=1-7&_nc_sid=776239&_nc_ohc=SY_g99Ioh3sAX9IiZh0&_nc_ht=scontent.flis6-1.fna&oh=00_AfAlyVl9mDOifg-BIOedLJ-0lsqXtqeDUTMwl-jOnlDq5A&oe=6399D99F
2019-08-30-ays-daily-digest-29-8-19-tuzla-is-16-months-without-major-help-e3516cf1fd13.md,https://scontent.flis6-1.fna.fbcdn.net/v/t1.6435-9/69183348_2398647906869312_5984944980316127232_n.jpg?stp=dst-jpg_p206x206&_nc_cat=110&ccb=1-7&_nc_sid=0cb389&_nc_ohc=W6ffxQ9bGBEAX_jDSUT&_nc_ht=scontent.flis6-1.fna&oh=00_AfCHPPMh6gMneNP-d0Y3KORkPll1TpxO2Ja_c8uREiRIdw&oe=63BC3ECA
2019-09-02-ays-daily-digest-31-8-1-9-19-new-measures-in-greece-do-more-bad-than-good-3dd9c0c6065.md,https://scontent.flis6-1.fna.fbcdn.net/v/t1.6435-9/69365432_2556927504370241_5181986632282144768_n.jpg?stp=dst-jpg_p206x206&_nc_cat=104&ccb=1-7&_nc_sid=0cb389&_nc_ohc=Wrk23lUd7mwAX9I_2mT&_nc_ht=scontent.flis6-1.fna&oh=00_AfDRdMA2V2ImKEuu562IXezztJJAijxKer4UvaoUpaP5dg&oe=63BC4AE3
2019-09-02-ays-daily-digest-31-8-1-9-19-new-measures-in-greece-do-more-bad-than-good-3dd9c0c6065.md,https://scontent.flis6-1.fna.fbcdn.net/v/t15.5256-10/67487211_660858121071564_1309052851535740928_n.jpg?_nc_cat=100&ccb=1-7&_nc_sid=776239&_nc_ohc=N75ixRFKPQgAX93z0VA&_nc_ht=scontent.flis6-1.fna&oh=00_AfBEQco7gAYP041jpPqhDfFDOB8z9bHr1qsnO1uJwyg_gw&oe=639AC57C
2019-09-03-ays-daily-digest-2-9-19-relocations-and-evacuations-to-poor-conditions-in-camps-across-greece-a09d4458e39.md,https://miro.medium.com/max/1200/1*xcPhTS2bFQchoe0h54SlGg.jpeg
2019-09-05-ays-daily-digest-4-9-2019-attacked-on-every-front-the-rights-of-refugees-in-greece-56889698459b.md,https://scontent.flis6-1.fna.fbcdn.net/v/t15.5256-10/67493133_723718921443799_5575402651593474048_n.jpg?_nc_cat=111&ccb=1-7&_nc_sid=776239&_nc_ohc=b7TPmdknQOAAX_ehdlU&_nc_ht=scontent.flis6-1.fna&oh=00_AfCuQEOcoHldfusFaz7_LYZ-H0XHrYWfCsb4tvYoEnAowg&oe=639964BD
2019-09-09-ays-daily-digest-7-and-8-9-19-violence-and-unbearable-conditions-in-turkey-greece-and-the-sea-add9d89043de.md,https://scontent.flis6-1.fna.fbcdn.net/v/t15.5256-10/68770724_2645699845493652_9215425977989988352_n.jpg?_nc_cat=102&ccb=1-7&_nc_sid=776239&_nc_ohc=TfnBpxd3y2wAX8NFnKu&_nc_ht=scontent.flis6-1.fna&oh=00_AfAK08SawWxku1yt0Te0OAPJY179Ad6uauUo_IzcRH2oSQ&oe=63992264
2019-09-09-ays-daily-digest-7-and-8-9-19-violence-and-unbearable-conditions-in-turkey-greece-and-the-sea-add9d89043de.md,https://scontent.flis6-1.fna.fbcdn.net/v/t15.5256-10/67905017_909728222726409_7757797971323781120_n.jpg?_nc_cat=106&ccb=1-7&_nc_sid=776239&_nc_ohc=gGMDWVEpq6QAX_BHRNf&_nc_oc=AQmpBCznN2EsRLWzhw-tL3ffvs5eontKFW2fQ8jln4SBKqAc2Tsub1yKpf_K0wyDZuU&_nc_ht=scontent.flis6-1.fna&oh=00_AfB0AAyHqBqD4mks1F2UNN--oqtFqpqXIiJHbWnRxz7LDw&oe=63993E5A
2019-09-12-ays-daily-digest-11-09-19-young-women-and-men-beaten-up-and-pushed-back-by-the-romanian-border-44517d87735c.md,https://scontent.flis6-1.fna.fbcdn.net/v/t1.6435-9/69855206_761434814291877_7091735645650944000_n.jpg?stp=dst-jpg_p75x225&_nc_cat=104&ccb=1-7&_nc_sid=0cb389&_nc_ohc=uxofDZvSQmMAX-Ojt1G&_nc_oc=AQlwtvVW92UtyvYMBO6uUTscHPXauNEWK0iLQuHAhb-MKvyGvkiKWmtv-iM-6WiYN30&_nc_ht=scontent.flis6-1.fna&oh=00_AfBiwZrbEn9MH6PYR59eqB4w-C269hnKkvGvyS9DYnDuQQ&oe=63BC4ED9
2019-09-14-ays-daily-digest-13-9-19-port-of-safety-for-ocean-viking-a-sustainable-solution-for-sar-is-ab42525c4783.md,https://scontent.flis6-1.fna.fbcdn.net/v/t1.6435-9/70066015_648691512320623_4857398138199080960_n.jpg?stp=dst-jpg_p173x172&_nc_cat=101&ccb=1-7&_nc_sid=0cb389&_nc_ohc=jgs6zPSqUfMAX-vmEId&_nc_ht=scontent.flis6-1.fna&oh=00_AfCy3VlfDRP0TE7pf5IDAmMYMfPtN6pcOQ--kcM7hUyFvQ&oe=63BC3614
2019-09-16-ays-news-digest-14-15-9-19-unbearable-at-the-aegean-islands-transfer-to-larissa-denied-322bd03bca89.md,https://scontent.flis6-1.fna.fbcdn.net/v/t15.5256-10/69230257_2471650903081066_7467805979975876608_n.jpg?_nc_cat=104&ccb=1-7&_nc_sid=776239&_nc_ohc=n_F6p06iyQwAX8anKkc&_nc_ht=scontent.flis6-1.fna&oh=00_AfBseo55uPj8qNYDMABvtrKobOkBsXCwt_M62lFDp3UUBg&oe=639A45AA
2019-09-18-ays-daily-digest-17-9-19-eviction-in-dunkirk-once-again-no-long-term-solution-in-sight-f709d030b7f4.md,https://scontent.flis6-1.fna.fbcdn.net/v/t1.6435-9/71085979_1007085086301833_7460196397438992384_n.png?stp=dst-png_s320x320&_nc_cat=101&ccb=1-7&_nc_sid=0cb389&_nc_ohc=SZnqEHbAXHYAX8vOVNS&_nc_ht=scontent.flis6-1.fna&oh=00_AfDamq8wWG9YuBX-2inAFvLkPol2BeYyr465GueAlYJ5zA&oe=63BC5AB6
2019-09-19-ays-daily-digest-18-9-19-do-you-know-how-people-are-treated-in-detention-centres-across-the-eu-4554de72eb4a.md,https://scontent.flis6-1.fna.fbcdn.net/v/t1.6435-9/70354055_2416967711848823_7753849298650923008_n.jpg?stp=dst-jpg_p228x119&_nc_cat=105&ccb=1-7&_nc_sid=0cb389&_nc_ohc=So-Bvlo_ijAAX-JhmRh&_nc_ht=scontent.flis6-1.fna&oh=00_AfAN_LfCBFGRuYzlDRP4JF2y9N-2ef9tOWzkG9gtJLgA6Q&oe=63BC59FE
2019-09-23-ays-news-digest-21-22-9-19-from-one-bad-thing-to-another-the-transfer-strategy-81293bb64963.md,https://scontent.flis6-1.fna.fbcdn.net/v/t15.5256-10/69321034_2573436319380889_7702239103311413248_n.jpg?_nc_cat=100&ccb=1-7&_nc_sid=776239&_nc_ohc=Wx1MQfltAr8AX9yfiL-&_nc_ht=scontent.flis6-1.fna&oh=00_AfDQcy7RfZqnFULO-BRObsuqez81XF5uiU07B2YIRI15og&oe=63992419
2019-09-23-ays-news-digest-21-22-9-19-from-one-bad-thing-to-another-the-transfer-strategy-81293bb64963.md,https://scontent.flis6-1.fna.fbcdn.net/v/t1.6435-9/71745411_1001396933538507_8939188142666153984_n.jpg?stp=dst-jpg_p75x225&_nc_cat=110&ccb=1-7&_nc_sid=0cb389&_nc_ohc=BVWosRL08FkAX84iAi4&_nc_ht=scontent.flis6-1.fna&oh=00_AfA5RASMuuDu6KZNdx6XjRza-5N_dc-V5eqa8-ruqAZ3TQ&oe=63BC5F9E
2019-09-23-ays-news-digest-21-22-9-19-from-one-bad-thing-to-another-the-transfer-strategy-81293bb64963.md,https://scontent.flis6-1.fna.fbcdn.net/v/t1.6435-9/71187688_10157191254610339_9181924421332369408_n.jpg?stp=dst-jpg_p160x160&_nc_cat=104&ccb=1-7&_nc_sid=0cb389&_nc_ohc=ubAjnsDpvOMAX9Ug8oD&_nc_ht=scontent.flis6-1.fna&oh=00_AfBzaeZQh6qxU_RiAm0D9dAn8r4VuC3L6-ORjWLJUanWcw&oe=63BC547E
2019-09-26-ays-daily-digest-25-09-19-a-rise-in-deportations-from-sweden-c88cc8e20d08.md,https://scontent.flis6-1.fna.fbcdn.net/v/t15.5256-10/69235726_2501194356585261_877635197812604928_n.jpg?_nc_cat=106&ccb=1-7&_nc_sid=776239&_nc_ohc=6lYlORBKQBQAX8y6Y3w&_nc_ht=scontent.flis6-1.fna&oh=00_AfCNqPbLBFITXtDzfUMFBwI_5rqtKgpzdtxn-8UcMHnIdA&oe=6399B781
2019-09-27-ays-daily-digest-26-9-19-lebanese-authorities-call-again-for-the-return-of-syrian-displaced-5acd4407ae75.md,https://miro.medium.com/max/500/1*gIHjixNwg-XJtNvsQjzLRQ.jpeg
2019-09-28-ays-daily-digest-27-09-19-deprived-of-rights-now-also-of-the-basic-assistance-who-has-the-e3bdfebe32a7.md,https://scontent.flis6-1.fna.fbcdn.net/v/t15.5256-10/70364561_10219797604998964_9058501337716621312_n.jpg?_nc_cat=109&ccb=1-7&_nc_sid=776239&_nc_ohc=bD3mjlyqmQoAX8QZ1_0&_nc_ht=scontent.flis6-1.fna&oh=00_AfDpFL2pZAyX_v3SYZxei8pd9G_L7D-4pBwcoGT7Ac6jDQ&oe=639938AA
2019-09-30-ays-weekend-digest-28-29-9-2019-e6cb7231c9a9.md,https://scontent.flis6-1.fna.fbcdn.net/v/t15.5256-10/69296180_10156972511718621_6925557906360238080_n.jpg?_nc_cat=102&ccb=1-7&_nc_sid=776239&_nc_ohc=qiKO7UUyk8MAX8Tj3xP&_nc_ht=scontent.flis6-1.fna&oh=00_AfCgelP5rlDKn8XeFv-jACHUKYy4hxtUdUjYjxme6rv3Hw&oe=639AAA8D
2019-10-05-ays-daily-digest-04-10-2019-italys-new-plan-to-accelerate-expulsions-and-forced-returns-ac2c059e7bcc.md,https://scontent.flis6-1.fna.fbcdn.net/v/t1.6435-9/71969875_2723310341035239_3592603399935229952_n.jpg?stp=dst-jpg_p261x260&_nc_cat=103&ccb=1-7&_nc_sid=0cb389&_nc_ohc=ddamNDbQBfQAX8dfLrR&_nc_ht=scontent.flis6-1.fna&oh=00_AfBzG02fBmLSyMLn2Yk8gioquAQxCd8zidFneod-mX9fUg&oe=63BC4E91
2019-10-07-ays-weekend-digest-5-6-10-2019-people-arriving-in-tuzla-are-abandoned-by-authorities-12b2b907d824.md,https://scontent.flis6-1.fna.fbcdn.net/v/t15.5256-10/69427860_2936723229677899_1874858026200989696_n.jpg?_nc_cat=101&ccb=1-7&_nc_sid=776239&_nc_ohc=ylOr70FTM0MAX-pqCC-&_nc_oc=AQlJuv5F9p3UwnhJpc_CU_5kP9bE1jmY6-ZhESUsHpniwJn3HreIzubGJ0j9WFzNzfk&_nc_ht=scontent.flis6-1.fna&oh=00_AfCdO2OWtEg7ACDoPZTgT-xJ-WTnCAD42VA8jfyKRvm1Lg&oe=6399B435
2019-10-11-ays-daily-digest-10-10-19-world-mental-health-day-psychological-distress-worse-than-ever-with-280c43629df8.md,https://scontent.flis6-1.fna.fbcdn.net/v/t15.5256-10/70045828_409783519920727_5557672502609575936_n.jpg?_nc_cat=101&ccb=1-7&_nc_sid=776239&_nc_ohc=MazQJ4T6-hQAX9eVv_o&_nc_ht=scontent.flis6-1.fna&oh=00_AfBWu49T07KdXf19x0iuKDAsK8G880GqsFquRLa5nKDzWg&oe=639A7FEC
2019-10-14-ays-weekend-digest-12-13-10-2019-inadequate-relocation-from-libyan-hell-39b2273bc546.md,https://scontent.flis6-1.fna.fbcdn.net/v/t15.5256-10/70205066_10157010326608621_7923233570330509312_n.jpg?_nc_cat=110&ccb=1-7&_nc_sid=776239&_nc_ohc=8BPdNw2_ky4AX84VGYH&_nc_ht=scontent.flis6-1.fna&oh=00_AfCS01yQhTOyFRFbIE1_ahG76gLLEf7UBL2LinvZOOcmVA&oe=639AA6FC
2019-10-15-ays-daily-digest-14-10-19-fire-in-samos-causes-destruction-and-death-7d6871df56d3.md,https://scontent.flis6-1.fna.fbcdn.net/v/t15.5256-10/70497363_436722706966969_7184241866747936768_n.jpg?_nc_cat=108&ccb=1-7&_nc_sid=776239&_nc_ohc=V1C5Vcze6IEAX9Td3pk&_nc_oc=AQnmybk2CyZtUaqOqwVPuDt3jwEweDTm1BSfP5sTogi3FAIOkUTwZddwSMUjJEHAuPs&_nc_ht=scontent.flis6-1.fna&oh=00_AfDpfa78ljt6K8m8stgSNOq-ybTmYh6WSscALEeaGKwgfg&oe=639919E5
2019-10-15-ays-daily-digest-14-10-19-fire-in-samos-causes-destruction-and-death-7d6871df56d3.md,https://scontent.flis6-1.fna.fbcdn.net/v/t1.6435-9/72690008_1673578649444557_3545429579394973696_n.jpg?stp=dst-jpg_p173x172&_nc_cat=106&ccb=1-7&_nc_sid=0cb389&_nc_ohc=FFplI5VYk0wAX-pApsG&_nc_ht=scontent.flis6-1.fna&oh=00_AfDfRNs8iDbgfwXkyJxFtoy-yQbOs8NdrSByELV3ZllQMg&oe=63BC6260
2019-10-15-ays-daily-digest-14-10-19-fire-in-samos-causes-destruction-and-death-7d6871df56d3.md,https://scontent.flis6-1.fna.fbcdn.net/v/t1.6435-9/72764756_670710633452044_6775170395289944064_n.jpg?stp=dst-jpg_s851x315&_nc_cat=108&ccb=1-7&_nc_sid=0cb389&_nc_ohc=aF61n1k89_YAX8fTI7m&_nc_oc=AQnWQLsFitWUkQKVpgJ8QJkT7iWzjn3o8lEQB5QN7wJmCRD24RnnZ58EAgjbktuDD64&_nc_ht=scontent.flis6-1.fna&oh=00_AfA_3JlQe_CT2L9DjFLgye-lOF39VSvJfbf0tQniEBtYqw&oe=63BC5EC1
2019-11-06-ays-daily-news-digest-5-11-19-the-broken-promises-after-a-sea-rescue-fba7a23a2352.md,https://scontent.flis6-1.fna.fbcdn.net/v/t1.6435-9/76186112_2379710432247024_9188430807159537664_n.jpg?stp=dst-jpg_p206x206&_nc_cat=107&ccb=1-7&_nc_sid=0cb389&_nc_ohc=G0aAkjgOGLAAX-tZ-TC&_nc_ht=scontent.flis6-1.fna&oh=00_AfBMv9tZl2pg-cfpwgHgsXAf2NdrusskchVJcejDnlkF3Q&oe=63BC5200
2019-11-08-ays-daily-digest-7-11-2019-1-600-people-evicted-in-paris-e3c5d9ae0b8a.md,https://scontent.flis6-1.fna.fbcdn.net/v/t15.5256-10/71232086_452601662338355_7061490327038722048_n.jpg?_nc_cat=105&ccb=1-7&_nc_sid=776239&_nc_ohc=jMRDgC4fpY4AX-FaP0f&_nc_ht=scontent.flis6-1.fna&oh=00_AfAtcfcO0nowTGuzzCHQ6esg7TpbtxQrsfrF68HkdNXPgQ&oe=6399A5DA
2019-11-11-ays-digest-9-10-11-19-bosnian-police-now-beats-and-robs-people-too-c6f9f98322c9.md,https://scontent.flis6-1.fna.fbcdn.net/v/t15.5256-10/73064506_2785272268189809_5819337436588670976_n.jpg?_nc_cat=107&ccb=1-7&_nc_sid=776239&_nc_ohc=u01n7oZtfEAAX9-vgVK&_nc_ht=scontent.flis6-1.fna&oh=00_AfDhobgQVa07RpvJoUGtPtXx1wOyxQliJBJ-qsrJYnxxVA&oe=63998AF2
2019-11-11-ays-digest-9-10-11-19-bosnian-police-now-beats-and-robs-people-too-c6f9f98322c9.md,https://scontent.flis6-1.fna.fbcdn.net/v/t15.5256-10/75349934_10157095823158621_8771481657011077120_n.jpg?_nc_cat=106&ccb=1-7&_nc_sid=776239&_nc_ohc=BMnQN5FQGOIAX9ig8ez&_nc_ht=scontent.flis6-1.fna&oh=00_AfCIBV8kicO4yBTLARorJWvU-2odv2P0QjdzlJk5r-gYWw&oe=639A6C4B
2019-11-13-ays-daily-digest-12-11-19-slovenian-activists-demand-action-after-the-recent-deaths-reported-in-9bff1d276c6b.md,https://scontent.flis6-1.fna.fbcdn.net/v/t15.5256-10/72842639_572559963480451_2473371185006510080_n.jpg?_nc_cat=105&ccb=1-7&_nc_sid=776239&_nc_ohc=dsXNMK_78DUAX-RD-3g&_nc_ht=scontent.flis6-1.fna&oh=00_AfAl310IR08DRYvBLFd9SSWj5n3bY_y5mBt7W8KYp6aFkw&oe=639A4276
2019-11-30-ays-daily-digest-29-11-19-what-is-happening-in-unhcr-facility-in-tripoli-70ee767cd2e7.md,https://scontent.flis6-1.fna.fbcdn.net/v/t1.6435-9/79019705_2518392175101677_3449501154126331904_n.jpg?stp=dst-jpg_p261x260&_nc_cat=110&ccb=1-7&_nc_sid=0cb389&_nc_ohc=__cBCUulscEAX830nZ2&_nc_ht=scontent.flis6-1.fna&oh=00_AfBAkXoqrb-ZtnN3CB1vzBJU-ZrNcaAvEEfdCmU-YUwpxw&oe=63BC605F
2019-11-30-ays-daily-digest-29-11-19-what-is-happening-in-unhcr-facility-in-tripoli-70ee767cd2e7.md,https://scontent.flis6-1.fna.fbcdn.net/v/t1.6435-9/79026595_2589875777786381_4090141495359700992_n.jpg?stp=dst-jpg_s851x315&_nc_cat=103&ccb=1-7&_nc_sid=0cb389&_nc_ohc=1Ap9TIZRuH4AX8I71Yu&_nc_oc=AQnMKmVet75-lS80fHCYkW_uwqdSImV910vCIUDtas34jy1z7_ntmXMeSuz4XyWjKE0&_nc_ht=scontent.flis6-1.fna&oh=00_AfC2wcrkJph6zcRqU2GFIfjBawANMaUEFLlXXhLzUjxR5g&oe=63BC5026
2019-11-30-ays-daily-digest-29-11-19-what-is-happening-in-unhcr-facility-in-tripoli-70ee767cd2e7.md,https://scontent.flis6-1.fna.fbcdn.net/v/t1.6435-9/76920837_2478799648998962_1645533581780451328_n.jpg?stp=dst-jpg_p75x225&_nc_cat=105&ccb=1-7&_nc_sid=0cb389&_nc_ohc=ntVfw3xkxAIAX9-XQ_6&_nc_ht=scontent.flis6-1.fna&oh=00_AfCAqUWUNh5JPdRg8dK1BEyTudPVc0_cEMYXsEsFtgV0tw&oe=63BC2AFC
2019-12-02-ays-weekend-digest-30-11-01-12-2019-impotence-and-hypocrisy-vu%C4%8Djak-camp-d55313aad34.md,https://scontent.flis6-1.fna.fbcdn.net/v/t15.5256-10/73376254_10157156762963621_4686206982368002048_n.jpg?_nc_cat=104&ccb=1-7&_nc_sid=776239&_nc_ohc=U_olhbYNJvwAX_TGO-o&_nc_ht=scontent.flis6-1.fna&oh=00_AfAePq2wE7xHatPV_dLKaUIOrIHi_UloCNrnLkiG88tenQ&oe=639A1140
2019-12-15-ays-special-updates-from-baghdad-2-aa711055b5c5.md,https://scontent.flis6-1.fna.fbcdn.net/v/t1.6435-9/78930016_1727450954052085_2211345087227494400_n.jpg?stp=dst-jpg_p168x128&_nc_cat=108&ccb=1-7&_nc_sid=0cb389&_nc_ohc=B03-uWr3fn0AX_Gty9L&_nc_ht=scontent.flis6-1.fna&oh=00_AfCdaIcE--jIWK5_v8Z3X6mctj0R7XXh1aazXorTqnQ2-Q&oe=63BC5264
2019-12-21-ays-daily-digest-20-12-20-internal-docs-of-slovenian-police-show-how-they-disregard-asylum-32dd347c035f.md,https://scontent.flis6-1.fna.fbcdn.net/v/t1.6435-9/80684299_726297087893398_3674610831175188480_n.jpg?stp=dst-jpg_s320x320&_nc_cat=102&ccb=1-7&_nc_sid=0cb389&_nc_ohc=UfAu6uuwTlMAX9Iriqb&_nc_ht=scontent.flis6-1.fna&oh=00_AfACAMBRr-v149MeQk93G_-QC-_4XFO8LlspFeSTP52WiA&oe=63BC3676
2019-12-24-ays-daily-digest-23-12-2019-people-holding-humanitarian-protection-to-be-left-without-d28b248f580e.md,https://scontent.flis6-1.fna.fbcdn.net/v/t1.6435-9/80674767_728852590971181_4303257476234477568_n.jpg?stp=dst-jpg_s851x315&_nc_cat=109&ccb=1-7&_nc_sid=0cb389&_nc_ohc=G7pAGytabH8AX_8V_EJ&_nc_ht=scontent.flis6-1.fna&oh=00_AfAhs4gedQyLjszabsc4m5CtKcUcE1vf2Y8oQQDm_z5Hyg&oe=63BC618C
2019-12-24-ays-daily-digest-23-12-2019-people-holding-humanitarian-protection-to-be-left-without-d28b248f580e.md,https://scontent.flis6-1.fna.fbcdn.net/v/t1.6435-9/80689167_1326157524223519_8771116365747585024_n.jpg?stp=dst-jpg_p75x225&_nc_cat=110&ccb=1-7&_nc_sid=0cb389&_nc_ohc=INSSnKPZ1cYAX-fb6lY&_nc_ht=scontent.flis6-1.fna&oh=00_AfBizZEQQfhZUMlb4K4zyGjLSVfusqzPJdwNMI-PscnSFA&oe=63BC5068
2019-12-24-ays-daily-digest-23-12-2019-people-holding-humanitarian-protection-to-be-left-without-d28b248f580e.md,https://scontent.flis6-1.fna.fbcdn.net/v/t1.6435-9/81619370_1457173057764906_3778822152413773824_n.png?stp=dst-png_p173x172&_nc_cat=102&ccb=1-7&_nc_sid=0cb389&_nc_ohc=zNm7KSyb1TUAX-JDT9I&_nc_ht=scontent.flis6-1.fna&oh=00_AfCVCoYUisPBsyimp66qWGQH-s_aqn5VAzqckcaay87ntg&oe=63BC5096
2019-12-31-ays-daily-digest-30-12-19-the-adoption-of-the-convention-of-the-rights-of-the-child-in-sweden-7d57f10df5e0.md,https://scontent.flis6-1.fna.fbcdn.net/v/t15.5256-10/75340520_1567211136770710_4229573996556845056_n.jpg?_nc_cat=108&ccb=1-7&_nc_sid=776239&_nc_ohc=_dAInDHzNKMAX8L5qez&_nc_ht=scontent.flis6-1.fna&oh=00_AfDr3hQFTfx6zWgACVFdpa6sXOqo6qbiskmlyn_cAJJALw&oe=639A9736
2020-01-01-ays-special-2019-2020-on-trial-for-saving-lives-criminalization-of-solidarity-d569fdffe50a.md,https://scontent.flis6-1.fna.fbcdn.net/v/t15.5256-10/54601893_1829404613828074_7720952640892305408_n.jpg?_nc_cat=105&ccb=1-7&_nc_sid=776239&_nc_ohc=sc4LSTgSllAAX8qczFj&_nc_ht=scontent.flis6-1.fna&oh=00_AfAsyBIkg2I38ZQL3mQLTbOK2QCB3AHQqsc2Ekkt5upQPA&oe=6398E509
2020-01-01-ays-special-updates-from-baghdad-4-93342eb4345b.md,https://scontent.flis6-1.fna.fbcdn.net/v/t15.5256-10/73427370_590222791753005_890486233883475968_n.jpg?_nc_cat=101&ccb=1-7&_nc_sid=776239&_nc_ohc=cd2efR0IMY4AX8dx8bW&_nc_ht=scontent.flis6-1.fna&oh=00_AfD-leu0JQGOoPvfKqSCBoWDBkpK47XkRPndG_AxNLa3lA&oe=639A4581
2020-01-04-ays-daily-digest-3-1-20-mortars-fall-on-unhcr-safe-haven-in-tripoli-30a22ce0982c.md,https://scontent.flis6-1.fna.fbcdn.net/v/t15.5256-10/75559331_169728384240562_6883408776649506816_n.jpg?_nc_cat=101&ccb=1-7&_nc_sid=776239&_nc_ohc=n1lnkT0EtqEAX8kne6N&_nc_oc=AQlqCBmIQbK8lipBd1Qiae6Qm_x-PcVzVwvGTQ_o1H5jDWU9XuQHFZnfcMBX-c7T5ok&_nc_ht=scontent.flis6-1.fna&oh=00_AfB7tJwz4dKwCLjkKoeXxZJ4XPQTrcAFBILacJVgO28yGg&oe=639A29DD
2020-01-13-ays-weekend-digest-11-12-01-2020-cpr-italian-guantanamos-26130f58d399.md,https://scontent.flis6-1.fna.fbcdn.net/v/t15.5256-10/75271825_10221325851764593_375337097508159488_n.jpg?stp=dst-jpg_s320x320&_nc_cat=109&ccb=1-7&_nc_sid=c12c07&_nc_ohc=e1iExt1HIT0AX8SpgxX&_nc_ht=scontent.flis6-1.fna&oh=00_AfBEjSatEve_615kEh92mWn45m22fSdUr1etaw4vp8c3wQ&oe=639907CA
2020-01-16-ays-special-2019-2020-activists-voices-from-across-a642e29c45.md,https://scontent.flis6-1.fna.fbcdn.net/v/t15.5256-10/75559262_536090710318134_5077872501858500608_n.jpg?stp=dst-jpg_s320x320&_nc_cat=109&ccb=1-7&_nc_sid=c12c07&_nc_ohc=36Z-asGbAaYAX9YdXqB&_nc_ht=scontent.flis6-1.fna&oh=00_AfBD2khDiTAJvxH_CVO1xDAft63A4d2RkRuN1WiF3q9-Xw&oe=63991D6B
2020-01-16-ays-special-2019-2020-activists-voices-from-across-a642e29c45.md,https://steps.org.gr/wp-content/uploads/2020/09/75439529_2322613414622911_7005937081138544640_o.jpg
2020-01-28-ays-daily-digest-27-1-20-member-states-shall-not-hold-a-person-in-detention-for-the-sole-reason-413657a755d7.md,https://miro.medium.com/max/529/1*vh9mzJRRCdXwCvfJstAW4w.jpeg
2020-02-05-ays-daily-digest-4-2-20-an-estimated-2-9-805c72f10169.md,https://miro.medium.com/max/640/1*_pQAPwUQvjN2X-a8mH181Q.jpeg
2020-02-24-ays-weekend-digest-22-23-2-2020-fascist-patrol-the-streets-of-belgrade-32df1335f497.md,https://miro.medium.com/max/1080/1*NACynqADgKQDHACRO4_f9A.png
2020-02-29-28-02-20-ays-daily-digest-stuck-in-no-mans-land-bb74e2f913ee.md,https://scontent.flis6-1.fna.fbcdn.net/v/t1.6435-9/87593555_925761297822155_4176595201298530304_n.jpg?stp=dst-jpg_p75x225&_nc_cat=103&ccb=1-7&_nc_sid=0cb389&_nc_ohc=m5_qcP1tneAAX9k_K45&_nc_ht=scontent.flis6-1.fna&oh=00_AfCjiB8dN2SgGC8fvYL0PqQ3kpcjF2rITczUEVoRwNqzuQ&oe=63BC3CAF
2020-03-04-ays-daily-digest-3-3-20-deliberate-cruelty-as-official-policy-a2290587bd6c.md,https://scontent.flis6-1.fna.fbcdn.net/v/t1.6435-9/88248314_1525233894292155_5260385590913794048_n.jpg?stp=dst-jpg_s851x315&_nc_cat=106&ccb=1-7&_nc_sid=0cb389&_nc_ohc=kx6ui3bwdGAAX9SXo-y&_nc_ht=scontent.flis6-1.fna&oh=00_AfAYHEeDDG84JVecmhIjqXUMFWerdRRg7alIaTfQa2_fcw&oe=63BC31F4
2020-03-05-ays-daily-digest-05-3-20-greece-may-be-using-lethal-teargas-against-migrants-fd74bb29e3fd.md,https://scontent.flis6-1.fna.fbcdn.net/v/t1.6435-9/87528571_2621946614707347_3118543283672842240_n.jpg?stp=dst-jpg_p75x225&_nc_cat=109&ccb=1-7&_nc_sid=0cb389&_nc_ohc=ys-B52Dpr8QAX-AKHxt&_nc_ht=scontent.flis6-1.fna&oh=00_AfCDp-q0uoMn_KsX-UUF4HooBsgDRVtxUqEoJ-MUe5scJQ&oe=63BC3E7D
2020-03-11-ays-daily-digest-10-3-20-greece-what-happens-to-the-people-d8dfb774e0eb.md,https://scontent.flis6-1.fna.fbcdn.net/v/t15.5256-10/75288606_203857657374094_9220444617210593280_n.jpg?_nc_cat=108&ccb=1-7&_nc_sid=776239&_nc_ohc=wIiKDvjgAQEAX-Z9BGJ&_nc_ht=scontent.flis6-1.fna&oh=00_AfC3IEeleeY6-EEDPIE8NZOkoXF6e_7OcdUqi0PfL-1sCg&oe=639960EF
2020-03-20-ays-daily-digest-19-03-20-thousands-brace-for-impact-in-unprotected-camps-2af8c1ad34ed.md,https://scontent.flis6-1.fna.fbcdn.net/v/t15.5256-10/83894026_10157878556145813_6181401109467234304_n.jpg?stp=dst-jpg_s320x320&_nc_cat=106&ccb=1-7&_nc_sid=c12c07&_nc_ohc=lQxfgFV99DYAX-rXhX_&_nc_ht=scontent.flis6-1.fna&oh=00_AfCJF-odAuNH7_6CoMyssF4_m8QCsNiid2O8WKBMYguZ0g&oe=63998ABE
2020-03-30-ays-weekend-digest-28-29-3-2020-demands-from-a-pandemic-705c1e0a3b11.md,https://scontent.flis6-1.fna.fbcdn.net/v/t15.5256-10/83902575_217495039463896_1826044417211891712_n.jpg?_nc_cat=107&ccb=1-7&_nc_sid=776239&_nc_ohc=T1jPdtIK134AX-pqAfe&_nc_ht=scontent.flis6-1.fna&oh=00_AfCHhPR-D4Mo_ORn1Pfru1y4LySxNj8TBU1KNyKWRyhcxw&oe=6398C8E1
2020-04-04-ays-daily-digest-3-4-20-noone-is-taking-responsibility-2add07ad8bd1.md,https://scontent.flis6-1.fna.fbcdn.net/v/t15.5256-10/92047644_671555473657516_5817836293979111424_n.jpg?_nc_cat=106&ccb=1-7&_nc_sid=776239&_nc_ohc=TktDZ7R-wl8AX_wSjMX&_nc_ht=scontent.flis6-1.fna&oh=00_AfAcxn6Bpv0qCEK0VDVm-J9Rczme3_xd6m6qcasQ9o9SDQ&oe=639AB5E2
2020-04-06-ays-weekend-digest-4-5-4-2020-protests-in-german-reception-centres-fb632f5ad5f8.md,https://scontent.flis6-1.fna.fbcdn.net/v/t15.5256-10/83910918_2832051686870991_3183218043677310976_n.jpg?_nc_cat=106&ccb=1-7&_nc_sid=776239&_nc_ohc=NO2DNT7ST14AX9vYWwl&_nc_ht=scontent.flis6-1.fna&oh=00_AfB4AWlSQQgvzHECOK1eEHplifFDmRjDnHNQIdpafJBtzA&oe=639A00FE
2020-04-09-ays-daily-digest-08-04-20-will-working-restraints-now-be-lifted-so-that-refugees-can-save-the-ebaac9ac01a5.md,https://cyprus-mail.com/wp-content/uploads/2020/04/immigrands-04-scaled.jpg
2020-04-15-ays-14-04-2020-left-to-fend-for-themselves-europes-unspoken-migration-policy-f62721332594.md,https://scontent.flis6-1.fna.fbcdn.net/v/t15.5256-10/92888254_536200760664051_7805520946382503936_n.jpg?_nc_cat=101&ccb=1-7&_nc_sid=776239&_nc_ohc=ZjS7vwIMMDEAX9sXRGJ&_nc_ht=scontent.flis6-1.fna&oh=00_AfCTLN4SAjifPCxp_T1FwINNpo7mjzN4fAgar7i0u2OG3g&oe=6399D274
2020-04-15-ays-14-04-2020-left-to-fend-for-themselves-europes-unspoken-migration-policy-f62721332594.md,https://scontent.flis6-1.fna.fbcdn.net/v/t1.6435-9/93233204_126483742328027_6258147819949916160_n.jpg?stp=dst-jpg_p206x206&_nc_cat=109&ccb=1-7&_nc_sid=0cb389&_nc_ohc=DvqqW-m1bHsAX8_lge6&_nc_ht=scontent.flis6-1.fna&oh=00_AfDoH9KF9_ymZEpXanaTpcWlH51uwUs1drehetguZTp47A&oe=63BC321F
2020-04-20-ays-weekend-digest-18-19-4-20-vial-fire-latest-in-line-to-confirm-that-evacuation-to-safety-is-bfb4af7f176a.md,https://miro.medium.com/max/1156/1*gVk39Ypoh1kIZzc8Fs-fpg.jpeg
2020-04-21-ays-daily-digest-20-04-20-first-trial-on-crimes-against-humanity-against-former-members-of-d29b6d78b1ae.md,https://miro.medium.com/max/680/1*w0SkxR96i5b2Rh6oDC9T4Q.jpeg
2020-04-21-ays-daily-digest-20-04-20-first-trial-on-crimes-against-humanity-against-former-members-of-d29b6d78b1ae.md,https://www.refugeecouncil.org.uk/wp-content/uploads/2019/03/home_office_2_article_detail_small5c1d.jpg
2020-05-01-ays-daily-digest-30-04-20-maltese-government-official-admits-to-coordinating-pushbacks-6343a3a8c662.md,https://scontent.flis6-1.fna.fbcdn.net/v/t15.5256-10/95461267_640947126485903_6055811360879542272_n.jpg?_nc_cat=100&ccb=1-7&_nc_sid=776239&_nc_ohc=czI4e3eb3FcAX-9LAD_&_nc_ht=scontent.flis6-1.fna&oh=00_AfASHllxOsbBS8qo0fArlw6fgCdn2E0XK_Z0lCju4sqaGA&oe=639A9D0E
2020-05-07-ays-daily-digest-6-5-20-hungry-and-locked-up-in-the-western-balkans-as-the-eu-discusses-a8d5a8215a01.md,https://scontent.flis6-1.fna.fbcdn.net/v/t15.5256-10/94525528_935536770272635_7998399780092903424_n.jpg?stp=dst-jpg_s320x320&_nc_cat=108&ccb=1-7&_nc_sid=c12c07&_nc_ohc=VlRPQTYIZDAAX822Bil&_nc_ht=scontent.flis6-1.fna&oh=00_AfAMcjhNh_KyXkqzPmGh8FDN46iIPN3bwyjKNKw1HaXQkw&oe=639A8007
2020-05-30-ays-daily-digest-29-05-20-italy-considers-charges-over-maltas-treatment-of-refugees-4b4a1e5b5954.md,https://scontent.flis6-1.fna.fbcdn.net/v/t1.6435-9/100991405_147978790181780_3921934877942874112_n.jpg?stp=dst-jpg_s851x315&_nc_cat=108&ccb=1-7&_nc_sid=0cb389&_nc_ohc=WLJ4ZmUeWQAAX8rKNuR&_nc_ht=scontent.flis6-1.fna&oh=00_AfDsdsH2byg4uMKubq1GPjYhfuk2JFpx6vhlb96qT2wQMg&oe=63BC4078
2020-06-02-ays-daily-digest-01-06-20-11-000-people-in-greece-at-risk-to-lose-their-shelter-ab2a9ee0d95f.md,https://scontent.flis6-1.fna.fbcdn.net/v/t1.6435-9/101389101_957176028069327_6166604955722448896_n.jpg?stp=dst-jpg_p296x100&_nc_cat=101&ccb=1-7&_nc_sid=0cb389&_nc_ohc=MSAjzuqOidgAX-pEk1M&_nc_ht=scontent.flis6-1.fna&oh=00_AfA-fRx0p6_xOLJcHTcpgiMWWWrUu1xs8nthjwBbjoWBog&oe=63BC4860
2020-06-03-ays-daily-digest-2-6-20-offering-hypocrite-solidarity-while-people-in-our-midst-suffer-starve-a24cc60cbff0.md,https://miro.medium.com/max/610/1*_qMkf_tV4sV1qkC4kn6nuA.jpeg
2020-06-06-ays-daily-digest-5-6-20-will-the-dutch-take-responsibility-for-500-unaccompanied-minors-from-the-6da0265348ff.md,https://miro.medium.com/max/1200/1*R8dH062tlEcI7CU5uR5xmg.jpeg
2020-06-06-ays-special-from-france-under-lockdown-refugees-systematically-failed-by-authorities-78835a8de472.md,https://scontent.flis6-1.fna.fbcdn.net/v/t1.6435-9/96090853_3346741392217113_3308307548834103296_n.jpg?stp=dst-jpg_p75x225&_nc_cat=107&ccb=1-7&_nc_sid=0cb389&_nc_ohc=VrkSZuh07-wAX-rH7xm&_nc_ht=scontent.flis6-1.fna&oh=00_AfBfZC2759h2aTkTtCBbfBPdlG_mpIqMxrlhmK8tW_hPSg&oe=63BC521E
2020-06-08-ays-weekend-digest-06-07-06-2020-families-of-the-victims-find-shortcomings-in-the-inquiry-over-94e60bae71f.md,https://scontent.flis6-1.fna.fbcdn.net/v/t15.5256-10/102972966_560962027954158_7627645643362189233_n.jpg?_nc_cat=106&ccb=1-7&_nc_sid=776239&_nc_ohc=6Q2jyHlV5RAAX8cn7Tj&_nc_ht=scontent.flis6-1.fna&oh=00_AfCd9zv2-rJQaqQGYT6oh_BWuZt9ggg7qLMSGNJ9FiNWpg&oe=639A28FE
2020-06-12-ays-daily-digest-11-06-20-greek-governments-plans-to-evict-recognized-refugees-leads-to-chaos-a6f5f9370811.md,https://www.amnesty.org.uk/files/styles/social_share_image/s3/settings/amnesty_logo_0.jpg?VersionId=qA0vtal7uIyyFfzdjtm85CBfSTsi5Vt0&itok=V8GH6KNO
2020-06-19-ays-daily-digest-18-06-20-328-people-were-deported-back-to-libya-73636b6644e1.md,https://miro.medium.com/max/720/0*_9DZ16AeVqiTMkMb.jpeg
2020-06-19-ays-daily-digest-18-06-20-328-people-were-deported-back-to-libya-73636b6644e1.md,https://miro.medium.com/max/900/1*6OekVuXv4YHIDeEk1p-etw.jpeg
2020-07-02-ays-daily-digest-1-7-20-the-greek-asylum-system-exposes-people-to-abuse-and-exploitation-while-90f4902ee5a8.md,http://temas.publico.es/control-migracion-oscuro-negocio/wp-content/uploads/sites/72/2020/06/00-intro.jpg
2020-07-03-ays-daily-digest-02-07-2020-one-year-since-an-airstrike-hit-tajoura-detention-centre-in-libya-6080386f8fde.md,http://temas.publico.es/control-migracion-oscuro-negocio/wp-content/uploads/sites/72/2020/07/04-ruta-migrante.jpg
2020-07-16-ays-daily-digest-15-07-2020-spotted-ignored-and-left-for-dead-the-story-of-60-people-stranded-a7efdede827.md,https://scontent.flis6-1.fna.fbcdn.net/v/t1.6435-9/108479687_931673380640325_5631612961124229964_n.png?stp=dst-png_p173x172&_nc_cat=110&ccb=1-7&_nc_sid=0cb389&_nc_ohc=eXO2F8k_yBwAX_K5O_h&_nc_ht=scontent.flis6-1.fna&oh=00_AfA8xN2QH6Ffa57uF9-tU80tFKMbUd6hE224d0BfB_yLaQ&oe=63BC4FC1
2020-07-16-ays-daily-digest-15-07-2020-spotted-ignored-and-left-for-dead-the-story-of-60-people-stranded-a7efdede827.md,https://scontent.flis6-1.fna.fbcdn.net/v/t1.6435-9/109674914_3442782145754718_2971654671682916757_n.jpg?stp=dst-jpg_p206x206&_nc_cat=111&ccb=1-7&_nc_sid=0cb389&_nc_ohc=y1IDnqwbkSoAX_EMEbR&_nc_ht=scontent.flis6-1.fna&oh=00_AfBy8QWG7zrw_xEuwHZo8m6af4ZfVvyaE2rrBl3AJ3gE_A&oe=63BC4EAB
2020-07-22-ays-daily-digest-21-7-2020-germany-increasingly-uses-charter-flights-for-deportations-558ce42a5f2f.md,https://scontent.flis6-1.fna.fbcdn.net/v/t15.5256-10/115804907_2560105680966893_3707589289697873439_n.jpg?_nc_cat=100&ccb=1-7&_nc_sid=776239&_nc_ohc=uIUDVMsp7XcAX9SziLK&_nc_ht=scontent.flis6-1.fna&oh=00_AfBpmfyuGmiPOrE7cOQWd21Y-ubvXsS3t3hfeA0urdOh_A&oe=639A8BFA
2020-07-25-ays-daily-digest-24-7-20-six-years-in-inhuman-detention-and-now-finally-free-38f61195350e.md,https://scontent.flis6-1.fna.fbcdn.net/v/t1.6435-9/116066706_2675415482779193_2184834835042096683_n.jpg?stp=dst-jpg_s320x320&_nc_cat=103&ccb=1-7&_nc_sid=0cb389&_nc_ohc=_SkSRlx7rfIAX-H8PPa&_nc_ht=scontent.flis6-1.fna&oh=00_AfAXk1lBuQuHrih4FbM2rEox7F_RsAlGvzJCas3w285W-A&oe=63BC3501
2020-07-25-ays-daily-digest-24-7-20-six-years-in-inhuman-detention-and-now-finally-free-38f61195350e.md,https://scontent.flis6-1.fna.fbcdn.net/v/t1.6435-9/111395740_3069106616478497_8151563611359828766_n.jpg?stp=dst-jpg_p75x225&_nc_cat=103&ccb=1-7&_nc_sid=0cb389&_nc_ohc=uCJoMOPU6jAAX8yb_2N&_nc_ht=scontent.flis6-1.fna&oh=00_AfCjGUF8mulHuK4BO3doIsSoBZcp1nJq3h_G1iu2wH3c4w&oe=63BC42A6
2020-08-07-ays-daily-digest-6-8-20-new-testimony-of-frontex-involved-in-pushbacks-3fd986491188.md,https://scontent.flis6-1.fna.fbcdn.net/v/t1.6435-9/116886436_163696651909704_3263855581235663561_n.jpg?stp=dst-jpg_s851x315&_nc_cat=103&ccb=1-7&_nc_sid=0cb389&_nc_ohc=QjDzY237O5kAX_ofWg2&_nc_ht=scontent.flis6-1.fna&oh=00_AfCu6nJ57cFbJQ8dd_xenaidWJZxyGEK-DFJQv3wbo-jiA&oe=63BC03A0
2020-08-07-ays-daily-digest-6-8-20-new-testimony-of-frontex-involved-in-pushbacks-3fd986491188.md,https://scontent.flis6-1.fna.fbcdn.net/v/t1.6435-9/117032579_890916258098146_8166414288204586953_n.jpg?stp=dst-jpg_p160x160&_nc_cat=109&ccb=1-7&_nc_sid=0cb389&_nc_ohc=mxfSAMEHtPsAX8Yglvu&_nc_ht=scontent.flis6-1.fna&oh=00_AfDD8_xfCr7Ev76NVaK_ee1Rh-NqtA8dHS0oL0OWhO44Aw&oe=63BC1221
2020-08-07-ays-daily-digest-6-8-20-new-testimony-of-frontex-involved-in-pushbacks-3fd986491188.md,https://scontent.flis6-1.fna.fbcdn.net/v/t15.5256-10/117314503_324575238594070_5383915223956418447_n.jpg?_nc_cat=106&ccb=1-7&_nc_sid=776239&_nc_ohc=NmWphhzCS6gAX-mIfSp&_nc_ht=scontent.flis6-1.fna&oh=00_AfBO9S4tfrgWU6uEX7PHWqxmx9-90RubZo0xs4BQM4bPVw&oe=63992044
2020-08-08-ays-daily-digest-7-8-20-as-informal-networks-keep-others-alive-the-official-policies-oppose-5790897a6922.md,https://miro.medium.com/max/1200/1*9oGDd1LLssg-cxjV26lcpw.jpeg
2020-08-19-ays-daily-digest-18-08-20-why-women-are-hit-even-harder-by-the-lockdown-3c85c782fd7a.md,https://scontent.flis6-1.fna.fbcdn.net/v/t15.5256-10/118036414_3398309013561166_9009077708593198678_n.jpg?_nc_cat=106&ccb=1-7&_nc_sid=776239&_nc_ohc=OoFG-jb-8oEAX8nff3j&_nc_ht=scontent.flis6-1.fna&oh=00_AfD9jCOHW943wDAVaeqh1fFMlFsPEZ8tTc4gXboJXn9xbA&oe=63998D16
2020-08-27-ays-daily-digest-26-08-2020-suicide-attempts-in-infamous-removal-centre-in-uk-b9b4bb91ca46.md,https://www.refworld.org/img/apple-touch-icon.png
2020-08-29-ays-daily-digest-28-8-20-malta-punishing-boats-for-rescuing-refugees-74a60d90d7a.md,https://scontent.flis6-1.fna.fbcdn.net/v/t1.6435-9/118587740_171423004486878_8132944248585769127_n.png?stp=dst-png_s320x320&_nc_cat=110&ccb=1-7&_nc_sid=0cb389&_nc_ohc=8H3VuWV9niIAX8hm9RD&_nc_ht=scontent.flis6-1.fna&oh=00_AfDONFNCCdx6M_SQ3srSLZsdGb-PerRH5OxaccYEkLaHBA&oe=63BC0DDC
2020-08-29-ays-daily-digest-28-8-20-malta-punishing-boats-for-rescuing-refugees-74a60d90d7a.md,https://www.avvenire.it/c/2020/PublishingImages/ed0d6419396541938f3fd7dc16ef431b/lamp884.jpg
2020-08-31-ays-weekend-digest-29-30-8-20-the-capital-of-the-mediterranean-steps-up-and-opens-its-port-to-a81db4a141bd.md,https://scontent.flis6-1.fna.fbcdn.net/v/t15.5256-10/118638029_743141572919348_8711590342386264651_n.jpg?_nc_cat=105&ccb=1-7&_nc_sid=776239&_nc_ohc=YNSca-bEVMMAX9GKsDD&_nc_ht=scontent.flis6-1.fna&oh=00_AfDjKiqpPqqoUhPSrsS6MDxFB2Jku9NmgCBKhDoZpSA2MA&oe=639925A8
2020-08-31-ays-weekend-digest-29-30-8-20-the-capital-of-the-mediterranean-steps-up-and-opens-its-port-to-a81db4a141bd.md,https://scontent.flis6-1.fna.fbcdn.net/v/t15.5256-10/118701837_3334079289980882_473445519314947850_n.jpg?_nc_cat=111&ccb=1-7&_nc_sid=776239&_nc_ohc=08aMA32xgecAX9eZWyQ&_nc_ht=scontent.flis6-1.fna&oh=00_AfC9FgfeBOXROo_8tCKUw0cmF64xgj_bvf6TYSl6wFbv0g&oe=639932C2
2020-08-31-ays-weekend-digest-29-30-8-20-the-capital-of-the-mediterranean-steps-up-and-opens-its-port-to-a81db4a141bd.md,https://scontent.flis6-1.fna.fbcdn.net/v/t15.5256-10/118404873_718184995579029_7999859343596275961_n.jpg?_nc_cat=111&ccb=1-7&_nc_sid=776239&_nc_ohc=wqZyd5xHlt4AX8Yih4g&_nc_ht=scontent.flis6-1.fna&oh=00_AfBuMXv-Z8KVnPvDqZ3sGVV4TpYs6o2Nd4fCgmKx5FiaZw&oe=639A79C8
2020-09-02-ays-daily-digest-1-9-20-freedom-for-hamza-and-mohamed-374e904fafd9.md,https://scontent.flis6-1.fna.fbcdn.net/v/t15.5256-10/117976326_741428496413595_4322068949913450323_n.jpg?_nc_cat=101&ccb=1-7&_nc_sid=776239&_nc_ohc=SWzHvTAWbPQAX_PsoSo&_nc_ht=scontent.flis6-1.fna&oh=00_AfBTqQMk28LPndv_fg-mTojTzzNtIOI04gKy6nY5yp_Bpw&oe=639A0F94
2020-09-03-ays-daily-digest-02-09-2020-coronavirus-reaches-moria-c9cad5e9abf1.md,https://i0.wp.com/www.middleeastmonitor.com/wp-content/uploads/2020/09/GettyImages-1017202006.jpg?resize=1200%2C800&quality=85&strip=all&zoom=1&ssl=1
2020-09-07-ays-weekend-digest-05-06-9-20-the-mare-liberum-must-not-be-silenced-9d7afa9ac927.md,https://scontent.flis6-1.fna.fbcdn.net/v/t1.6435-9/118953240_1066067907124826_888529111281792207_n.jpg?stp=dst-jpg_p206x206&_nc_cat=100&ccb=1-7&_nc_sid=0cb389&_nc_ohc=qMrIN03MkWgAX8N8AeU&_nc_ht=scontent.flis6-1.fna&oh=00_AfAPcljQaYLOp3wPeM2RiO2VUimRlMGBkhQdTU8rEcujtQ&oe=63BC15B9
2020-09-07-ays-weekend-digest-05-06-9-20-the-mare-liberum-must-not-be-silenced-9d7afa9ac927.md,https://i2.wp.com/irishbroadleft.com/wp-content/uploads/2020/09/UNICEF.jpg?fit=1170%2C530&ssl=1
2020-09-08-ays-daily-digest-7-9-20-applying-political-pressure-on-our-decision-makers-is-critical-10bcf4735d10.md,https://scontent.flis6-1.fna.fbcdn.net/v/t1.6435-9/118970505_3328231540595149_3443414363599320233_n.png?stp=dst-png_p206x206&_nc_cat=111&ccb=1-7&_nc_sid=0cb389&_nc_ohc=97aMptmsG_QAX_AmHCE&_nc_ht=scontent.flis6-1.fna&oh=00_AfAHhf4YNwnAKtgTQvlRaWHRNieOHkqRH1IqJW5FNH7amQ&oe=63BC0EE8
2020-09-15-ays-daily-digest-14-9-20-too-little-and-too-late-the-eus-reaction-to-disasters-8fd269bc17b0.md,https://scontent.flis6-1.fna.fbcdn.net/v/t1.6435-9/119503223_920479825141789_2541972420456267159_n.jpg?stp=dst-jpg_p206x206&_nc_cat=107&ccb=1-7&_nc_sid=0cb389&_nc_ohc=ADeuZ-GwC2oAX8ORHox&_nc_ht=scontent.flis6-1.fna&oh=00_AfCXoiiHIMDmlC5LPncfHCUZZQzecQpJIxITw9eBZStrzg&oe=63BC1FE2
2020-09-22-ays-daily-digest-21-09-20-a-young-writers-memories-from-moria-d0b00f76ba24.md,https://miro.medium.com/max/939/1*s4BTl8TXqtcfsrLHNT0lIg.png
2020-09-22-ays-daily-digest-21-09-20-a-young-writers-memories-from-moria-d0b00f76ba24.md,https://www.nrc.no/image/102514/press_release_twitter_english.jpg?width=1200&height=600
2020-10-21-ays-daily-digest-21-10-2020-updates-from-canary-islands-children-are-being-seperated-from-their-2b7042c8e990.md,https://www.mitarakis.gr/images/notis/82F77AEC-58E3-4CFE-AC0F-157CC0C3CE12_1_201_a.jpeg
2020-10-31-ays-daily-digest-30-10-20-women-attempt-suicide-in-amygdaleza-detention-center-18551804583.md,https://miro.medium.com/max/1031/1*KkIaH-DdH7VsM5sMki_mkA.jpeg
2020-11-04-ays-daily-digest-03-11-2020-greece-enforced-new-pandemic-restrictions-71d398d72f67.md,https://i.la-croix.com/1400x933/smart/2020/10/28/1201121749/Pierre-Alain-Mannoni-sortie-tribunal-Nicede-proces-2016_0.jpg
2020-11-09-ays-weekend-digest-7-8-11-2020-no-rights-and-no-criteria-for-tunisian-people-in-italy-ee310705b701.md,https://scontent.flis6-1.fna.fbcdn.net/v/t15.5256-10/121855968_385941932759492_2744357065800175272_n.jpg?_nc_cat=102&ccb=1-7&_nc_sid=776239&_nc_ohc=6mpbBFS5FjUAX8WM9_G&_nc_ht=scontent.flis6-1.fna&oh=00_AfBNtvwnS_gI1o-yO6uWaJj3n0HSjfnEJmpwgklFiQTDQQ&oe=639A045E
2020-11-16-ays-weekend-digest-14-15-11-2020-3-years-in-libya-a-testimony-5981d69b818a.md,https://scontent.flis6-1.fna.fbcdn.net/v/t15.5256-10/125469857_758391421426531_9107516952912556337_n.jpg?_nc_cat=105&ccb=1-7&_nc_sid=776239&_nc_ohc=phJqmhU2b_cAX_NMcEo&_nc_ht=scontent.flis6-1.fna&oh=00_AfAXvD7qc1o56c38dbSP1laizYz59uAV560dicfy9XYQhw&oe=6398EF44
2020-11-23-ays-weekend-digest-21-22-11-2020-protests-and-injustice-in-italian-cprs-4714c604173.md,https://scontent.flis6-1.fna.fbcdn.net/v/t15.5256-10/121909998_205205444345867_200620769206323529_n.jpg?_nc_cat=108&ccb=1-7&_nc_sid=776239&_nc_ohc=LiL-nD06PaEAX8Zhtfk&_nc_ht=scontent.flis6-1.fna&oh=00_AfCZIjMf4uTAkfrB7XZ_pTjha4Mb6DmErozqoCuW3Sa9Fw&oe=63996A9C
2020-12-03-ays-daily-digest-02-12-2020-david-vs-goliat-transparency-activists-vs-frontex-945bc62eab1f.md,https://media.euobserver.com/38ed4b6bd257cae96d25610b0ccc0a18-800x.jpg
2020-12-03-ays-daily-digest-02-12-2020-david-vs-goliat-transparency-activists-vs-frontex-945bc62eab1f.md,https://reporterre.net/local/cache-gd2/53/ac3d5507159c8a0b08fcd09e9fc421.jpg?1666951724
2020-12-03-ays-daily-digest-02-12-2020-david-vs-goliat-transparency-activists-vs-frontex-945bc62eab1f.md,https://www.lepoint.fr/images/2020/12/02/21055625lpw-21055620-article-jpg_7530616_1250x625.jpg
2020-12-18-ays-daily-digest-17-12-20-hungary-has-failed-to-fulfill-its-obligations-under-eu-law-eb014bc284f0.md,https://miro.medium.com/max/1017/1*F0OZeCmKQvbpF0JSkXxWpw.jpeg
2020-12-31-ays-special-worth-reading-2020-1fb658a48ca7.md,https://miro.medium.com/max/960/1*NpAtaXvAK6g6EN6CXasJfg.jpeg
2020-12-31-ays-special-worth-reading-2020-1fb658a48ca7.md,https://miro.medium.com/max/1024/1*7ceIdO6vYZZxl56mgClCNQ.jpeg
2021-01-21-ays-daily-digest-20-01-2021-what-is-life-actually-like-in-the-greek-hotspots-dc691aefb16.md,https://www.e-elgar.com/shop/media/catalog/product/9/7/9781839109331.jpg
2021-02-04-ays-daily-digest-03-02-2021-good-news-first-syrian-national-is-running-for-german-parliament-855655b58ca7.md,https://www.bmi.bund.de/SharedDocs/bilder/DE/nachrichten/2020/10/flug-aus-grc.jpg
2021-02-04-ays-daily-digest-03-02-2021-good-news-first-syrian-national-is-running-for-german-parliament-855655b58ca7.md,https://migrationpolicycentre.eu/wp-content/uploads/2021/04/MPC-sm-headerOG.png
2021-02-15-ays-weekend-digest-13-14-2-21-banks-close-accounts-and-options-for-many-people-under-139074142180.md,https://miro.medium.com/max/445/0*4fAm7kStQo7RXomZ.jpeg
2021-02-26-ays-daily-digest-25-2-21-two-court-cases-of-collective-chain-pushbacks-from-austria-to-2b6792add4c4.md,https://bellacaledonia.org.uk/wp-content/uploads/2021/02/2825078300000578-3061338-Investigation_Workers_told_Channel_4_s_Dispatches_that_they_live-a-144_1430337723707.jpg
2021-03-04-ays-daily-digest-03-03-2021-iuventa-crew-and-others-may-face-legal-charges-for-sar-work-d7f644f671e4.md,https://davidallengreen.com/wp-content/uploads/2021/03/20210303-Graph.png
2021-03-18-ays-daily-digest-17-3-21-serbia-the-number-of-total-decisions-on-asylum-lowest-in-the-past-four-3cc0cf399016.md,https://miro.medium.com/max/900/1*K5Fks1amcDrprvjoYt7iOg.jpeg
2021-03-20-ays-daily-digest-19-03-2021-how-many-more-deaths-at-sea-9966da42f48c.md,https://twitter.com/alarm_phone/status/1372486592523345928?ref_src=twsrc%5Etfw%7Ctwcamp%5Etweetembed%7Ctwterm%5E1372486592523345928%7Ctwgr%5E%7Ctwcon%5Es1_&ref_url=https%3A%2F%2Fcdn.embedly.com%2Fwidgets%2Fmedia.html%3Ftype%3Dtext2Fhtmlkey%3Da19fcc184b9711e1b4764040d3dc5c07schema%3Dtwitterurl%3Dhttps3A%2F%2Ftwitter.com%2Falarm_phone%2Fstatus%2F1372486592523345928image%3Dhttps3A%2F%2Fi.embed.ly%2F1%2Fimage3Furl3Dhttps253A252F252Fabs.twimg.com252Ferrors252Flogo46x38.png
2021-04-03-ays-daily-digest-02-04-2021-europe-dont-let-there-be-another-easter-tragedy-71c269ee30e3.md,https://assets.ozy.com/ozy-prod/2021/04/gettyimages-110839328-copy-1024x576.jpg?w=1200&h=630
2021-04-10-ays-daily-digest-09-04-2021-young-man-drowned-off-the-coast-of-melilla-99962ea8f51e.md,https://www.borderviolence.eu/wp-content/uploads/PUSHBACKS-COMIC-.jpg
2021-04-22-ays-daily-digest-21-4-21-denmarks-migration-minister-under-pressure-23b24aa45392.md,https://scontent.flis6-1.fna.fbcdn.net/v/t1.6435-9/175981615_4269419559757635_6409110336741925372_n.jpg?stp=dst-jpg_p228x119&_nc_cat=109&ccb=1-7&_nc_sid=0cb389&_nc_ohc=RlV_53pet4kAX-t4QPM&_nc_ht=scontent.flis6-1.fna&oh=00_AfAWfnYOPaGQo6W8Y3n5sFfGc6XqlND6y-Aa5yqXMgp21A&oe=63BBE8A7
2021-04-29-ays-daily-digest-28-4-21-italian-ministry-punishing-those-who-wish-to-rise-from-invisibility-ed5c53e58b6d.md,https://media.euobserver.com/599688e1fd8f1c4dcdb86be08c5e57ae-800x.jpg
2021-05-01-ays-daily-digest-30-04-21-italian-navy-rescues-people-at-sea-finally-b6ed9ea99453.md,https://theintercept.imgix.net/wp-uploads/sites/1/2021/04/AP20335155527268-feature.jpg?auto=compress%2Cformat&q=90&fit=crop&w=1200&h=800
2021-05-21-ays-daily-digest-20-05-2021-progress-made-on-human-rights-in-eu-migration-deals-8cd8c504422c.md,https://mlxqeroufcma.i.optimole.com/5N5ig-4-kuLwZn50/w:auto/h:auto/q:mauto/https://opc.center/wp-content/uploads/2021/05/cover_damas_arabic.png
2021-05-22-ays-daily-digest-21-5-21-if-the-eu-continues-to-tilt-in-this-direction-then-we-can-write-off-the-aacf503e4e7d.md,https://miro.medium.com/max/960/0*nnT6Ce8lJVjH-K64.jpeg
2021-05-28-ays-daily-digest-27-05-2021-appeal-trial-begins-for-brian%C3%A7on-7-solidarity-activists-convicted-1ff0cd1b9145.md,https://socialeurope.eu/wp-content/uploads/2021/05/SE-12.jpg
2021-06-21-ays-weekend-digest-19-20-06-2021-rape-and-sexual-violence-in-eu-supported-detention-centres-in-ae10acb65034.md,https://www.adnkronos.com/resources/026a-12904bb68975-aa5b4d2692fb-1000/lampedusa_sbarco_immigranti_2506_adn.jpg
2021-06-30-ays-daily-digest-29-6-21-the-real-questions-after-the-vial-15-trial-a220a9074231.md,https://miro.medium.com/max/1200/1*Erwd33DRj-d_gK37uA9ceg.jpeg
2021-07-03-ays-daily-digest-02-07-21-children-in-greece-struggle-to-visit-schools-4670c8dccb34.md,https://scontent.flis6-1.fna.fbcdn.net/v/t15.5256-10/197210577_508984100373591_1452042862934636571_n.jpg?_nc_cat=111&ccb=1-7&_nc_sid=776239&_nc_ohc=SM0egUrJw9IAX8bHood&_nc_ht=scontent.flis6-1.fna&oh=00_AfADv8oTIupIl40Ur7Sai5ExdYFlr6-S08ccPu7PjVH2BQ&oe=6399A23A
2021-07-20-ays-daily-digest-19-07-21-in-blow-to-solidarity-efforts-human-smuggling-case-opened-on-lesvos-c0ae54b4deb1.md,https://media.euobserver.com/c050e2b09e4fbf0492acece7f3fec65f-800x.jpg
2021-07-28-ays-daily-digest-27-7-21-a-shocking-complaint-of-an-asylum-seeker-mistreated-upon-arrival-to-46e6d5c7bda8.md,https://www.rosa.gr/wp-content/uploads/2022/05/default_post_main_image.jpg
2021-07-28-ays-daily-digest-27-7-21-a-shocking-complaint-of-an-asylum-seeker-mistreated-upon-arrival-to-46e6d5c7bda8.md,https://media.euobserver.com/6b28648e68e066af3d0663786fecea44-800x.jpg
2021-08-03-ays-daily-digest-2-8-21-european-court-for-human-rights-decides-against-austrias-deportation-to-117acc7bd16c.md,https://minorityrights.org/wp-content/uploads/2015/06/europe.jpg
2021-08-05-ays-daily-digest-04-07-21-the-standoff-in-the-central-mediterranean-over-search-and-rescue-881ff264871f.md,https://i0.wp.com/www.middleeastmonitor.com/wp-content/uploads/2021/08/20210728_2_49369305_67395416-scaled-e1628001979816.jpg?resize=1200%2C800&quality=85&strip=all&zoom=1&ssl=1
2021-08-23-ays-weekend-digest-21-22-8-21-the-crisis-of-solidarity-at-the-polish-belarusian-border-9f8670aaf441.md,https://miro.medium.com/max/1200/1*68FlfWyoVvuC78aAQELxaA.jpeg
2021-08-30-ays-weekend-digest-28-29-8-21-port-authorities-order-media-to-remove-a-video-showing-refugees-3deaa77162ef.md,https://miro.medium.com/max/1080/1*A-nVyqGWPs6irEMNVfbirA.jpeg
2021-09-08-ays-daily-digest-7-9-21-polish-activists-organize-against-pushbacks-45a48716442a.md,https://freemovement.org.uk/wp-content/uploads/2016/10/32650447_passports-news-xlarge_transCceMXJtaZGMG8GkK7K3ZQuwU8Y9PIxO8gVp6bqQ8kaA.jpg
2021-09-09-ays-daily-digest-08-09-2021-amid-the-humanitarian-crisis-in-afghanistan-europe-makes-sure-2015-a149c7b077d6.md,https://media.euobserver.com/14951a1e02d45a3c801f91217cc36eba-800x.jpg
2021-09-22-ays-daily-digest-21-09-21-we-wish-foucault-were-here-the-new-surveillance-state-in-greek-camps-dbae650584d0.md,https://scontent.flis6-1.fna.fbcdn.net/v/t15.5256-10/242231657_4520087614678864_2133251190694282105_n.jpg?_nc_cat=103&ccb=1-7&_nc_sid=776239&_nc_ohc=VISiicRjccwAX8A_EvR&_nc_ht=scontent.flis6-1.fna&oh=00_AfACt7EGkTTpjHisx52bHddBdEsFEmzhFjEDyXNmm-YRAg&oe=63991F6D
2021-10-09-ays-digest-08-10-21-six-shot-dead-in-tripoli-detention-centre-7154dd1a6d85.md,https://media.euobserver.com/18e7c0190d5400264c4a21d6fb167c06-800x.jpg
2021-10-12-ays-daily-digest-11-10-2021-people-stuck-in-libya-still-seek-protection-at-unhcr-center-d8c883a329e1.md,https://oup.silverchair-cdn.com/oup/backfile/Content_public/Journal/ips/Issue/15/4/1/m_cover.jpeg?Expires=1732912163&Signature=4IUJlUzjPMErWi3183qrZG9IN3eKHOvUXVhVOIx4zEYUxPczhXyOXUwwZcHaiy2QcjcVMuHS-Nbzq~W6d85wzppuE-v7SQfdvgI~JQId-RwmG5nzbbKd0~dUL07ceDC-1Nctl6MxRjpEyhOa-hvrOLgpIACPVaSxIqwxYi2RvmdN2bfjtOvd4AxFxe7Fd67Ii6FMSo5iRgkrsvdVz9IE37KEZCKTTrWxqTG9hb6VhpeIWD-ia54RgQfgd0rI2QxTpq3lM8FreTMKMsDCQV2Iy17sdvuRCp5zcKJY-6ohpjvdLImsuGf88fLgXyLiJiLY6JZgPjyjL-bExLHdL7kMaA__&Key-Pair-Id=APKAIE5G5CRDK6RD3PGA
2021-10-14-ays-news-digest-13-10-21-uk-implicit-in-the-abandon-to-torture-report-says-76f00f66c82e.md,https://www.eu-opengovernment.eu/wp-content/uploads/2021/10/JK-headshot.jpg
2021-10-16-ays-news-digest-15-10-21-poland-legalizes-pushbacks-ffd6e8406ab8.md,https://blogs.prio.org/wp-content/uploads/2021/10/denmark-g61d686c89_1280.png
2021-10-21-ays-news-digest-20-10-21-more-heat-in-the-eu-calls-for-infringement-procedures-and-court-cases-cc11e2f85a3b.md,https://media.euobserver.com/e026b39e464b1e84e2f5e83cedd0acdc-800x.jpg
2021-11-13-ays-news-digest-11-12-11-21-whats-new-on-the-belarusian-border-a-roundup-of-the-latest-news-68a2765a3e75.md,https://refugeelab.ca/wp-content/uploads/2020/08/cropped-a.RLL-Logo-BlackColour.png
2021-11-18-ays-news-digest-17-11-21-echr-serves-justice-for-little-madina-croatia-found-guilty-cbf8e70f6e84.md,https://miro.medium.com/max/1080/1*6fDcf-3b5yLZ_zMxL2_WTw.jpeg
2021-11-18-ays-news-digest-17-11-21-echr-serves-justice-for-little-madina-croatia-found-guilty-cbf8e70f6e84.md,https://miro.medium.com/max/940/1*Ud41dZB-alO2lLZaPQf8sw.png
2021-12-06-ays-weekend-digest-4-5-12-21-eu-putting-up-a-bizarre-show-while-suspending-their-own-laws-502bf7eb1d9.md,https://miro.medium.com/max/1200/1*Rw11oYHIfPJGB-G3g-9vsw.jpeg
2021-12-11-ays-news-digest-10-12-21-how-the-pushbacks-affect-real-lives-a-child-dies-in-a-border-river-ec7028264272.md,https://scontent.flis6-1.fna.fbcdn.net/v/t15.5256-10/261195755_280233630728971_5920287225645588026_n.jpg?_nc_cat=108&ccb=1-7&_nc_sid=776239&_nc_ohc=-VK70gIPzcAAX_SEynL&_nc_ht=scontent.flis6-1.fna&oh=00_AfCCWrxypY7FBHY-0YM29Jgdl4er17IFLSIs5OzEK2o7rQ&oe=63993F32
2021-12-14-ays-news-digest-13-12-21-4-years-after-the-infamous-cake-ex-danish-minister-jailed-b6fe414971b1.md,https://theintercept.imgix.net/wp-uploads/sites/1/2021/12/brinc-drone-the-intercept1.jpg?auto=compress%2Cformat&q=90&fit=crop&w=1200&h=800
2022-01-06-ays-special-from-europe-top-picks-from-2021-69911643f2a4.md,https://miro.medium.com/max/960/1*aDAzITWbrJ6FL3EG55KSTg.jpeg
2022-01-06-ays-special-from-europe-top-picks-from-2021-69911643f2a4.md,https://miro.medium.com/max/1181/1*S_1yrLvz_fnz0svF5EKhJw.jpeg
2022-01-06-ays-special-from-europe-top-picks-from-2021-69911643f2a4.md,https://miro.medium.com/max/1200/1*F5ja0npFAUfTu_-vRstalA.jpeg
2022-01-06-ays-special-from-europe-top-picks-from-2021-69911643f2a4.md,https://miro.medium.com/max/1200/1*58o3sWOlKqSv56rMLZQxkg.jpeg
2022-01-06-ays-special-from-europe-top-picks-from-2021-69911643f2a4.md,https://miro.medium.com/max/720/1*vD2Xl1ooUJIe1l4Y45zzZQ.jpeg
2022-01-06-ays-special-from-europe-top-picks-from-2021-69911643f2a4.md,https://miro.medium.com/max/960/1*FFPvd-51o7uVzwuek92Mgw.jpeg
2022-01-06-ays-special-from-europe-top-picks-from-2021-69911643f2a4.md,https://miro.medium.com/max/1200/1*W_xT85cisgfbFFouI3Aakg.jpeg
2022-01-06-ays-special-from-europe-top-picks-from-2021-69911643f2a4.md,https://miro.medium.com/max/800/1*MyObSx6hyc6P8TStAC_S-Q.jpeg
2022-01-06-ays-special-from-europe-top-picks-from-2021-69911643f2a4.md,https://miro.medium.com/max/466/1*ANqqxk7haA6cGM0rCCKe5Q.png
2022-01-06-ays-special-from-europe-top-picks-from-2021-69911643f2a4.md,https://miro.medium.com/max/770/1*FgMzsCfELI-YsapSowdKAw.jpeg
2022-01-22-ays-news-digest-21-01-21-polands-top-court-rules-media-ban-at-border-illegal-but-ban-will-likely-b80db3494938.md,https://newint.org/sites/default/files/styles/watermarked_social_media_image/public/p60_high%20%283%29_0.jpg?itok=84W4FQNV
2022-02-15-ays-news-digest-12-14-02-22-demonstration-in-poland-outside-pom-detention-facility-sees-arrests-2fc8f869e7b0.md,https://theintercept.imgix.net/wp-uploads/sites/1/2022/02/GettyImages-492975070-naked-fear-water-review-matt-aikins.jpg?auto=compress%2Cformat&q=90&fit=crop&w=1200&h=800
2022-02-22-ays-news-digest-21-2-22-a-minor-who-had-been-pushed-back-wins-appeal-in-austrian-court-704743af4ff9.md,https://socialeurope.eu/wp-content/uploads/2022/02/shutterstock_1880589040.jpg
2022-03-15-ays-news-digest-14-3-22-discrimination-of-the-stateless-people-fleeing-ukraine-indicative-of-the-afca05582e69.md,https://theintercept.imgix.net/wp-uploads/sites/1/2022/03/feature-putin-endgame-theintercept-1.jpg?auto=compress%2Cformat&q=90&fit=crop&w=1200&h=800
2022-03-15-ays-news-digest-14-3-22-discrimination-of-the-stateless-people-fleeing-ukraine-indicative-of-the-afca05582e69.md,https://esmt.berlin/sites/main/files/2022-03/Design%20ohne%20Titel%20%2816%29.png
2022-04-05-ays-news-digest-4-4-22-as-the-war-rages-so-does-the-racism-and-violent-discrimination-5f1e5d4c32f3.md,https://scontent.flis6-1.fna.fbcdn.net/v/t15.5256-10/261973102_994228851209936_2720355147633842530_n.jpg?stp=dst-jpg_s320x320&_nc_cat=100&ccb=1-7&_nc_sid=c12c07&_nc_ohc=dfPofsw0QWIAX9GAxxP&_nc_ht=scontent.flis6-1.fna&oh=00_AfDSVlQnMTDKdcVASi2w4m9AK6KbWxSwgBHf0AllFpu11A&oe=6398DC60
2022-04-21-ays-digest-20-4-2022-outsourcing-responsibility-of-refugees-and-asylum-seekers-a-deeply-flawed-1334d964017b.md,https://freethesamostwo.com/wp-content/uploads/2021/11/Hasan-and-N.-Illustration.jpg
2022-04-21-ays-digest-20-4-2022-outsourcing-responsibility-of-refugees-and-asylum-seekers-a-deeply-flawed-1334d964017b.md,https://media.euobserver.com/3ec8fae762e4fa5dc1b567e2def3dc01-800x.jpg
2022-05-10-ays-news-digest-9-5-22-eu-threatends-switzerland-on-frontex-as-the-regular-citizents-plant-ee04967c13ac.md,https://miro.medium.com/max/1200/1*GkycHF7p3qJPnHFV_B6iBw.jpeg
2022-05-10-ays-news-digest-9-5-22-eu-threatends-switzerland-on-frontex-as-the-regular-citizents-plant-ee04967c13ac.md,https://miro.medium.com/max/1200/1*0m9vjV2EKqN-4YnRPogO8Q.jpeg
2022-05-10-ays-news-digest-9-5-22-eu-threatends-switzerland-on-frontex-as-the-regular-citizents-plant-ee04967c13ac.md,https://miro.medium.com/max/750/1*oovy1wy73e0ZeLTfz5bMrQ.png
2022-05-11-ays-digest-11-5-22-2-500-asylum-seekers-and-refugees-being-held-in-prolonged-inhumane-detention-a882087ec876.md,https://i0.wp.com/www.middleeastmonitor.com/wp-content/uploads/2021/01/Nassima-20210129_2_46609867_62030723.jpg?resize=1200%2C800&quality=85&strip=all&zoom=1&ssl=1
2022-05-11-ays-digest-11-5-22-2-500-asylum-seekers-and-refugees-being-held-in-prolonged-inhumane-detention-a882087ec876.md,https://media.euobserver.com/b30559e64f733e1e15a11eb7652cf695-800x.jpg
2022-05-14-ays-news-digest-13-5-22-frontex-and-switzerland-after-many-reports-and-denouncing-its-the-66a987eb8990.md,https://scontent.flis6-1.fna.fbcdn.net/v/t15.5256-10/280429051_3145195455740547_5086893426259396207_n.jpg?_nc_cat=104&ccb=1-7&_nc_sid=776239&_nc_ohc=f8QVYxpPBQ0AX-25P_q&_nc_ht=scontent.flis6-1.fna&oh=00_AfAfmZ2nFEi-e5Iftde0BxpZUYCioiIycSjYqaEZwUdcbQ&oe=63990539
2022-05-14-ays-news-digest-13-5-22-frontex-and-switzerland-after-many-reports-and-denouncing-its-the-66a987eb8990.md,https://www.accessnow.org/cms/assets/uploads/2021/04/Artificial-intelligence-post-header.png
2022-05-23-ays-news-digest-20-5-22-greece-dysfunctional-democracy-and-asylum-system-b5a59a90cfed.md,https://assets.thenewhumanitarian.org/s3fs-public/styles/responsive_large/public/fas1e6_lede.jpg?itok=8aszJ3tU
2022-06-09-ays-news-digest-8-6-22-austrian-supreme-court-confirms-police-carried-out-an-illegal-pushback-6a9392f541a1.md,https://miro.medium.com/max/960/1*G5o-oZWdDWkXbfvzBJ_JJQ.jpeg
2022-06-22-ays-new-digest-22-6-2022-dropthecharges-the-trial-of-m-m-has-been-further-postponed-91c959d5f69d.md,https://wearesolomon.com/wp-content/uploads/2022/06/Facing-10-years-in-prison-for-an-act-of-desperation.png
2022-06-27-ays-news-digest-27-6-2022-uk-government-hides-exact-numbers-of-asylum-seeker-deaths-in-home-office-7044fd222609.md,https://api.multimedia.europarl.europa.eu/o/epmp-backend-theme/images/epmp/media-default-thumbnail-url-ws.jpg
2022-06-27-ays-news-digest-27-6-2022-uk-government-hides-exact-numbers-of-asylum-seeker-deaths-in-home-office-7044fd222609.md,https://presidence-francaise.consilium.europa.eu/media/pe4gzlyw/salle-du-conseil.jpg
2022-07-02-ays-news-digest-7-7-22-european-court-decided-no-right-to-detain-people-just-because-they-entered-393daca19934.md,https://i0.wp.com/altreconomia.it/app/uploads/2022/06/Schermata-2022-06-29-alle-09.44.51.png?w=619&ssl=1
2022-07-03-ays-special-from-greece-human-rights-defenders-targets-of-defamation-and-media-smear-campaigns-2db92bc6c791.md,https://miro.medium.com/max/1200/1*jC5-JvE3quOhV6Py8rM-2w.jpeg
2022-07-09-ays-news-digest-8-7-22-historic-echr-ruling-slams-greece-over-refugee-treatment-46b61b217bc0.md,http://reporting.unhcr.org/sites/default/files/styles/large/public/pdfpreview/6047-South%20East%20Turkiye%20-%20Provincial%20breakdown%20of%20registered%20Syrian%20refugees%20-%20June%202022.png?itok=9kW7wr5J
2022-07-12-ays-daily-digest-12-07-22-people-seeking-asylum-in-greece-murdered-by-governmental-neglect-73e4ceb5b556.md,https://miro.medium.com/max/1200/1*qfcQhYXduP-Mit7DG0DrNA.jpeg
2022-08-21-ays-news-digest-20-8-22-violent-of-eviction-of-eleonas-camp-begins-in-athens-9db56d106a4a.md,https://www.tortoisemedia.com/wp-content/uploads/sites/3/2022/08/Hostile-Environment-tile.jpg
2022-09-06-ays-new-digest-6-09-2022-a-shaved-cross-on-the-heads-of-people-on-the-move-border-humiliations-do-b45e72a16933.md,https://miro.medium.com/max/800/0*dMjH7dRoUe1KYIJ6.jpg
2022-09-06-ays-new-digest-6-09-2022-a-shaved-cross-on-the-heads-of-people-on-the-move-border-humiliations-do-b45e72a16933.md,https://miro.medium.com/max/1104/1*_1dvRnZlqx99trmLlBDv1g.jpeg
2022-09-12-ays-news-digest-10-09-22-joint-statement-from-ngos-to-eu-member-states-in-opposition-to-the-96946c11fc8a.md,https://www.investigate-europe.eu/wp-content/uploads/2022/09/austrian-border-spielfeld-cc.jpg
2022-09-13-ays-news-digest-12-9-22-6-syrians-found-dead-on-a-boat-that-arrived-at-the-port-of-pozzallo-b59d309b915.md,https://www.caritas.eu/wordpress/wp-content/uploads/2022/09/No-Instrumentalisation-1024x683.jpeg
2022-09-29-ays-new-digest-29-09-22-belgium-forcibly-deported-a-young-iranian-woman-27a404b32ff7.md,https://bx1.be/wp-content/uploads/2022/09/expulsion.png
2022-09-29-ays-new-digest-29-09-22-belgium-forcibly-deported-a-young-iranian-woman-27a404b32ff7.md,https://miro.medium.com/max/767/1*r1CUCWrmrbwYfmag79nl-w.png
2022-10-01-ays-news-digest-01-10-22-how-do-we-talk-about-people-on-the-move-4aebc977ddfd.md,https://www.refugeecouncil.org.uk/wp-content/uploads/2019/03/Case-study-children-trafficked-20190319.jpg
2022-10-01-ays-news-digest-01-10-22-how-do-we-talk-about-people-on-the-move-4aebc977ddfd.md,https://www.mdpi.com/ijerph/ijerph-19-10233/article_deploy/html/images/ijerph-19-10233-g001-550.jpg
2022-10-15-ays-news-digest-15-10-22-frontex-covered-up-human-rights-violations-and-illegal-refoulements-7d5891322b25.md,https://miro.medium.com/max/1022/1*Oow-1diGDNzdZAYKuGXs0w.png
2022-10-18-ays-news-digest-18-10-22-ninety-two-men-found-stripped-naked-on-the-evros-border-68537dea2b69.md,https://www.lawfareblog.com/sites/default/files/27122619650_31f7cb321b_o.jpg
2022-10-29-ays-news-digest-28-10-22-people-handcuffed-and-injured-in-lesvos-53016c7274af.md,https://m.smedata.sk/api-media/media/image/spectator/1/81/8165221/8165221_1200x.jpg?rev=3
2022-10-29-ays-news-digest-28-10-22-people-handcuffed-and-injured-in-lesvos-53016c7274af.md,https://images.thefirstnews.com/1000x667/aseryvtyaqzmerkudzjfr.jpeg
2022-11-02-ays-news-digest-01-11-2022-limbo-at-sea-as-safe-ports-refused-by-italy-and-malta-unacceptable-9b06c8812614.md,https://scontent-iad3-1.xx.fbcdn.net/v/t15.5256-10/312157942_5495881517195805_944150264759104304_n.jpg?_nc_cat=111&ccb=1-7&_nc_sid=b0ccae&_nc_ohc=R7oqqLmiUT8AX9XdCuO&_nc_ht=scontent-iad3-1.xx&oh=00_AfCoBDifKdCEcStYQeZOw-eAttLNYXe5s9YRd4Udq8Vw9g&oe=6378C9F1
2022-11-02-ays-news-digest-01-11-2022-limbo-at-sea-as-safe-ports-refused-by-italy-and-malta-unacceptable-9b06c8812614.md,https://scontent.flis6-1.fna.fbcdn.net/v/t15.5256-10/312157942_5495881517195805_944150264759104304_n.jpg?_nc_cat=111&ccb=1-7&_nc_sid=b0ccae&_nc_ohc=bRTAkPbuC4gAX-B1Kve&_nc_ht=scontent.flis6-1.fna&oh=00_AfCMeLxVPlKK6qg-FYXcP4A3lGw072vxDu_wY-Us4sJdug&oe=639A6831
2022-11-02-ays-news-digest-01-11-2022-limbo-at-sea-as-safe-ports-refused-by-italy-and-malta-unacceptable-9b06c8812614.md,https://img.noordhollandsdagblad.nl/O_8QkpZ01JriAieknTLTNmEn88s=/0x0/smart/https://cdn-kiosk-api.telegraaf.nl/333142fe-56d3-11ed-8182-0255c322e81b.jpg
2022-11-02-ays-news-digest-01-11-2022-limbo-at-sea-as-safe-ports-refused-by-italy-and-malta-unacceptable-9b06c8812614.md,https://miro.medium.com/max/1200/1*T64kaQJKXhALIUlGct1ehg.jpeg
2022-11-03-ays-news-digest-2-11-22-suspicions-lie-behind-the-management-of-immigration-in-the-uk-e728e92a9e88.md,https://california18.com/wp-content/uploads/2022/11/In-Sweden-the-fight-against-immigration-is-at-the-heart-jpg.webp
2022-11-09-ays-7-11-22-selective-disembarkation-in-italy-forces-some-rescued-people-back-on-board-5c38c740f6ff.md,https://mediterranearescue.org/wp-content/uploads/2022/11/Fg56OrRXkAIlghQ.jpg
